subject,stimulus_id,stimuli,choices,confidence
0,1,0.6666666666666666,1,0.1419999999999999
0,1,0.3333333333333333,1,0.3879999999999999
0,1,0.6666666666666666,1,0.1240000000000001
0,0,-0.6666666666666666,1,0.4039999999999999
0,0,-0.3333333333333333,1,0.242
0,0,-0.3333333333333333,0,0.1879999999999999
0,1,0.6666666666666666,1,0.25
0,0,-1.0,0,0.5920000000000001
0,0,-0.3333333333333333,0,0.246
0,0,-0.6666666666666666,0,0.298
0,1,0.3333333333333333,0,0.4340000000000001
0,1,1.0,1,0.8660000000000001
0,1,1.0,1,0.8420000000000001
0,1,0.3333333333333333,1,0.1779999999999999
0,0,-0.3333333333333333,0,0.268
0,1,0.6666666666666666,1,0.3819999999999999
0,1,0.6666666666666666,1,0.4499999999999999
0,0,-1.0,0,0.5780000000000001
0,0,-0.3333333333333333,1,1.0
0,0,-0.6666666666666666,0,0.784
0,1,0.6666666666666666,1,0.694
0,1,0.3333333333333333,1,0.002
0,0,-1.0,0,0.536
0,1,0.6666666666666666,1,0.5
0,1,1.0,1,0.1579999999999999
0,1,1.0,1,0.1899999999999999
0,1,0.6666666666666666,1,0.548
0,1,0.3333333333333333,1,0.288
0,0,-0.3333333333333333,0,0.544
0,0,-1.0,1,0.1519999999999999
0,1,1.0,1,0.4499999999999999
0,0,-1.0,0,0.71
0,0,-1.0,0,0.4659999999999999
0,0,-0.6666666666666666,0,0.51
0,1,1.0,1,0.6140000000000001
0,0,-0.3333333333333333,1,0.022
0,0,-1.0,0,0.302
0,1,0.6666666666666666,1,0.3360000000000001
0,1,0.6666666666666666,1,0.1259999999999999
0,1,0.6666666666666666,1,0.27
0,0,-0.6666666666666666,1,0.002
0,0,-1.0,1,0.002
0,1,1.0,1,0.076
0,1,1.0,1,0.542
0,0,-0.6666666666666666,0,0.056
0,0,-0.6666666666666666,0,0.6419999999999999
0,0,-0.3333333333333333,1,1.0
0,0,-0.3333333333333333,1,0.002
0,1,0.3333333333333333,1,0.4059999999999999
0,0,-0.6666666666666666,1,0.002
0,0,-0.6666666666666666,0,0.6539999999999999
0,0,-0.3333333333333333,1,0.002
0,0,-1.0,0,1.0
0,1,0.6666666666666666,1,0.6619999999999999
0,0,-0.6666666666666666,0,0.3479999999999998
0,0,-1.0,0,0.536
0,0,-0.6666666666666666,0,0.478
0,1,0.6666666666666666,1,0.538
0,1,0.3333333333333333,1,0.3420000000000001
0,0,-0.6666666666666666,0,0.99
0,1,0.3333333333333333,1,0.56
0,0,-1.0,0,0.556
0,1,1.0,1,0.782
0,0,-0.6666666666666666,0,0.6480000000000001
0,0,-1.0,0,0.558
0,1,1.0,1,0.808
0,0,-0.6666666666666666,0,0.8679999999999999
0,0,-1.0,0,0.77
0,1,1.0,1,0.8480000000000001
0,1,0.6666666666666666,1,0.07
0,1,1.0,1,1.0
0,1,1.0,1,0.4279999999999999
0,0,-1.0,0,0.8580000000000001
0,1,1.0,1,0.284
0,0,-0.6666666666666666,0,0.778
0,0,-0.3333333333333333,1,1.0
0,0,-0.6666666666666666,0,1.0
0,0,-0.3333333333333333,1,0.318
0,1,0.3333333333333333,1,0.2219999999999999
0,0,-1.0,0,0.798
0,0,-1.0,0,0.2159999999999999
0,1,0.6666666666666666,1,0.6419999999999999
0,1,0.3333333333333333,1,0.2159999999999999
0,0,-0.3333333333333333,0,0.24
0,0,-1.0,0,0.294
0,1,1.0,1,0.908
0,0,-1.0,0,0.3719999999999999
0,1,0.3333333333333333,1,0.546
0,0,-0.3333333333333333,1,0.002
0,0,-0.6666666666666666,0,0.2339999999999999
0,1,0.6666666666666666,1,0.4459999999999999
0,1,0.6666666666666666,0,0.4679999999999999
0,0,-1.0,0,0.5
0,0,-0.6666666666666666,0,0.6419999999999999
0,0,-1.0,0,0.958
0,0,-1.0,0,0.5840000000000001
0,1,0.3333333333333333,0,0.1760000000000001
0,1,0.6666666666666666,0,0.2019999999999999
0,0,-1.0,0,0.1440000000000001
0,0,-0.6666666666666666,0,0.282
0,0,-0.6666666666666666,0,0.246
0,1,0.3333333333333333,1,0.54
0,1,1.0,1,0.4379999999999999
0,0,-0.6666666666666666,0,0.6099999999999999
0,1,0.3333333333333333,1,0.2019999999999999
0,1,0.6666666666666666,0,0.6560000000000001
0,1,1.0,1,0.524
0,1,0.6666666666666666,1,0.246
0,0,-0.3333333333333333,0,0.704
0,1,1.0,1,0.948
0,1,0.3333333333333333,1,0.328
0,1,0.6666666666666666,1,0.292
0,1,0.3333333333333333,1,0.102
0,1,0.3333333333333333,0,0.3959999999999999
0,1,1.0,1,0.3759999999999999
0,1,0.6666666666666666,1,0.76
0,0,-1.0,0,0.2239999999999999
0,1,0.3333333333333333,0,0.1840000000000001
0,1,1.0,1,0.774
0,0,-1.0,0,0.5960000000000001
0,1,1.0,1,1.0
0,1,0.6666666666666666,1,0.32
0,1,0.6666666666666666,1,0.4579999999999999
0,1,0.3333333333333333,1,0.534
0,0,-0.3333333333333333,0,0.792
0,0,-0.3333333333333333,0,0.2059999999999999
0,1,1.0,1,0.8779999999999999
0,1,0.6666666666666666,1,0.6100000000000001
0,0,-0.6666666666666666,0,0.6360000000000001
0,1,0.6666666666666666,1,0.76
0,1,0.6666666666666666,1,0.4679999999999999
0,0,-1.0,0,0.94
0,1,0.3333333333333333,1,0.6299999999999999
0,1,0.6666666666666666,1,0.3680000000000001
0,0,-0.3333333333333333,1,0.274
0,0,-0.3333333333333333,0,0.3380000000000001
0,0,-0.6666666666666666,0,0.3660000000000001
0,1,0.3333333333333333,1,0.8720000000000001
0,1,0.3333333333333333,1,0.3480000000000001
0,0,-0.6666666666666666,1,0.6739999999999999
0,0,-0.3333333333333333,0,0.78
0,0,-0.6666666666666666,1,0.3680000000000001
0,0,-0.6666666666666666,0,0.724
0,1,1.0,1,0.4639999999999999
0,0,-0.3333333333333333,1,0.002
0,0,-0.3333333333333333,1,0.306
0,0,-0.3333333333333333,0,0.732
0,1,1.0,1,1.0
0,0,-1.0,0,0.4359999999999999
0,1,0.6666666666666666,1,0.986
0,1,1.0,1,0.002
0,0,-0.3333333333333333,0,0.2239999999999999
0,0,-1.0,0,0.4459999999999999
0,1,1.0,0,0.514
0,1,1.0,1,1.0
0,1,1.0,1,0.5680000000000001
0,1,0.3333333333333333,1,0.3999999999999999
0,1,1.0,1,0.4599999999999999
0,1,0.6666666666666666,1,0.8859999999999999
0,0,-0.6666666666666666,0,0.3879999999999999
0,1,1.0,1,0.978
0,1,1.0,1,1.0
0,1,1.0,1,0.476
0,1,0.6666666666666666,1,1.0
0,0,-0.3333333333333333,0,0.1200000000000001
0,1,0.3333333333333333,1,1.0
0,0,-0.6666666666666666,1,0.4039999999999999
0,1,0.3333333333333333,1,0.288
0,1,0.6666666666666666,1,0.6100000000000001
0,1,0.3333333333333333,1,0.1419999999999999
0,0,-0.3333333333333333,0,0.2019999999999999
0,1,0.3333333333333333,1,0.49
0,1,1.0,1,0.5760000000000001
0,1,0.6666666666666666,1,0.478
0,1,0.6666666666666666,1,0.6439999999999999
0,0,-0.3333333333333333,0,0.6139999999999999
0,0,-0.3333333333333333,0,0.032
0,0,-0.6666666666666666,0,0.6520000000000001
0,1,1.0,1,0.1799999999999999
0,1,0.3333333333333333,1,0.4339999999999999
0,1,0.3333333333333333,1,0.4299999999999999
0,1,0.6666666666666666,1,0.256
0,1,1.0,1,0.4199999999999999
0,1,1.0,1,0.4639999999999999
0,0,-0.3333333333333333,1,0.3799999999999999
0,0,-0.3333333333333333,1,0.31
0,1,0.6666666666666666,1,0.3919999999999999
0,1,0.3333333333333333,1,0.3700000000000001
0,1,1.0,1,0.952
0,0,-1.0,0,0.944
0,0,-0.6666666666666666,1,0.306
0,1,0.6666666666666666,1,0.6100000000000001
0,0,-0.3333333333333333,0,0.936
0,1,1.0,1,1.0
0,1,0.6666666666666666,1,1.0
0,0,-0.6666666666666666,1,1.0
0,0,-1.0,0,1.0
0,0,-0.3333333333333333,1,0.3540000000000001
0,1,0.3333333333333333,1,0.948
0,0,-1.0,1,0.33
0,1,0.6666666666666666,1,0.1839999999999999
0,1,0.6666666666666666,0,0.3860000000000001
0,1,0.3333333333333333,1,0.3939999999999999
0,0,-0.3333333333333333,0,0.482
0,0,-1.0,0,0.488
0,1,0.3333333333333333,1,0.484
0,1,0.6666666666666666,0,0.526
0,1,0.3333333333333333,1,0.4299999999999999
0,1,0.3333333333333333,0,0.516
0,0,-0.6666666666666666,0,0.3359999999999998
0,1,0.6666666666666666,1,0.6299999999999999
0,0,-0.3333333333333333,1,0.318
0,1,0.6666666666666666,1,0.4219999999999999
0,1,0.6666666666666666,1,0.4219999999999999
0,1,1.0,1,0.8280000000000001
0,1,1.0,1,0.522
0,0,-0.3333333333333333,0,0.6560000000000001
0,0,-1.0,0,0.56
0,0,-1.0,0,0.6480000000000001
0,1,1.0,1,0.506
0,1,0.3333333333333333,1,0.554
0,1,0.3333333333333333,1,0.294
0,1,0.6666666666666666,0,0.3980000000000001
0,1,0.3333333333333333,1,1.0
0,1,0.3333333333333333,1,0.8799999999999999
0,0,-1.0,0,0.79
0,0,-0.6666666666666666,0,0.3279999999999998
0,0,-0.3333333333333333,1,0.3740000000000001
0,1,1.0,1,0.782
0,1,0.3333333333333333,1,0.494
0,0,-0.3333333333333333,1,0.3999999999999999
0,1,0.3333333333333333,1,0.796
0,1,0.3333333333333333,1,0.4359999999999999
0,0,-1.0,0,1.0
0,0,-0.6666666666666666,1,0.5920000000000001
0,0,-1.0,0,0.716
0,1,0.3333333333333333,1,0.786
0,1,1.0,1,0.6699999999999999
0,0,-0.3333333333333333,1,0.552
0,0,-0.6666666666666666,0,0.3980000000000001
0,0,-0.3333333333333333,0,0.5760000000000001
0,1,1.0,1,0.76
0,1,1.0,1,0.6659999999999999
0,0,-0.6666666666666666,0,0.6539999999999999
0,1,0.6666666666666666,1,0.912
0,1,1.0,1,0.6120000000000001
0,0,-1.0,0,0.6679999999999999
0,0,-0.3333333333333333,0,0.508
0,1,1.0,1,0.726
0,0,-1.0,0,0.51
0,0,-0.3333333333333333,1,0.476
0,0,-1.0,1,0.3560000000000001
0,0,-1.0,1,0.322
0,1,0.6666666666666666,1,0.4199999999999999
0,0,-0.6666666666666666,0,0.478
0,0,-0.6666666666666666,0,0.788
0,0,-1.0,0,0.508
0,0,-0.3333333333333333,0,0.3639999999999999
0,0,-0.6666666666666666,0,0.318
0,0,-1.0,0,0.6659999999999999
0,0,-1.0,0,0.8700000000000001
0,0,-0.6666666666666666,0,0.5900000000000001
0,1,0.3333333333333333,0,0.296
0,0,-0.6666666666666666,0,0.724
0,1,0.6666666666666666,1,1.0
0,0,-0.6666666666666666,0,0.524
0,0,-0.6666666666666666,0,0.2019999999999999
0,1,1.0,1,0.784
0,1,1.0,1,0.786
0,0,-1.0,0,1.0
0,0,-0.3333333333333333,1,0.3340000000000001
0,0,-0.3333333333333333,0,0.8280000000000001
0,1,1.0,1,0.984
0,0,-1.0,0,0.3340000000000001
0,1,0.3333333333333333,1,0.6479999999999999
0,1,0.3333333333333333,0,0.27
0,0,-0.3333333333333333,0,0.1819999999999999
0,1,0.3333333333333333,1,0.4179999999999999
0,1,1.0,1,0.768
0,0,-0.3333333333333333,1,0.304
0,1,0.6666666666666666,0,0.696
0,1,0.6666666666666666,1,0.492
0,1,1.0,1,0.528
0,0,-1.0,0,0.6440000000000001
0,1,0.3333333333333333,1,0.6299999999999999
0,0,-1.0,0,0.5720000000000001
0,0,-0.6666666666666666,1,0.3680000000000001
0,1,0.3333333333333333,1,0.6080000000000001
0,0,-0.6666666666666666,1,0.4459999999999999
0,1,0.3333333333333333,1,0.546
0,1,1.0,1,0.302
0,1,1.0,1,0.486
0,0,-1.0,0,0.71
0,1,0.3333333333333333,1,0.5780000000000001
0,0,-1.0,0,0.8140000000000001
0,0,-1.0,0,0.4319999999999999
0,0,-1.0,1,0.942
0,0,-1.0,0,0.3980000000000001
0,0,-0.3333333333333333,1,0.6519999999999999
0,1,0.3333333333333333,1,0.4219999999999999
0,0,-0.3333333333333333,0,0.3420000000000001
0,1,0.6666666666666666,1,0.3320000000000001
0,0,-0.3333333333333333,1,0.4499999999999999
0,1,0.6666666666666666,0,0.4619999999999999
0,0,-1.0,1,0.8460000000000001
0,1,0.3333333333333333,1,0.3740000000000001
0,0,-0.6666666666666666,0,0.544
0,1,1.0,1,0.4319999999999999
0,1,1.0,0,0.1619999999999999
0,0,-1.0,1,0.4339999999999999
0,1,0.3333333333333333,1,0.1299999999999999
0,0,-0.3333333333333333,1,0.082
0,0,-1.0,0,0.528
0,1,0.6666666666666666,1,0.3620000000000001
0,1,0.3333333333333333,1,0.302
0,0,-0.6666666666666666,1,0.238
0,1,1.0,1,0.3819999999999999
0,1,1.0,1,0.494
0,0,-0.6666666666666666,0,0.6440000000000001
0,0,-1.0,1,0.6619999999999999
0,1,1.0,1,0.5820000000000001
0,0,-0.3333333333333333,1,0.3
0,0,-0.6666666666666666,1,0.064
0,1,1.0,1,0.3979999999999999
0,0,-0.6666666666666666,1,0.4579999999999999
0,0,-1.0,0,0.496
0,0,-0.3333333333333333,0,0.1879999999999999
0,1,1.0,1,1.0
0,1,1.0,1,0.6779999999999999
0,0,-0.3333333333333333,1,0.502
0,1,1.0,1,1.0
0,0,-0.3333333333333333,0,0.5979999999999999
0,0,-0.3333333333333333,0,0.1299999999999999
0,0,-1.0,0,0.6520000000000001
0,0,-0.6666666666666666,1,0.3400000000000001
0,1,1.0,1,0.926
0,1,0.6666666666666666,1,0.3879999999999999
0,0,-1.0,0,0.5780000000000001
0,0,-0.6666666666666666,0,0.322
0,1,0.6666666666666666,0,0.4619999999999999
0,0,-1.0,0,0.27
0,1,0.3333333333333333,0,0.6240000000000001
0,0,-0.3333333333333333,1,0.6779999999999999
0,1,0.6666666666666666,1,1.0
0,1,0.3333333333333333,0,0.014
0,1,1.0,1,0.6339999999999999
0,0,-1.0,0,0.306
0,0,-0.3333333333333333,0,0.242
0,0,-1.0,0,0.306
0,0,-1.0,0,0.544
0,1,0.6666666666666666,1,0.3680000000000001
0,1,0.6666666666666666,1,0.6559999999999999
0,1,0.3333333333333333,0,0.49
0,1,1.0,1,0.4439999999999999
0,1,0.3333333333333333,1,0.6040000000000001
0,0,-0.6666666666666666,1,0.4319999999999999
0,1,0.6666666666666666,1,0.5860000000000001
0,0,-0.6666666666666666,0,0.8500000000000001
0,1,1.0,1,1.0
0,1,0.3333333333333333,1,0.26
0,0,-0.6666666666666666,0,0.4519999999999999
0,0,-0.3333333333333333,0,0.702
0,1,1.0,1,0.968
0,0,-0.3333333333333333,0,0.3599999999999999
0,0,-0.6666666666666666,1,0.4439999999999999
0,0,-0.3333333333333333,0,0.522
0,1,0.3333333333333333,1,0.6839999999999999
0,0,-0.3333333333333333,0,0.51
0,1,1.0,1,0.798
0,1,0.3333333333333333,0,0.244
0,0,-0.6666666666666666,0,0.562
0,0,-1.0,0,0.692
0,0,-0.3333333333333333,0,0.504
0,0,-0.3333333333333333,1,0.2139999999999999
0,0,-0.6666666666666666,0,0.242
0,0,-1.0,0,0.91
0,1,0.3333333333333333,1,0.934
0,1,0.6666666666666666,0,0.244
0,1,0.3333333333333333,1,0.1839999999999999
0,1,1.0,0,0.242
0,1,0.6666666666666666,1,0.6419999999999999
0,1,1.0,1,0.788
0,0,-1.0,0,0.7
0,0,-1.0,0,1.0
0,0,-1.0,0,0.5700000000000001
0,0,-0.6666666666666666,0,0.8160000000000001
0,0,-1.0,0,0.54
0,0,-0.6666666666666666,0,0.55
0,1,0.3333333333333333,1,0.562
0,1,0.3333333333333333,0,0.762
0,1,0.6666666666666666,1,1.0
0,1,0.3333333333333333,0,0.49
0,1,0.3333333333333333,0,0.1739999999999999
0,0,-0.3333333333333333,1,0.5660000000000001
0,1,0.6666666666666666,1,0.6439999999999999
0,0,-0.6666666666666666,1,0.2119999999999999
0,0,-0.6666666666666666,0,0.774
0,0,-0.3333333333333333,0,0.4559999999999999
0,1,0.6666666666666666,1,1.0
0,0,-0.6666666666666666,0,0.728
0,0,-1.0,0,0.308
0,0,-0.6666666666666666,0,0.6280000000000001
0,0,-0.6666666666666666,1,0.8400000000000001
0,0,-1.0,0,0.5740000000000001
0,0,-0.6666666666666666,0,0.78
0,0,-1.0,0,0.6679999999999999
0,1,1.0,1,0.3420000000000001
0,1,1.0,1,0.4239999999999999
0,0,-1.0,0,0.808
0,1,0.6666666666666666,1,0.974
0,0,-0.3333333333333333,1,0.252
0,1,1.0,1,0.6160000000000001
0,1,0.3333333333333333,1,0.542
0,0,-0.3333333333333333,0,0.6679999999999999
0,1,0.6666666666666666,0,0.3359999999999998
0,0,-0.3333333333333333,1,0.6699999999999999
0,1,1.0,1,0.714
0,0,-0.3333333333333333,0,0.254
0,1,0.3333333333333333,1,0.3879999999999999
0,1,0.6666666666666666,1,0.504
0,0,-0.3333333333333333,0,0.728
0,0,-0.6666666666666666,1,0.5840000000000001
0,1,0.3333333333333333,0,0.3639999999999999
0,0,-0.6666666666666666,1,0.804
0,0,-1.0,1,0.318
0,0,-0.6666666666666666,0,0.3719999999999999
0,0,-0.3333333333333333,1,0.3740000000000001
0,1,1.0,1,0.3560000000000001
0,1,1.0,1,0.728
0,0,-1.0,0,0.6400000000000001
0,1,1.0,1,1.0
0,0,-0.3333333333333333,1,0.3839999999999999
0,0,-0.3333333333333333,0,0.754
0,1,1.0,1,0.808
0,0,-1.0,0,0.3660000000000001
0,1,0.3333333333333333,1,0.6180000000000001
0,1,0.6666666666666666,1,0.8640000000000001
0,1,0.6666666666666666,1,0.6599999999999999
0,0,-1.0,0,0.496
0,0,-0.6666666666666666,0,0.536
0,1,1.0,1,1.0
0,1,0.3333333333333333,1,0.524
0,0,-1.0,0,0.512
0,1,0.6666666666666666,1,0.8620000000000001
0,0,-1.0,0,0.992
0,1,0.3333333333333333,1,0.522
0,0,-1.0,0,0.4419999999999999
0,1,1.0,1,0.8720000000000001
0,1,1.0,1,0.784
0,0,-0.6666666666666666,0,0.5840000000000001
0,1,0.6666666666666666,1,0.3979999999999999
0,0,-0.3333333333333333,0,0.4599999999999999
0,0,-0.3333333333333333,0,0.474
0,1,0.6666666666666666,1,0.994
0,0,-1.0,0,0.944
0,0,-0.6666666666666666,0,0.3420000000000001
0,1,0.3333333333333333,1,0.6739999999999999
0,1,0.3333333333333333,1,0.4239999999999999
0,1,1.0,1,0.8700000000000001
0,1,0.6666666666666666,1,0.544
0,1,0.3333333333333333,1,0.4179999999999999
0,1,0.3333333333333333,1,0.8580000000000001
0,1,0.6666666666666666,1,0.5820000000000001
0,0,-1.0,0,0.4559999999999999
0,1,0.3333333333333333,1,0.3620000000000001
0,1,0.3333333333333333,1,0.6000000000000001
0,1,1.0,0,0.6040000000000001
0,0,-0.6666666666666666,0,0.3519999999999998
0,1,0.6666666666666666,1,0.6160000000000001
0,1,1.0,1,0.804
0,1,0.6666666666666666,1,0.4559999999999999
0,1,0.3333333333333333,1,0.6479999999999999
0,1,1.0,1,1.0
0,1,0.3333333333333333,1,1.0
0,1,0.3333333333333333,1,0.5900000000000001
0,0,-0.6666666666666666,1,0.48
0,0,-0.6666666666666666,0,0.728
0,0,-0.6666666666666666,0,0.6320000000000001
0,0,-0.3333333333333333,0,0.3599999999999999
0,0,-0.6666666666666666,0,0.3940000000000001
0,0,-0.6666666666666666,0,0.4119999999999999
0,1,1.0,1,0.6399999999999999
0,0,-0.3333333333333333,0,0.31
0,0,-0.6666666666666666,0,0.6179999999999999
0,1,1.0,1,1.0
0,1,0.3333333333333333,1,0.812
0,1,1.0,1,0.8640000000000001
0,1,0.6666666666666666,1,0.8220000000000001
0,1,1.0,1,1.0
0,1,0.3333333333333333,1,1.0
0,1,0.3333333333333333,1,1.0
0,1,0.6666666666666666,1,0.5800000000000001
0,0,-0.3333333333333333,1,0.984
0,0,-0.3333333333333333,0,0.6599999999999999
0,0,-1.0,0,1.0
0,0,-0.3333333333333333,0,0.952
0,0,-0.3333333333333333,0,0.6819999999999999
0,0,-0.6666666666666666,1,1.0
0,0,-0.3333333333333333,1,0.5940000000000001
0,0,-1.0,0,0.6719999999999999
0,1,0.3333333333333333,0,0.1979999999999999
0,1,0.6666666666666666,1,0.4339999999999999
0,1,0.3333333333333333,1,0.5
0,1,1.0,1,0.6459999999999999
0,1,0.6666666666666666,1,0.724
0,1,0.6666666666666666,1,0.512
0,1,1.0,1,0.8899999999999999
0,0,-1.0,0,0.8860000000000001
0,1,0.6666666666666666,1,1.0
0,1,0.6666666666666666,0,0.24
0,1,0.3333333333333333,0,0.8439999999999999
0,1,0.6666666666666666,1,0.528
0,0,-0.3333333333333333,0,0.516
0,1,0.3333333333333333,1,0.794
0,1,0.6666666666666666,1,1.0
0,1,1.0,1,0.4139999999999999
0,0,-1.0,0,0.4140000000000001
0,1,0.3333333333333333,1,0.6140000000000001
0,0,-1.0,0,0.5800000000000001
0,1,0.3333333333333333,1,0.3540000000000001
0,0,-0.3333333333333333,0,0.3919999999999999
0,1,1.0,1,0.548
0,0,-1.0,1,0.5680000000000001
0,0,-0.3333333333333333,0,0.536
0,0,-0.6666666666666666,0,0.6400000000000001
0,1,0.6666666666666666,0,0.914
0,0,-1.0,0,0.79
0,1,1.0,1,0.5960000000000001
0,0,-0.6666666666666666,1,0.8520000000000001
0,0,-0.6666666666666666,1,0.256
0,0,-0.3333333333333333,1,0.262
0,0,-0.6666666666666666,0,0.748
0,1,0.3333333333333333,1,0.508
0,1,0.6666666666666666,1,0.5840000000000001
0,0,-1.0,0,0.3700000000000001
0,1,1.0,1,0.744
0,0,-0.6666666666666666,0,0.4599999999999999
0,1,1.0,1,0.3899999999999999
0,1,1.0,1,0.488
0,0,-0.6666666666666666,1,0.688
0,0,-1.0,0,0.782
0,0,-1.0,1,0.48
0,0,-1.0,0,0.562
0,0,-1.0,1,0.272
0,1,1.0,1,0.5820000000000001
0,0,-0.3333333333333333,0,0.3380000000000001
0,0,-0.6666666666666666,0,0.4300000000000001
0,1,1.0,1,0.1319999999999999
0,0,-1.0,0,0.708
0,0,-1.0,0,0.6099999999999999
0,1,0.6666666666666666,0,0.268
0,0,-0.6666666666666666,1,0.2279999999999999
0,1,0.6666666666666666,1,0.4219999999999999
0,0,-1.0,0,0.3620000000000001
0,1,0.6666666666666666,0,0.3500000000000001
0,1,1.0,1,0.518
0,1,1.0,0,0.4119999999999999
0,1,0.3333333333333333,1,0.3919999999999999
0,0,-0.3333333333333333,0,0.3340000000000001
0,0,-0.6666666666666666,0,0.3319999999999998
0,1,0.3333333333333333,0,0.3319999999999998
0,0,-0.6666666666666666,1,0.2099999999999999
0,1,0.3333333333333333,1,0.474
0,1,0.3333333333333333,0,0.3940000000000001
0,1,0.3333333333333333,0,0.2219999999999999
0,1,1.0,1,0.296
0,1,1.0,1,0.4599999999999999
0,0,-0.6666666666666666,0,0.264
0,0,-1.0,0,0.268
0,1,1.0,1,0.74
0,0,-0.3333333333333333,0,0.2319999999999999
0,1,0.6666666666666666,0,0.4459999999999999
0,1,1.0,1,1.0
0,1,0.3333333333333333,1,0.4239999999999999
0,1,1.0,1,0.4079999999999999
0,0,-1.0,0,0.306
0,0,-1.0,0,0.556
0,1,0.6666666666666666,1,0.6319999999999999
0,0,-0.6666666666666666,1,0.8280000000000001
0,0,-0.3333333333333333,0,0.914
0,0,-0.3333333333333333,1,0.4159999999999999
0,0,-1.0,1,0.28
0,0,-1.0,0,0.236
0,0,-0.6666666666666666,1,0.3799999999999999
0,1,0.6666666666666666,1,0.4099999999999999
0,1,0.6666666666666666,1,0.3540000000000001
0,0,-0.3333333333333333,0,0.2159999999999999
0,0,-0.3333333333333333,0,0.2239999999999999
0,1,0.3333333333333333,0,0.1879999999999999
0,0,-1.0,0,0.556
0,0,-0.3333333333333333,0,0.4439999999999999
0,0,-0.3333333333333333,1,0.508
0,1,0.3333333333333333,0,0.2139999999999999
0,0,-0.6666666666666666,0,0.4419999999999999
0,0,-0.3333333333333333,0,0.6539999999999999
0,0,-1.0,0,0.3540000000000001
0,1,1.0,1,0.736
0,1,1.0,1,0.4259999999999999
0,0,-0.3333333333333333,1,0.4259999999999999
0,1,0.6666666666666666,0,0.4060000000000001
0,0,-1.0,0,0.302
0,0,-1.0,0,0.948
0,0,-1.0,0,0.4319999999999999
0,1,0.6666666666666666,1,0.8440000000000001
0,1,1.0,1,1.0
0,1,0.6666666666666666,0,0.6599999999999999
0,0,-0.6666666666666666,0,0.718
0,1,1.0,1,0.5860000000000001
0,0,-0.6666666666666666,1,0.4179999999999999
0,1,0.6666666666666666,1,0.5
0,0,-0.3333333333333333,0,0.5680000000000001
0,0,-0.6666666666666666,1,0.3600000000000001
0,1,1.0,1,0.506
0,0,-0.3333333333333333,1,0.728
0,1,1.0,1,0.5860000000000001
0,0,-0.6666666666666666,0,0.3660000000000001
0,0,-0.6666666666666666,0,0.6699999999999999
0,1,1.0,1,0.6279999999999999
0,0,-0.6666666666666666,0,0.31
0,0,-0.6666666666666666,1,0.4059999999999999
0,0,-1.0,0,0.6120000000000001
0,1,1.0,1,0.8280000000000001
0,0,-1.0,1,0.328
0,0,-0.6666666666666666,1,0.542
0,0,-1.0,0,0.5960000000000001
0,0,-0.3333333333333333,1,0.492
0,0,-0.6666666666666666,1,0.1499999999999999
0,1,0.6666666666666666,1,0.3879999999999999
0,0,-0.3333333333333333,0,0.29
0,0,-0.3333333333333333,1,0.3540000000000001
0,1,1.0,1,0.6379999999999999
0,0,-1.0,0,0.484
0,0,-0.3333333333333333,1,0.688
0,1,0.6666666666666666,1,0.524
0,1,0.6666666666666666,0,0.472
0,0,-0.3333333333333333,0,0.486
0,1,0.3333333333333333,1,0.4679999999999999
0,1,0.6666666666666666,1,0.27
0,0,-0.6666666666666666,0,0.1099999999999998
0,1,1.0,1,0.736
0,0,-0.6666666666666666,0,0.1299999999999999
0,1,0.6666666666666666,1,0.3500000000000001
0,1,0.6666666666666666,1,0.6819999999999999
0,0,-0.3333333333333333,0,0.246
0,1,0.3333333333333333,1,0.6220000000000001
0,0,-0.3333333333333333,0,0.4079999999999999
0,1,0.3333333333333333,1,0.504
0,1,1.0,1,0.73
0,1,1.0,1,0.6259999999999999
0,1,0.3333333333333333,1,0.6439999999999999
0,0,-1.0,0,0.2119999999999999
0,1,0.3333333333333333,1,0.482
0,0,-0.3333333333333333,1,0.4579999999999999
0,0,-1.0,0,0.484
0,0,-1.0,1,0.492
0,1,0.6666666666666666,1,0.4099999999999999
0,0,-0.3333333333333333,0,0.55
0,0,-1.0,0,0.532
0,1,0.6666666666666666,1,0.3700000000000001
0,0,-0.6666666666666666,0,0.474
0,1,1.0,1,0.2059999999999999
0,1,0.3333333333333333,1,0.2319999999999999
0,0,-1.0,0,0.3820000000000001
0,1,1.0,1,0.6839999999999999
0,1,0.6666666666666666,1,0.3839999999999999
0,1,0.6666666666666666,1,0.498
0,1,0.3333333333333333,1,0.6499999999999999
0,1,0.3333333333333333,1,0.6080000000000001
0,1,0.6666666666666666,0,0.3479999999999998
0,0,-0.3333333333333333,0,0.2339999999999999
0,1,0.6666666666666666,1,0.8240000000000001
0,0,-0.3333333333333333,0,0.476
0,1,1.0,1,0.694
0,0,-1.0,1,0.302
0,1,0.6666666666666666,1,0.6240000000000001
0,1,1.0,1,0.788
0,1,0.3333333333333333,0,0.3740000000000001
0,1,1.0,1,0.788
0,0,-0.6666666666666666,0,0.292
0,0,-0.6666666666666666,0,0.696
0,0,-1.0,0,0.8700000000000001
0,1,0.6666666666666666,1,0.51
0,1,0.6666666666666666,1,0.3620000000000001
0,0,-1.0,0,0.558
0,1,1.0,1,0.754
0,0,-0.6666666666666666,0,0.4119999999999999
0,0,-0.3333333333333333,0,0.5720000000000001
0,0,-0.6666666666666666,0,0.4399999999999999
0,1,0.6666666666666666,1,0.6799999999999999
0,1,0.3333333333333333,0,0.4020000000000001
0,0,-0.3333333333333333,0,0.286
0,0,-0.3333333333333333,1,0.976
0,0,-0.6666666666666666,1,0.066
0,1,0.3333333333333333,0,0.092
0,0,-1.0,0,0.3199999999999998
0,0,-1.0,0,0.4119999999999999
0,0,-1.0,1,0.508
0,1,0.3333333333333333,1,0.3680000000000001
0,1,0.6666666666666666,1,0.2239999999999999
0,0,-0.3333333333333333,0,0.266
0,1,1.0,1,0.5
0,0,-0.6666666666666666,0,0.4140000000000001
0,1,0.6666666666666666,1,0.3999999999999999
0,0,-0.3333333333333333,1,0.556
0,0,-0.3333333333333333,0,0.088
0,0,-0.6666666666666666,1,0.3580000000000001
0,1,1.0,1,0.328
0,0,-0.3333333333333333,1,0.256
0,1,0.3333333333333333,1,0.478
0,1,0.3333333333333333,1,0.1619999999999999
0,1,0.6666666666666666,1,0.5860000000000001
0,0,-0.3333333333333333,0,0.06
0,0,-0.3333333333333333,1,0.3660000000000001
0,1,1.0,1,0.742
0,0,-0.6666666666666666,0,0.236
0,0,-0.3333333333333333,1,0.3999999999999999
0,0,-1.0,0,0.4039999999999999
0,1,1.0,1,0.266
0,1,1.0,1,0.236
0,0,-0.3333333333333333,0,0.3519999999999998
0,0,-0.3333333333333333,1,0.6160000000000001
0,1,1.0,1,0.552
0,0,-0.6666666666666666,1,0.2079999999999999
0,0,-0.6666666666666666,1,0.6719999999999999
0,0,-1.0,0,0.3999999999999999
0,0,-1.0,0,0.276
0,1,1.0,1,0.1819999999999999
0,1,1.0,1,0.4199999999999999
0,1,1.0,1,0.56
0,0,-0.6666666666666666,1,0.4139999999999999
0,0,-0.3333333333333333,1,0.3919999999999999
0,0,-0.6666666666666666,0,0.55
0,0,-0.6666666666666666,1,0.1679999999999999
0,1,0.6666666666666666,1,0.6699999999999999
0,1,0.3333333333333333,1,0.73
0,1,0.6666666666666666,1,0.4139999999999999
0,0,-1.0,0,0.3839999999999999
0,0,-0.3333333333333333,1,0.526
0,0,-1.0,0,0.1959999999999999
0,1,0.6666666666666666,1,0.558
0,1,0.6666666666666666,1,0.6819999999999999
0,1,0.6666666666666666,1,0.6659999999999999
0,1,0.3333333333333333,1,0.5640000000000001
0,0,-1.0,0,0.5840000000000001
0,0,-0.6666666666666666,1,0.3799999999999999
0,1,0.3333333333333333,1,0.262
0,0,-0.6666666666666666,1,0.33
0,1,0.3333333333333333,1,0.516
0,0,-1.0,1,0.004
0,1,0.3333333333333333,1,0.322
0,0,-0.6666666666666666,0,0.3740000000000001
0,1,0.6666666666666666,1,0.478
0,1,0.3333333333333333,1,0.4199999999999999
0,0,-0.6666666666666666,0,0.7
0,0,-0.3333333333333333,1,0.4659999999999999
0,1,0.6666666666666666,1,0.6679999999999999
0,0,-1.0,0,0.1440000000000001
0,1,0.6666666666666666,1,0.3320000000000001
0,1,1.0,1,0.4559999999999999
0,1,1.0,1,0.3879999999999999
0,0,-0.6666666666666666,0,0.496
0,1,1.0,1,0.4099999999999999
0,1,0.6666666666666666,1,0.8320000000000001
0,0,-1.0,0,0.3199999999999998
0,1,1.0,1,0.498
0,1,1.0,1,0.2299999999999999
0,1,0.3333333333333333,1,0.526
0,0,-1.0,1,0.258
0,1,1.0,1,0.494
0,1,0.3333333333333333,1,0.6479999999999999
0,0,-0.6666666666666666,0,0.294
0,0,-1.0,0,0.478
0,0,-0.6666666666666666,0,0.6280000000000001
0,0,-0.6666666666666666,1,0.8360000000000001
0,0,-1.0,0,0.4340000000000001
0,0,-0.3333333333333333,1,0.3320000000000001
0,1,0.3333333333333333,1,0.516
0,1,0.6666666666666666,0,0.4300000000000001
0,0,-0.6666666666666666,1,0.4079999999999999
0,1,0.3333333333333333,1,0.4079999999999999
0,0,-0.3333333333333333,0,0.4039999999999999
0,1,1.0,1,0.288
0,1,0.3333333333333333,1,0.502
0,1,0.6666666666666666,0,0.314
0,1,0.6666666666666666,1,0.3380000000000001
0,0,-0.3333333333333333,0,0.3599999999999999
0,0,-0.3333333333333333,1,0.6339999999999999
0,1,1.0,1,0.522
0,1,1.0,1,0.4059999999999999
0,0,-0.3333333333333333,0,0.288
0,1,0.6666666666666666,1,0.4399999999999999
0,0,-1.0,0,0.258
0,0,-0.6666666666666666,0,0.286
0,0,-1.0,0,0.4399999999999999
0,1,0.6666666666666666,1,0.3560000000000001
0,0,-0.3333333333333333,1,0.6799999999999999
0,1,0.6666666666666666,1,0.53
0,1,0.6666666666666666,1,0.3660000000000001
0,0,-1.0,0,0.8559999999999999
0,1,1.0,1,0.3360000000000001
1,1,0.6666666666666666,1,0.6020000000000001
1,0,-0.6666666666666666,0,0.1939999999999999
1,0,-0.6666666666666666,0,0.008
1,1,0.6666666666666666,1,0.3939999999999999
1,1,1.0,0,0.3279999999999998
1,0,-1.0,0,0.5960000000000001
1,1,0.6666666666666666,0,0.4140000000000001
1,1,0.3333333333333333,0,0.1919999999999999
1,1,0.6666666666666666,1,0.4039999999999999
1,1,0.6666666666666666,1,0.6080000000000001
1,1,1.0,0,0.1699999999999999
1,0,-1.0,1,0.084
1,1,0.3333333333333333,1,0.8140000000000001
1,1,0.6666666666666666,1,0.3959999999999999
1,0,-1.0,0,0.792
1,1,1.0,1,1.0
1,0,-0.3333333333333333,1,0.1120000000000001
1,0,-1.0,0,0.3959999999999999
1,0,-0.6666666666666666,0,0.302
1,0,-1.0,0,0.3980000000000001
1,1,0.6666666666666666,1,0.4319999999999999
1,0,-0.3333333333333333,0,0.054
1,1,0.6666666666666666,1,0.3759999999999999
1,1,0.6666666666666666,1,0.4239999999999999
1,1,1.0,1,0.1120000000000001
1,0,-0.6666666666666666,0,0.1099999999999998
1,1,0.6666666666666666,1,0.6040000000000001
1,1,1.0,1,0.3899999999999999
1,1,0.3333333333333333,1,0.4139999999999999
1,0,-0.6666666666666666,0,0.308
1,1,1.0,1,0.5900000000000001
1,0,-0.6666666666666666,0,0.4020000000000001
1,1,0.3333333333333333,1,0.6180000000000001
1,1,0.6666666666666666,1,0.294
1,1,1.0,1,0.81
1,0,-1.0,0,0.792
1,0,-1.0,0,0.5720000000000001
1,0,-1.0,1,0.1
1,0,-0.3333333333333333,1,0.068
1,0,-0.3333333333333333,1,0.048
1,1,1.0,0,0.1939999999999999
1,1,0.6666666666666666,1,0.4139999999999999
1,0,-0.6666666666666666,0,0.026
1,1,0.3333333333333333,1,0.2059999999999999
1,0,-0.3333333333333333,0,0.304
1,1,1.0,0,0.1179999999999998
1,1,0.3333333333333333,1,0.3320000000000001
1,0,-0.3333333333333333,0,0.1939999999999999
1,0,-0.6666666666666666,1,0.254
1,1,0.3333333333333333,0,0.262
1,1,0.3333333333333333,1,0.002
1,1,0.3333333333333333,1,0.1859999999999999
1,1,0.3333333333333333,0,0.2239999999999999
1,0,-1.0,1,0.254
1,1,1.0,1,0.796
1,0,-0.3333333333333333,1,0.29
1,0,-1.0,0,0.3279999999999998
1,0,-0.3333333333333333,0,0.264
1,1,0.3333333333333333,1,0.312
1,1,1.0,1,0.066
1,0,-0.6666666666666666,1,0.1080000000000001
1,1,1.0,1,0.2199999999999999
1,0,-0.6666666666666666,0,0.286
1,1,0.6666666666666666,1,0.1279999999999999
1,0,-0.3333333333333333,1,0.066
1,0,-0.3333333333333333,0,0.0819999999999998
1,0,-0.6666666666666666,0,0.53
1,1,0.3333333333333333,0,0.068
1,1,0.3333333333333333,1,0.49
1,1,0.3333333333333333,0,0.088
1,1,0.3333333333333333,0,0.2159999999999999
1,1,0.3333333333333333,1,0.516
1,0,-1.0,0,0.5860000000000001
1,1,0.6666666666666666,1,0.794
1,0,-1.0,0,1.0
1,0,-1.0,0,0.6040000000000001
1,0,-1.0,0,0.6040000000000001
1,0,-0.6666666666666666,0,0.796
1,0,-1.0,0,0.796
1,1,0.3333333333333333,1,0.042
1,0,-0.6666666666666666,1,0.274
1,0,-1.0,0,0.786
1,0,-0.6666666666666666,0,0.6099999999999999
1,1,0.6666666666666666,0,0.05
1,1,0.3333333333333333,1,0.1779999999999999
1,0,-0.3333333333333333,0,0.2139999999999999
1,0,-0.3333333333333333,0,0.1859999999999999
1,0,-0.6666666666666666,0,0.312
1,0,-1.0,0,0.3940000000000001
1,0,-1.0,0,0.532
1,1,1.0,1,0.5960000000000001
1,0,-0.6666666666666666,0,0.4039999999999999
1,1,0.3333333333333333,1,0.082
1,1,0.6666666666666666,1,0.1999999999999999
1,0,-0.3333333333333333,0,0.292
1,0,-1.0,0,0.3940000000000001
1,0,-0.6666666666666666,0,0.6299999999999999
1,0,-0.3333333333333333,0,0.4239999999999999
1,1,0.3333333333333333,0,0.1059999999999998
1,1,0.3333333333333333,1,0.1399999999999999
1,0,-1.0,1,0.002
1,0,-1.0,0,0.294
1,0,-0.3333333333333333,0,0.056
1,0,-1.0,0,0.28
1,1,0.6666666666666666,0,0.064
1,0,-0.3333333333333333,0,0.1939999999999999
1,1,0.6666666666666666,0,0.294
1,0,-0.3333333333333333,0,0.5939999999999999
1,1,1.0,0,0.4140000000000001
1,0,-0.3333333333333333,0,0.056
1,0,-0.3333333333333333,0,0.272
1,0,-1.0,0,1.0
1,0,-1.0,0,0.8860000000000001
1,0,-0.3333333333333333,0,0.8820000000000001
1,0,-1.0,0,1.0
1,1,0.3333333333333333,1,0.6220000000000001
1,1,0.6666666666666666,1,0.298
1,0,-0.3333333333333333,0,0.6160000000000001
1,0,-0.6666666666666666,0,0.8639999999999999
1,1,1.0,1,1.0
1,0,-0.3333333333333333,0,0.8200000000000001
1,1,1.0,1,0.78
1,1,1.0,1,0.3779999999999999
1,1,1.0,1,0.4339999999999999
1,0,-0.6666666666666666,0,0.1
1,1,0.3333333333333333,1,0.5980000000000001
1,1,0.3333333333333333,1,0.302
1,1,0.6666666666666666,1,0.6080000000000001
1,0,-0.6666666666666666,0,0.1139999999999998
1,0,-0.6666666666666666,0,0.3199999999999998
1,0,-0.6666666666666666,0,0.272
1,1,0.3333333333333333,0,0.1999999999999999
1,0,-0.3333333333333333,0,0.0819999999999998
1,0,-0.3333333333333333,0,0.1280000000000001
1,1,0.6666666666666666,1,0.992
1,0,-1.0,0,0.72
1,0,-0.3333333333333333,0,0.498
1,1,1.0,0,0.3
1,1,0.6666666666666666,1,0.1539999999999999
1,1,0.6666666666666666,0,0.1080000000000001
1,1,0.3333333333333333,0,0.0979999999999998
1,0,-0.6666666666666666,0,0.2119999999999999
1,0,-1.0,0,0.792
1,0,-0.6666666666666666,0,0.534
1,1,1.0,1,0.1379999999999999
1,1,1.0,1,0.27
1,0,-0.6666666666666666,0,0.3199999999999998
1,0,-1.0,0,0.6259999999999999
1,0,-1.0,0,0.292
1,0,-0.6666666666666666,0,0.0859999999999998
1,0,-0.3333333333333333,1,0.076
1,0,-0.6666666666666666,0,0.254
1,0,-0.6666666666666666,1,0.1200000000000001
1,0,-1.0,0,0.3879999999999999
1,1,1.0,1,0.81
1,1,0.3333333333333333,1,0.998
1,0,-0.6666666666666666,0,0.6059999999999999
1,0,-1.0,1,0.09
1,1,0.3333333333333333,0,0.6019999999999999
1,1,1.0,1,0.6060000000000001
1,0,-0.3333333333333333,1,0.2079999999999999
1,1,0.3333333333333333,1,0.098
1,0,-0.3333333333333333,0,0.2079999999999999
1,1,0.6666666666666666,1,0.6180000000000001
1,1,1.0,1,0.4179999999999999
1,0,-0.6666666666666666,0,0.1979999999999999
1,1,0.6666666666666666,0,0.0819999999999998
1,0,-1.0,0,0.6000000000000001
1,1,1.0,1,0.804
1,0,-0.3333333333333333,0,0.1179999999999998
1,1,0.6666666666666666,1,0.6040000000000001
1,0,-1.0,0,0.5979999999999999
1,0,-0.3333333333333333,0,0.99
1,1,1.0,1,1.0
1,1,0.6666666666666666,1,0.1060000000000001
1,0,-0.6666666666666666,0,0.984
1,1,1.0,1,0.8160000000000001
1,1,0.6666666666666666,1,0.6719999999999999
1,0,-1.0,0,0.948
1,1,1.0,1,0.56
1,0,-0.3333333333333333,0,0.034
1,1,1.0,1,0.316
1,1,0.3333333333333333,1,0.246
1,1,0.3333333333333333,1,0.508
1,1,1.0,1,0.802
1,0,-1.0,0,1.0
1,0,-1.0,1,0.802
1,1,1.0,1,0.802
1,0,-0.6666666666666666,0,0.6259999999999999
1,1,1.0,1,0.6299999999999999
1,0,-0.6666666666666666,0,0.1299999999999999
1,0,-0.6666666666666666,0,0.6120000000000001
1,1,0.6666666666666666,1,0.4019999999999999
1,1,0.6666666666666666,1,0.796
1,1,0.6666666666666666,0,0.1099999999999998
1,1,1.0,1,0.4079999999999999
1,1,0.3333333333333333,0,0.0779999999999998
1,1,1.0,1,0.1200000000000001
1,0,-0.6666666666666666,1,0.098
1,1,0.3333333333333333,0,0.092
1,0,-1.0,1,0.1200000000000001
1,0,-1.0,0,0.076
1,1,0.6666666666666666,0,0.056
1,1,0.6666666666666666,1,0.484
1,1,0.3333333333333333,1,0.052
1,0,-0.3333333333333333,0,0.3980000000000001
1,0,-0.6666666666666666,1,0.3999999999999999
1,0,-0.6666666666666666,0,0.6059999999999999
1,0,-0.6666666666666666,0,0.802
1,0,-0.3333333333333333,0,0.8
1,0,-0.6666666666666666,0,0.988
1,0,-1.0,0,0.804
1,0,-1.0,0,0.806
1,0,-0.3333333333333333,1,0.04
1,1,0.6666666666666666,0,0.79
1,0,-1.0,0,0.3820000000000001
1,1,0.3333333333333333,1,0.072
1,0,-0.6666666666666666,0,0.1339999999999999
1,1,0.6666666666666666,0,0.244
1,0,-0.3333333333333333,0,0.5960000000000001
1,1,0.3333333333333333,1,0.002
1,0,-0.3333333333333333,0,0.1680000000000001
1,0,-0.6666666666666666,0,0.0859999999999998
1,1,1.0,1,0.5920000000000001
1,1,1.0,1,0.7
1,0,-0.3333333333333333,0,0.3959999999999999
1,1,0.6666666666666666,0,0.4039999999999999
1,1,0.6666666666666666,1,0.6200000000000001
1,1,0.3333333333333333,1,0.2019999999999999
1,0,-1.0,0,0.5900000000000001
1,0,-1.0,0,0.5979999999999999
1,0,-1.0,1,0.4299999999999999
1,0,-1.0,0,0.6000000000000001
1,0,-1.0,0,0.5979999999999999
1,1,1.0,1,0.6080000000000001
1,1,1.0,1,0.6419999999999999
1,1,1.0,1,0.8480000000000001
1,1,0.6666666666666666,1,1.0
1,1,0.3333333333333333,1,1.0
1,1,1.0,1,1.0
1,0,-0.6666666666666666,1,0.81
1,1,0.3333333333333333,1,0.812
1,0,-0.3333333333333333,1,0.09
1,1,1.0,1,0.8979999999999999
1,0,-1.0,1,0.1120000000000001
1,1,0.3333333333333333,1,0.8180000000000001
1,1,1.0,1,0.8859999999999999
1,1,1.0,0,0.5960000000000001
1,0,-0.6666666666666666,1,0.286
1,0,-1.0,0,0.6000000000000001
1,1,0.6666666666666666,1,0.036
1,1,0.3333333333333333,1,0.1699999999999999
1,1,1.0,0,0.076
1,1,0.3333333333333333,1,0.2039999999999999
1,0,-1.0,0,0.236
1,1,0.3333333333333333,1,0.488
1,1,1.0,1,0.296
1,1,0.6666666666666666,1,0.6000000000000001
1,1,1.0,1,0.812
1,1,1.0,1,0.6080000000000001
1,1,1.0,1,0.794
1,1,1.0,0,0.0779999999999998
1,1,1.0,1,0.6100000000000001
1,0,-1.0,0,0.2239999999999999
1,1,0.6666666666666666,1,0.804
1,1,0.3333333333333333,1,0.796
1,1,0.3333333333333333,1,0.6040000000000001
1,1,0.3333333333333333,1,0.5940000000000001
1,1,1.0,1,0.918
1,1,1.0,1,1.0
1,0,-0.3333333333333333,1,1.0
1,1,1.0,1,0.8460000000000001
1,1,0.3333333333333333,1,0.4019999999999999
1,1,0.6666666666666666,1,0.746
1,1,1.0,1,0.998
1,0,-0.3333333333333333,1,0.094
1,1,0.6666666666666666,0,0.1859999999999999
1,1,0.3333333333333333,1,0.1839999999999999
1,0,-0.6666666666666666,1,0.4019999999999999
1,1,0.6666666666666666,1,0.4219999999999999
1,0,-1.0,0,0.03
1,1,0.6666666666666666,1,0.3700000000000001
1,0,-0.6666666666666666,0,0.0699999999999998
1,0,-1.0,0,0.2039999999999999
1,1,0.6666666666666666,1,0.5840000000000001
1,0,-1.0,1,0.3999999999999999
1,0,-1.0,0,0.4100000000000001
1,0,-0.6666666666666666,0,0.058
1,1,0.6666666666666666,1,0.546
1,1,0.3333333333333333,1,0.304
1,0,-0.3333333333333333,0,0.254
1,0,-0.6666666666666666,0,0.4220000000000001
1,1,0.6666666666666666,1,0.6220000000000001
1,1,0.6666666666666666,1,0.486
1,1,1.0,1,0.798
1,0,-0.6666666666666666,0,0.5979999999999999
1,0,-0.6666666666666666,0,0.5920000000000001
1,1,1.0,1,1.0
1,0,-0.6666666666666666,0,0.1200000000000001
1,0,-1.0,0,0.6059999999999999
1,0,-0.6666666666666666,1,0.074
1,0,-1.0,0,0.1259999999999999
1,0,-0.6666666666666666,1,0.1080000000000001
1,0,-1.0,0,0.5840000000000001
1,0,-1.0,0,0.4140000000000001
1,1,0.3333333333333333,0,0.6080000000000001
1,0,-0.3333333333333333,1,0.6259999999999999
1,1,0.6666666666666666,1,0.1080000000000001
1,0,-0.6666666666666666,0,0.4039999999999999
1,1,0.3333333333333333,1,0.1839999999999999
1,1,1.0,1,0.806
1,1,1.0,1,1.0
1,0,-0.6666666666666666,0,0.936
1,0,-0.3333333333333333,0,0.8319999999999999
1,0,-0.6666666666666666,0,0.8980000000000001
1,0,-0.3333333333333333,0,0.3959999999999999
1,0,-0.6666666666666666,0,0.6240000000000001
1,1,0.3333333333333333,0,0.292
1,0,-1.0,0,0.1979999999999999
1,0,-1.0,0,0.4199999999999999
1,0,-1.0,0,0.3820000000000001
1,0,-0.3333333333333333,0,0.306
1,1,1.0,1,0.6000000000000001
1,1,0.3333333333333333,0,0.1400000000000001
1,0,-0.3333333333333333,0,0.1080000000000001
1,1,0.6666666666666666,0,0.286
1,1,1.0,1,0.288
1,1,0.6666666666666666,0,0.284
1,0,-0.3333333333333333,0,0.286
1,1,0.3333333333333333,1,0.3360000000000001
1,1,0.3333333333333333,1,0.098
1,0,-0.6666666666666666,1,0.02
1,1,0.6666666666666666,0,0.1179999999999998
1,1,0.3333333333333333,0,0.4079999999999999
1,0,-1.0,1,0.78
1,0,-0.6666666666666666,1,0.068
1,1,0.6666666666666666,0,0.1
1,1,0.6666666666666666,1,0.1439999999999999
1,0,-0.3333333333333333,0,0.1
1,1,1.0,1,0.084
1,1,0.6666666666666666,0,0.0859999999999998
1,1,0.6666666666666666,0,0.1160000000000001
1,0,-0.3333333333333333,0,0.286
1,0,-0.3333333333333333,0,0.3940000000000001
1,1,1.0,1,0.2079999999999999
1,1,0.6666666666666666,1,0.2239999999999999
1,1,1.0,1,0.4079999999999999
1,1,1.0,1,0.002
1,1,0.3333333333333333,0,0.068
1,0,-0.3333333333333333,0,0.526
1,0,-1.0,0,0.2039999999999999
1,0,-0.6666666666666666,0,0.1999999999999999
1,1,0.6666666666666666,0,0.6000000000000001
1,1,1.0,0,0.1819999999999999
1,0,-0.3333333333333333,1,0.01
1,1,0.3333333333333333,1,0.07
1,0,-0.3333333333333333,1,0.002
1,1,1.0,0,0.1059999999999998
1,1,1.0,1,0.1679999999999999
1,1,0.6666666666666666,0,0.33
1,1,1.0,1,0.3320000000000001
1,1,0.3333333333333333,0,0.1219999999999998
1,0,-0.6666666666666666,0,0.5820000000000001
1,0,-0.6666666666666666,0,0.6219999999999999
1,0,-1.0,0,0.522
1,1,1.0,1,0.796
1,0,-1.0,0,0.988
1,1,0.3333333333333333,1,0.066
1,0,-0.6666666666666666,0,0.032
1,1,0.3333333333333333,0,0.306
1,1,1.0,1,0.278
1,1,0.3333333333333333,1,0.1
1,1,0.3333333333333333,1,0.1100000000000001
1,0,-0.6666666666666666,0,0.1779999999999999
1,0,-0.3333333333333333,0,0.248
1,0,-0.6666666666666666,0,0.1059999999999998
1,1,0.3333333333333333,1,0.1100000000000001
1,1,0.6666666666666666,0,0.3
1,1,0.6666666666666666,0,0.1080000000000001
1,0,-0.6666666666666666,0,0.0979999999999998
1,0,-0.3333333333333333,0,0.054
1,0,-0.3333333333333333,0,0.482
1,1,1.0,1,0.4159999999999999
1,0,-0.3333333333333333,0,0.562
1,0,-0.3333333333333333,0,0.92
1,0,-1.0,0,1.0
1,1,1.0,1,0.722
1,0,-1.0,0,0.8900000000000001
1,0,-0.3333333333333333,0,0.264
1,1,1.0,0,0.042
1,1,1.0,1,0.022
1,1,1.0,1,0.098
1,1,1.0,1,1.0
1,0,-0.3333333333333333,0,0.734
1,0,-1.0,0,1.0
1,1,0.3333333333333333,0,0.56
1,1,1.0,0,0.0859999999999998
1,1,1.0,1,0.6000000000000001
1,1,1.0,0,0.24
1,0,-1.0,0,0.4439999999999999
1,1,0.3333333333333333,0,0.4039999999999999
1,1,0.6666666666666666,1,0.054
1,0,-0.6666666666666666,0,0.1059999999999998
1,0,-0.6666666666666666,0,0.266
1,0,-0.6666666666666666,0,0.1619999999999999
1,1,0.3333333333333333,1,0.076
1,0,-0.3333333333333333,0,0.244
1,0,-0.3333333333333333,0,0.4300000000000001
1,0,-0.3333333333333333,0,0.5660000000000001
1,1,0.6666666666666666,0,0.1219999999999998
1,0,-0.3333333333333333,0,0.4679999999999999
1,1,0.3333333333333333,0,0.8860000000000001
1,1,1.0,1,0.1180000000000001
1,0,-0.3333333333333333,0,0.2219999999999999
1,0,-0.6666666666666666,0,0.4199999999999999
1,1,0.6666666666666666,0,0.6739999999999999
1,1,1.0,1,0.1200000000000001
1,1,1.0,0,0.1959999999999999
1,1,0.6666666666666666,1,0.482
1,0,-0.6666666666666666,0,0.1840000000000001
1,1,0.6666666666666666,1,0.8999999999999999
1,1,0.3333333333333333,1,0.326
1,1,0.3333333333333333,1,0.3839999999999999
1,1,0.6666666666666666,1,0.102
1,1,0.3333333333333333,1,0.5780000000000001
1,0,-1.0,0,0.4319999999999999
1,0,-0.6666666666666666,1,1.0
1,1,0.6666666666666666,1,0.548
1,0,-0.6666666666666666,0,0.05
1,1,1.0,1,0.6140000000000001
1,0,-1.0,0,0.4639999999999999
1,0,-0.6666666666666666,0,0.552
1,0,-0.6666666666666666,0,0.7
1,1,0.3333333333333333,1,0.904
1,1,0.6666666666666666,1,0.984
1,0,-0.3333333333333333,1,0.1200000000000001
1,1,0.6666666666666666,1,0.236
1,1,0.6666666666666666,1,0.088
1,0,-1.0,0,0.504
1,0,-0.6666666666666666,0,0.2119999999999999
1,0,-0.6666666666666666,0,0.2139999999999999
1,0,-0.3333333333333333,0,0.3919999999999999
1,1,1.0,1,0.2059999999999999
1,1,0.6666666666666666,1,0.2019999999999999
1,1,0.6666666666666666,1,0.3340000000000001
1,1,0.3333333333333333,1,0.3380000000000001
1,1,0.3333333333333333,1,0.236
1,0,-0.3333333333333333,0,0.3380000000000001
1,0,-0.3333333333333333,1,0.1319999999999999
1,0,-0.6666666666666666,0,0.048
1,0,-0.3333333333333333,1,0.094
1,1,0.6666666666666666,1,0.32
1,0,-0.6666666666666666,0,0.088
1,1,1.0,0,0.032
1,1,0.6666666666666666,1,0.3839999999999999
1,0,-0.3333333333333333,0,0.5660000000000001
1,1,1.0,1,0.318
1,0,-1.0,0,0.4119999999999999
1,0,-1.0,0,0.544
1,0,-1.0,1,0.2339999999999999
1,1,0.3333333333333333,0,0.2039999999999999
1,1,0.3333333333333333,1,0.2179999999999999
1,1,0.3333333333333333,1,0.2099999999999999
1,0,-0.3333333333333333,0,0.296
1,0,-0.3333333333333333,0,0.28
1,1,0.3333333333333333,1,0.1339999999999999
1,1,1.0,1,0.2199999999999999
1,0,-0.6666666666666666,1,0.3460000000000001
1,0,-0.6666666666666666,0,0.322
1,1,1.0,1,0.8260000000000001
1,1,1.0,1,0.734
1,1,0.6666666666666666,1,0.998
1,0,-0.6666666666666666,0,0.4020000000000001
1,1,0.3333333333333333,1,0.5720000000000001
1,0,-0.6666666666666666,1,0.064
1,0,-0.3333333333333333,1,0.06
1,0,-0.3333333333333333,0,0.046
1,0,-0.3333333333333333,0,0.258
1,0,-1.0,0,0.4579999999999999
1,0,-0.6666666666666666,1,0.3460000000000001
1,0,-0.6666666666666666,0,0.1480000000000001
1,1,0.3333333333333333,1,0.1439999999999999
1,0,-1.0,0,0.5800000000000001
1,0,-1.0,0,0.6080000000000001
1,0,-0.3333333333333333,0,0.1320000000000001
1,0,-1.0,0,0.508
1,0,-0.3333333333333333,0,0.29
1,1,0.3333333333333333,1,0.2019999999999999
1,1,1.0,1,0.1759999999999999
1,1,1.0,0,0.3199999999999998
1,0,-0.6666666666666666,0,0.06
1,1,0.6666666666666666,1,0.2279999999999999
1,0,-0.6666666666666666,1,0.316
1,0,-1.0,0,0.4140000000000001
1,1,0.3333333333333333,1,0.4119999999999999
1,1,0.6666666666666666,1,0.074
1,0,-1.0,0,0.3799999999999999
1,0,-1.0,0,0.8919999999999999
1,1,0.3333333333333333,0,0.494
1,1,0.3333333333333333,1,0.8200000000000001
1,0,-0.6666666666666666,0,0.6120000000000001
1,1,0.6666666666666666,1,0.4119999999999999
1,0,-0.6666666666666666,0,0.3820000000000001
1,1,1.0,1,0.808
1,1,1.0,1,0.794
1,0,-0.3333333333333333,0,0.698
1,1,0.6666666666666666,1,0.304
1,0,-1.0,0,0.8220000000000001
1,0,-0.3333333333333333,1,0.088
1,1,0.6666666666666666,0,0.5979999999999999
1,1,0.3333333333333333,1,0.292
1,1,0.3333333333333333,0,0.5780000000000001
1,0,-1.0,0,0.5880000000000001
1,1,0.6666666666666666,1,0.032
1,0,-1.0,0,0.5920000000000001
1,1,0.6666666666666666,1,0.064
1,0,-0.6666666666666666,0,0.3999999999999999
1,0,-0.3333333333333333,0,0.294
1,1,0.6666666666666666,1,0.2199999999999999
1,0,-0.6666666666666666,0,0.31
1,0,-1.0,0,0.6099999999999999
1,1,0.3333333333333333,1,0.1719999999999999
1,0,-0.6666666666666666,0,0.3900000000000001
1,0,-0.3333333333333333,0,0.1779999999999999
1,1,0.6666666666666666,1,0.6040000000000001
1,1,0.6666666666666666,1,0.1140000000000001
1,0,-0.6666666666666666,0,0.5
1,1,0.6666666666666666,1,0.3939999999999999
1,1,0.3333333333333333,1,0.4059999999999999
1,0,-1.0,0,0.3820000000000001
1,0,-0.3333333333333333,1,0.1959999999999999
1,1,1.0,1,0.6160000000000001
1,1,0.6666666666666666,1,0.6759999999999999
1,1,0.3333333333333333,1,1.0
1,1,0.3333333333333333,0,0.058
1,0,-0.6666666666666666,0,0.028
1,1,0.3333333333333333,1,0.3979999999999999
1,1,0.3333333333333333,1,0.6739999999999999
1,0,-0.3333333333333333,0,0.1120000000000001
1,1,0.6666666666666666,1,0.6120000000000001
1,0,-0.6666666666666666,0,0.804
1,1,0.6666666666666666,1,0.808
1,1,0.6666666666666666,1,0.6160000000000001
1,1,1.0,1,0.8340000000000001
1,0,-0.6666666666666666,0,0.786
1,0,-0.6666666666666666,0,0.986
1,1,0.3333333333333333,0,0.6179999999999999
1,1,1.0,1,0.808
1,0,-0.6666666666666666,1,0.472
1,1,1.0,0,0.3159999999999998
1,0,-0.3333333333333333,1,0.078
1,1,0.3333333333333333,1,0.062
1,0,-1.0,0,0.3879999999999999
1,0,-0.6666666666666666,0,0.5780000000000001
1,0,-1.0,0,0.6000000000000001
1,0,-0.6666666666666666,0,0.244
1,0,-1.0,0,0.5979999999999999
1,1,0.3333333333333333,0,0.4239999999999999
1,0,-0.6666666666666666,1,0.2039999999999999
1,0,-0.6666666666666666,0,0.312
1,1,0.6666666666666666,0,0.308
1,1,0.3333333333333333,0,0.252
1,0,-0.6666666666666666,0,0.26
1,1,0.3333333333333333,0,0.2199999999999999
1,1,1.0,1,0.074
1,1,0.3333333333333333,1,0.08
1,1,0.6666666666666666,0,0.4079999999999999
1,0,-0.3333333333333333,0,0.4020000000000001
1,0,-0.6666666666666666,0,1.0
1,1,1.0,1,1.0
1,0,-0.6666666666666666,0,0.8999999999999999
1,1,1.0,1,0.938
1,1,1.0,1,0.796
1,1,0.3333333333333333,1,0.096
1,1,1.0,1,0.3580000000000001
1,0,-0.3333333333333333,1,0.29
1,0,-1.0,0,0.3279999999999998
1,0,-1.0,0,0.4079999999999999
1,0,-0.6666666666666666,0,0.6000000000000001
1,1,1.0,1,0.6200000000000001
1,1,0.6666666666666666,1,0.702
1,1,0.6666666666666666,1,0.6619999999999999
1,1,1.0,1,0.786
1,0,-1.0,0,0.8
1,1,0.3333333333333333,1,0.1100000000000001
1,0,-0.6666666666666666,1,0.1120000000000001
1,0,-0.3333333333333333,1,0.284
1,0,-1.0,0,0.488
1,0,-0.6666666666666666,1,0.3700000000000001
1,0,-0.3333333333333333,0,0.048
1,1,0.3333333333333333,1,0.3979999999999999
1,0,-1.0,1,0.1819999999999999
1,0,-0.3333333333333333,0,0.064
1,0,-1.0,0,0.312
1,0,-1.0,1,0.496
1,0,-0.6666666666666666,0,0.1419999999999999
1,0,-0.3333333333333333,0,0.554
1,0,-1.0,0,0.808
1,0,-0.3333333333333333,0,0.5780000000000001
1,0,-0.3333333333333333,0,0.4279999999999999
1,1,1.0,1,0.1299999999999999
1,0,-1.0,0,0.3839999999999999
1,1,0.6666666666666666,1,0.52
1,1,0.6666666666666666,1,0.5960000000000001
1,0,-0.3333333333333333,0,0.1160000000000001
1,0,-0.6666666666666666,0,0.296
1,0,-0.6666666666666666,0,0.288
1,1,0.3333333333333333,1,0.4239999999999999
1,0,-1.0,0,0.4199999999999999
1,0,-0.3333333333333333,0,0.0819999999999998
1,0,-0.3333333333333333,0,0.326
1,1,0.6666666666666666,1,0.1399999999999999
1,0,-1.0,1,0.1080000000000001
1,1,0.3333333333333333,1,0.1339999999999999
1,1,1.0,1,0.1419999999999999
1,0,-0.3333333333333333,0,0.302
1,0,-0.6666666666666666,0,0.1059999999999998
1,1,0.3333333333333333,0,0.49
1,0,-0.6666666666666666,0,0.1099999999999998
1,1,0.3333333333333333,0,0.28
1,0,-1.0,0,0.248
1,0,-0.6666666666666666,0,0.3279999999999998
1,0,-0.6666666666666666,0,0.5800000000000001
1,1,1.0,1,0.1419999999999999
1,1,0.3333333333333333,0,0.516
1,0,-0.3333333333333333,1,0.1200000000000001
1,1,0.3333333333333333,1,0.1180000000000001
1,1,0.3333333333333333,1,0.09
1,0,-0.3333333333333333,1,0.1679999999999999
1,1,0.6666666666666666,1,0.078
1,0,-0.3333333333333333,1,0.07
1,1,0.3333333333333333,1,0.072
1,0,-0.3333333333333333,1,0.2139999999999999
1,1,0.3333333333333333,1,0.262
1,1,1.0,1,0.244
1,1,1.0,1,0.542
1,1,1.0,1,0.296
1,1,0.6666666666666666,1,0.318
1,1,0.3333333333333333,1,0.102
1,1,0.6666666666666666,1,0.8160000000000001
1,0,-1.0,0,0.706
1,1,0.3333333333333333,1,0.734
1,0,-0.3333333333333333,0,0.512
1,1,0.3333333333333333,1,0.1879999999999999
1,1,0.6666666666666666,1,0.1919999999999999
1,0,-0.6666666666666666,1,0.1419999999999999
1,0,-1.0,0,1.0
1,0,-1.0,0,0.6280000000000001
1,1,0.3333333333333333,1,0.6339999999999999
1,0,-0.3333333333333333,0,0.6320000000000001
1,1,0.3333333333333333,0,0.5939999999999999
1,0,-1.0,0,0.312
1,0,-0.6666666666666666,0,0.502
1,1,1.0,0,0.2259999999999999
1,0,-0.6666666666666666,0,0.4119999999999999
1,1,0.3333333333333333,1,0.4139999999999999
1,0,-1.0,0,0.496
1,1,0.6666666666666666,0,0.4220000000000001
1,0,-0.3333333333333333,0,0.4539999999999999
1,0,-0.3333333333333333,0,0.3460000000000001
1,0,-0.6666666666666666,0,0.4180000000000001
1,1,1.0,1,0.5840000000000001
1,0,-1.0,0,0.4559999999999999
1,1,1.0,0,0.3340000000000001
1,1,0.6666666666666666,1,0.3640000000000001
1,1,0.6666666666666666,1,0.044
1,1,0.3333333333333333,1,0.068
1,0,-0.6666666666666666,0,0.3860000000000001
1,0,-0.3333333333333333,0,0.6059999999999999
1,0,-1.0,0,0.784
1,0,-0.3333333333333333,0,0.8319999999999999
1,1,0.6666666666666666,0,0.8820000000000001
1,0,-0.3333333333333333,1,0.1519999999999999
1,1,1.0,1,0.8160000000000001
1,0,-1.0,0,0.1379999999999999
1,0,-1.0,1,0.2139999999999999
1,1,0.6666666666666666,1,0.6220000000000001
1,1,1.0,1,0.062
1,1,1.0,1,0.3560000000000001
1,0,-1.0,0,0.516
1,1,0.6666666666666666,1,0.5860000000000001
1,1,0.3333333333333333,1,0.282
1,0,-1.0,0,0.4579999999999999
1,0,-0.3333333333333333,1,0.3799999999999999
1,1,0.3333333333333333,0,0.0659999999999998
1,0,-0.3333333333333333,0,0.3860000000000001
1,1,0.6666666666666666,1,0.6180000000000001
1,0,-0.3333333333333333,1,0.6000000000000001
1,0,-1.0,0,0.314
1,1,0.3333333333333333,1,0.516
1,0,-0.6666666666666666,0,0.3820000000000001
1,0,-1.0,0,0.788
1,0,-1.0,0,0.984
1,0,-0.3333333333333333,0,0.096
1,1,1.0,0,0.3999999999999999
1,1,1.0,1,0.51
1,1,0.6666666666666666,1,0.1719999999999999
1,1,0.6666666666666666,1,0.33
1,0,-0.3333333333333333,0,0.5920000000000001
1,1,1.0,1,0.4139999999999999
1,0,-0.6666666666666666,0,0.6320000000000001
1,0,-0.3333333333333333,1,0.046
1,0,-0.3333333333333333,0,0.056
1,0,-0.6666666666666666,0,0.532
1,0,-0.6666666666666666,0,0.6299999999999999
1,0,-1.0,0,0.8700000000000001
1,1,0.6666666666666666,1,0.79
1,1,1.0,1,0.1999999999999999
1,1,1.0,1,0.502
1,1,0.6666666666666666,1,0.316
1,0,-0.3333333333333333,0,0.754
1,0,-0.3333333333333333,0,0.2059999999999999
1,0,-0.6666666666666666,0,0.6400000000000001
1,1,0.6666666666666666,1,0.008
1,0,-0.6666666666666666,0,0.4119999999999999
1,0,-1.0,0,0.984
1,1,0.6666666666666666,1,0.008
1,1,0.6666666666666666,1,0.1919999999999999
1,1,0.3333333333333333,1,0.034
1,1,1.0,1,0.038
1,0,-0.6666666666666666,0,0.1959999999999999
1,1,1.0,1,0.1180000000000001
1,1,0.3333333333333333,1,0.022
1,1,1.0,1,0.5960000000000001
1,0,-1.0,0,0.6120000000000001
1,0,-1.0,0,0.1720000000000001
1,0,-0.3333333333333333,0,0.024
1,0,-0.6666666666666666,1,0.092
1,0,-0.6666666666666666,0,0.056
1,1,1.0,1,0.1919999999999999
1,0,-0.3333333333333333,1,0.05
1,1,1.0,0,0.088
1,0,-0.6666666666666666,0,0.0939999999999998
1,0,-0.6666666666666666,1,0.1739999999999999
1,1,1.0,1,0.4119999999999999
1,0,-0.6666666666666666,0,0.5840000000000001
1,0,-0.3333333333333333,0,0.3
1,0,-1.0,0,1.0
1,1,1.0,1,1.0
1,0,-0.3333333333333333,0,0.1879999999999999
1,1,0.3333333333333333,0,0.058
1,1,0.3333333333333333,1,0.4159999999999999
1,1,1.0,1,0.704
1,0,-0.3333333333333333,0,0.2099999999999999
1,1,0.3333333333333333,1,0.294
1,1,0.6666666666666666,0,0.1859999999999999
1,0,-0.3333333333333333,0,0.1379999999999999
1,1,1.0,1,0.516
1,1,1.0,1,0.786
1,1,0.6666666666666666,1,0.266
1,0,-0.3333333333333333,0,0.0819999999999998
1,1,1.0,1,0.514
1,0,-1.0,0,0.8260000000000001
1,1,0.3333333333333333,0,0.068
1,1,0.6666666666666666,1,0.508
1,0,-1.0,0,0.502
1,0,-1.0,0,0.962
1,1,0.6666666666666666,1,0.804
1,0,-0.6666666666666666,0,1.0
1,1,1.0,1,0.8580000000000001
1,1,0.6666666666666666,1,0.956
1,1,0.6666666666666666,0,0.8719999999999999
1,0,-1.0,0,0.4260000000000001
1,0,-1.0,0,0.5979999999999999
1,0,-0.6666666666666666,0,0.508
1,1,0.6666666666666666,1,0.532
1,1,1.0,1,0.6859999999999999
1,0,-0.3333333333333333,0,0.5700000000000001
1,0,-1.0,0,0.6200000000000001
1,0,-1.0,0,0.5800000000000001
1,0,-1.0,0,0.032
1,1,0.6666666666666666,1,0.3700000000000001
1,0,-0.3333333333333333,0,0.708
1,0,-0.3333333333333333,1,0.702
1,0,-1.0,0,0.784
1,0,-0.3333333333333333,0,0.6299999999999999
1,0,-0.3333333333333333,0,0.486
1,0,-0.3333333333333333,0,0.534
1,0,-0.3333333333333333,0,0.5700000000000001
1,1,0.3333333333333333,0,0.51
1,0,-0.3333333333333333,0,0.1459999999999999
1,0,-0.6666666666666666,0,0.302
1,1,0.3333333333333333,1,0.792
1,1,1.0,0,0.3980000000000001
1,1,0.6666666666666666,1,0.5640000000000001
1,1,1.0,1,0.53
1,1,0.3333333333333333,0,0.1619999999999999
1,0,-1.0,0,0.1200000000000001
1,1,0.6666666666666666,1,0.514
1,1,1.0,1,0.8740000000000001
1,1,1.0,1,0.728
1,1,1.0,1,0.054
1,1,1.0,0,0.486
1,0,-1.0,0,0.018
1,0,-0.6666666666666666,1,0.094
1,1,0.6666666666666666,0,0.0819999999999998
1,0,-0.3333333333333333,0,0.274
1,0,-0.3333333333333333,0,0.4060000000000001
1,1,1.0,1,0.5760000000000001
1,1,1.0,1,0.742
2,0,-1.0,0,0.5820000000000001
2,0,-0.3333333333333333,0,0.3940000000000001
2,1,1.0,1,1.0
2,1,0.6666666666666666,1,1.0
2,1,0.6666666666666666,1,0.994
2,1,0.3333333333333333,1,0.986
2,1,0.3333333333333333,1,0.002
2,0,-0.6666666666666666,0,0.4079999999999999
2,1,0.6666666666666666,1,1.0
2,1,1.0,1,0.986
2,0,-0.6666666666666666,0,0.508
2,1,0.3333333333333333,0,0.0
2,1,0.6666666666666666,1,1.0
2,1,0.6666666666666666,1,0.99
2,1,1.0,1,0.994
2,0,-0.3333333333333333,0,1.0
2,0,-1.0,0,0.996
2,1,0.6666666666666666,1,0.998
2,0,-0.3333333333333333,0,0.724
2,0,-0.6666666666666666,0,1.0
2,0,-0.6666666666666666,1,0.6140000000000001
2,1,1.0,1,0.4039999999999999
2,1,0.6666666666666666,1,0.002
2,0,-0.3333333333333333,0,0.278
2,1,1.0,1,0.5920000000000001
2,0,-0.3333333333333333,1,0.092
2,0,-0.3333333333333333,0,0.4100000000000001
2,0,-0.6666666666666666,0,0.5780000000000001
2,1,1.0,1,0.6279999999999999
2,1,0.3333333333333333,1,0.104
2,1,1.0,1,1.0
2,0,-1.0,1,0.092
2,0,-0.3333333333333333,1,0.062
2,1,0.3333333333333333,1,0.002
2,1,1.0,1,0.4019999999999999
2,0,-1.0,0,0.6000000000000001
2,1,0.3333333333333333,1,0.2019999999999999
2,1,0.6666666666666666,1,0.4279999999999999
2,1,0.3333333333333333,0,0.3460000000000001
2,1,0.3333333333333333,1,0.002
2,0,-0.6666666666666666,0,0.3980000000000001
2,0,-1.0,0,0.792
2,0,-1.0,0,0.802
2,0,-1.0,0,0.808
2,1,1.0,1,1.0
2,1,0.3333333333333333,1,0.002
2,1,1.0,1,0.99
2,1,0.3333333333333333,1,0.4459999999999999
2,0,-0.6666666666666666,0,0.4220000000000001
2,0,-0.6666666666666666,1,0.002
2,0,-0.6666666666666666,0,0.1859999999999999
2,0,-0.6666666666666666,1,0.044
2,0,-0.3333333333333333,1,0.002
2,1,0.6666666666666666,1,0.2059999999999999
2,1,1.0,1,0.1999999999999999
2,0,-1.0,0,0.938
2,1,1.0,1,0.4039999999999999
2,0,-1.0,0,0.972
2,1,0.6666666666666666,0,0.4079999999999999
2,0,-0.3333333333333333,0,0.0939999999999998
2,0,-1.0,0,1.0
2,0,-0.6666666666666666,1,0.1259999999999999
2,1,1.0,1,0.1979999999999999
2,1,1.0,1,0.2119999999999999
2,0,-0.6666666666666666,0,0.3
2,0,-1.0,1,0.1959999999999999
2,1,1.0,1,0.002
2,1,0.3333333333333333,1,0.3899999999999999
2,1,1.0,1,0.4179999999999999
2,0,-1.0,0,1.0
2,0,-0.3333333333333333,0,0.3999999999999999
2,1,1.0,1,0.5940000000000001
2,0,-0.3333333333333333,0,1.0
2,1,0.6666666666666666,1,1.0
2,0,-0.3333333333333333,0,1.0
2,0,-0.6666666666666666,0,1.0
2,0,-0.3333333333333333,1,1.0
2,0,-0.6666666666666666,1,1.0
2,0,-0.3333333333333333,0,0.99
2,1,0.6666666666666666,1,0.1699999999999999
2,1,1.0,1,0.986
2,1,1.0,1,0.986
2,0,-1.0,0,0.98
2,1,1.0,1,0.992
2,0,-0.6666666666666666,1,0.952
2,0,-0.3333333333333333,0,0.812
2,0,-0.3333333333333333,0,0.8319999999999999
2,1,0.6666666666666666,1,0.98
2,0,-0.6666666666666666,0,0.966
2,0,-0.3333333333333333,0,0.96
2,0,-0.3333333333333333,0,0.3700000000000001
2,0,-1.0,0,0.6619999999999999
2,0,-0.3333333333333333,0,0.6040000000000001
2,1,1.0,1,1.0
2,1,0.6666666666666666,1,0.1939999999999999
2,1,0.6666666666666666,1,0.2059999999999999
2,0,-0.3333333333333333,1,0.3999999999999999
2,0,-1.0,0,1.0
2,1,0.3333333333333333,1,0.002
2,0,-0.3333333333333333,1,0.306
2,0,-0.6666666666666666,0,0.974
2,0,-0.6666666666666666,0,1.0
2,0,-0.3333333333333333,0,0.01
2,1,1.0,1,1.0
2,1,0.3333333333333333,1,0.07
2,0,-1.0,0,1.0
2,1,0.3333333333333333,1,1.0
2,0,-0.3333333333333333,0,1.0
2,1,0.3333333333333333,1,0.51
2,0,-0.3333333333333333,0,0.964
2,1,0.6666666666666666,1,1.0
2,0,-1.0,0,0.3940000000000001
2,0,-1.0,0,1.0
2,1,0.3333333333333333,1,0.806
2,1,0.6666666666666666,0,0.2159999999999999
2,0,-0.6666666666666666,0,0.1919999999999999
2,0,-1.0,0,0.5800000000000001
2,0,-0.3333333333333333,1,0.998
2,0,-0.3333333333333333,1,0.084
2,1,1.0,1,0.2059999999999999
2,1,1.0,0,0.4039999999999999
2,0,-0.6666666666666666,1,0.002
2,1,1.0,1,0.294
2,1,0.3333333333333333,1,0.002
2,1,0.6666666666666666,1,0.3979999999999999
2,1,0.3333333333333333,0,0.1859999999999999
2,0,-0.6666666666666666,0,0.3959999999999999
2,1,0.6666666666666666,1,0.006
2,0,-0.3333333333333333,1,0.002
2,0,-0.6666666666666666,1,0.002
2,0,-0.3333333333333333,1,0.002
2,1,1.0,1,0.2019999999999999
2,1,0.6666666666666666,1,0.072
2,0,-0.3333333333333333,0,0.4020000000000001
2,0,-1.0,0,0.6139999999999999
2,1,0.3333333333333333,0,0.1879999999999999
2,0,-1.0,0,0.2099999999999999
2,0,-0.3333333333333333,0,0.1819999999999999
2,0,-0.3333333333333333,1,0.002
2,1,0.3333333333333333,1,0.002
2,1,1.0,1,0.6140000000000001
2,1,0.6666666666666666,1,0.788
2,1,0.6666666666666666,1,0.2259999999999999
2,0,-1.0,0,0.6179999999999999
2,0,-1.0,0,0.8180000000000001
2,0,-1.0,0,0.986
2,0,-0.3333333333333333,0,0.778
2,0,-0.6666666666666666,0,0.776
2,1,0.6666666666666666,0,0.054
2,0,-1.0,0,0.6019999999999999
2,0,-1.0,0,0.998
2,1,1.0,1,1.0
2,1,0.6666666666666666,1,0.5780000000000001
2,0,-0.6666666666666666,0,0.6539999999999999
2,0,-0.6666666666666666,0,0.812
2,1,0.3333333333333333,0,0.3999999999999999
2,0,-0.6666666666666666,0,0.1819999999999999
2,0,-0.6666666666666666,1,0.002
2,0,-0.3333333333333333,0,0.1879999999999999
2,1,0.3333333333333333,1,0.1399999999999999
2,1,1.0,1,0.2059999999999999
2,1,1.0,1,0.002
2,0,-0.6666666666666666,1,0.008
2,1,1.0,1,0.5940000000000001
2,0,-0.6666666666666666,0,0.6160000000000001
2,0,-0.3333333333333333,0,0.4039999999999999
2,0,-1.0,0,0.3940000000000001
2,0,-1.0,0,0.81
2,0,-1.0,0,1.0
2,0,-1.0,0,0.994
2,1,0.3333333333333333,0,0.4159999999999999
2,0,-1.0,0,1.0
2,1,0.6666666666666666,0,0.3780000000000001
2,1,0.3333333333333333,1,0.6379999999999999
2,1,1.0,1,1.0
2,1,1.0,1,0.3939999999999999
2,1,0.6666666666666666,1,0.002
2,0,-0.3333333333333333,0,0.788
2,1,0.6666666666666666,1,1.0
2,1,0.6666666666666666,0,0.314
2,0,-1.0,0,0.988
2,0,-1.0,0,1.0
2,0,-0.6666666666666666,1,0.09
2,0,-0.6666666666666666,1,0.002
2,0,-0.3333333333333333,0,0.2019999999999999
2,1,0.3333333333333333,0,0.6040000000000001
2,1,0.6666666666666666,0,0.0
2,0,-0.3333333333333333,0,1.0
2,0,-0.6666666666666666,0,0.0699999999999998
2,0,-0.6666666666666666,0,0.5660000000000001
2,0,-0.6666666666666666,0,1.0
2,1,0.3333333333333333,0,0.05
2,1,1.0,1,0.002
2,1,0.3333333333333333,1,0.066
2,1,0.3333333333333333,0,0.032
2,1,0.6666666666666666,0,0.25
2,1,1.0,1,0.5940000000000001
2,0,-0.6666666666666666,0,0.3879999999999999
2,0,-0.3333333333333333,0,0.02
2,0,-0.6666666666666666,1,0.2319999999999999
2,1,0.3333333333333333,1,0.996
2,1,1.0,1,0.99
2,1,1.0,1,1.0
2,1,1.0,1,1.0
2,1,0.3333333333333333,1,1.0
2,1,1.0,1,0.4059999999999999
2,0,-0.6666666666666666,0,0.3820000000000001
2,1,1.0,1,0.94
2,1,1.0,1,0.3999999999999999
2,0,-0.3333333333333333,1,0.002
2,1,1.0,1,0.6279999999999999
2,0,-0.6666666666666666,0,0.2059999999999999
2,1,0.6666666666666666,1,0.2119999999999999
2,0,-0.3333333333333333,1,0.2259999999999999
2,0,-0.6666666666666666,1,0.3959999999999999
2,1,1.0,1,0.4059999999999999
2,0,-1.0,1,0.002
2,0,-1.0,1,0.4359999999999999
2,0,-1.0,0,0.4199999999999999
2,1,1.0,1,0.4079999999999999
2,0,-0.3333333333333333,1,0.2179999999999999
2,0,-0.6666666666666666,1,0.2179999999999999
2,0,-0.6666666666666666,0,0.1939999999999999
2,1,1.0,0,0.2259999999999999
2,0,-1.0,0,0.1999999999999999
2,0,-1.0,0,0.3780000000000001
2,1,0.3333333333333333,1,0.1939999999999999
2,1,1.0,1,0.3959999999999999
2,0,-0.6666666666666666,0,0.3999999999999999
2,1,1.0,0,0.248
2,1,0.6666666666666666,1,0.3939999999999999
2,0,-1.0,0,0.3839999999999999
2,0,-0.6666666666666666,0,0.4039999999999999
2,1,0.3333333333333333,0,0.1699999999999999
2,1,0.3333333333333333,1,0.1299999999999999
2,0,-0.3333333333333333,0,0.2079999999999999
2,1,1.0,1,0.4239999999999999
2,0,-1.0,0,0.2159999999999999
2,1,0.6666666666666666,1,0.002
2,1,0.6666666666666666,0,0.2039999999999999
2,1,1.0,1,0.4159999999999999
2,1,0.6666666666666666,1,0.4019999999999999
2,0,-0.3333333333333333,0,0.1959999999999999
2,1,0.6666666666666666,1,0.24
2,0,-0.6666666666666666,0,0.3980000000000001
2,1,0.6666666666666666,1,0.084
2,1,0.3333333333333333,1,0.1759999999999999
2,0,-0.3333333333333333,1,0.2119999999999999
2,0,-0.3333333333333333,1,0.06
2,0,-0.6666666666666666,1,0.002
2,0,-1.0,0,0.3959999999999999
2,0,-0.6666666666666666,0,0.4140000000000001
2,0,-0.6666666666666666,1,0.1879999999999999
2,0,-0.3333333333333333,1,0.2119999999999999
2,1,0.3333333333333333,0,0.1600000000000001
2,0,-0.3333333333333333,0,0.3820000000000001
2,0,-0.6666666666666666,0,0.2059999999999999
2,0,-0.6666666666666666,0,0.79
2,1,0.6666666666666666,1,0.4119999999999999
2,1,0.6666666666666666,1,0.3919999999999999
2,0,-1.0,0,0.4319999999999999
2,1,0.6666666666666666,1,0.3879999999999999
2,0,-1.0,0,0.478
2,0,-0.6666666666666666,0,0.2219999999999999
2,1,1.0,1,0.3879999999999999
2,0,-0.6666666666666666,0,0.5860000000000001
2,1,1.0,1,1.0
2,1,0.3333333333333333,1,0.982
2,1,0.6666666666666666,1,0.1220000000000001
2,0,-0.3333333333333333,1,0.2039999999999999
2,0,-1.0,0,0.0819999999999998
2,0,-1.0,0,0.4399999999999999
2,1,0.6666666666666666,1,0.5960000000000001
2,1,1.0,1,1.0
2,0,-0.3333333333333333,1,0.002
2,1,0.6666666666666666,1,0.3959999999999999
2,1,0.3333333333333333,1,0.3899999999999999
2,0,-1.0,0,0.476
2,0,-0.6666666666666666,0,0.782
2,1,1.0,1,0.984
2,0,-0.6666666666666666,0,0.752
2,1,0.6666666666666666,1,1.0
2,0,-0.3333333333333333,0,1.0
2,1,0.3333333333333333,0,0.1659999999999999
2,1,0.3333333333333333,1,0.996
2,0,-0.3333333333333333,0,0.2059999999999999
2,1,1.0,1,0.2059999999999999
2,1,0.3333333333333333,1,0.1120000000000001
2,1,0.6666666666666666,0,0.036
2,1,0.6666666666666666,1,0.3759999999999999
2,0,-0.6666666666666666,0,0.1859999999999999
2,0,-0.6666666666666666,0,0.3460000000000001
2,1,1.0,1,0.952
2,1,1.0,1,1.0
2,0,-0.3333333333333333,1,0.2039999999999999
2,1,0.6666666666666666,1,0.8799999999999999
2,1,0.6666666666666666,1,0.3959999999999999
2,0,-1.0,0,0.4039999999999999
2,0,-0.6666666666666666,1,0.4419999999999999
2,1,1.0,1,0.4119999999999999
2,0,-1.0,0,0.3860000000000001
2,1,0.6666666666666666,0,0.3879999999999999
2,0,-1.0,0,1.0
2,0,-1.0,0,0.992
2,1,0.3333333333333333,0,0.996
2,1,0.6666666666666666,0,0.4119999999999999
2,0,-0.3333333333333333,0,0.6019999999999999
2,0,-0.6666666666666666,1,0.1879999999999999
2,1,0.6666666666666666,1,0.3919999999999999
2,0,-1.0,0,0.5840000000000001
2,0,-0.6666666666666666,0,0.79
2,1,1.0,1,1.0
2,1,1.0,1,1.0
2,0,-1.0,0,1.0
2,1,0.6666666666666666,1,1.0
2,0,-0.3333333333333333,1,0.002
2,1,0.3333333333333333,1,0.1819999999999999
2,0,-0.3333333333333333,0,0.1979999999999999
2,1,1.0,1,0.3999999999999999
2,0,-1.0,0,0.2039999999999999
2,1,0.3333333333333333,1,0.1899999999999999
2,1,0.3333333333333333,1,0.002
2,1,1.0,1,0.2179999999999999
2,1,0.3333333333333333,1,0.4059999999999999
2,1,0.3333333333333333,0,0.3860000000000001
2,1,0.3333333333333333,1,0.26
2,1,0.6666666666666666,1,0.002
2,0,-1.0,0,0.808
2,0,-0.6666666666666666,0,1.0
2,0,-1.0,0,0.776
2,0,-1.0,1,0.002
2,1,0.3333333333333333,1,0.098
2,1,1.0,1,0.068
2,0,-0.3333333333333333,0,0.242
2,1,1.0,1,0.236
2,1,1.0,1,0.714
2,1,0.3333333333333333,0,0.1240000000000001
2,1,0.6666666666666666,1,0.2239999999999999
2,1,1.0,1,0.3819999999999999
2,0,-0.3333333333333333,0,0.6259999999999999
2,0,-1.0,0,0.976
2,1,0.6666666666666666,1,0.3620000000000001
2,1,0.6666666666666666,1,0.1719999999999999
2,0,-1.0,0,0.3719999999999999
2,1,1.0,1,0.6180000000000001
2,0,-0.6666666666666666,0,0.6259999999999999
2,1,0.3333333333333333,0,0.4159999999999999
2,1,0.3333333333333333,1,0.3879999999999999
2,0,-0.6666666666666666,0,0.6280000000000001
2,0,-0.3333333333333333,1,0.1060000000000001
2,1,1.0,1,1.0
2,0,-1.0,0,0.978
2,0,-1.0,0,1.0
2,1,0.6666666666666666,1,1.0
2,1,0.3333333333333333,1,1.0
2,0,-0.3333333333333333,1,0.4119999999999999
2,0,-0.6666666666666666,1,0.2059999999999999
2,0,-1.0,0,0.3799999999999999
2,0,-0.6666666666666666,0,0.8140000000000001
2,1,0.3333333333333333,1,0.8560000000000001
2,1,0.6666666666666666,1,0.5940000000000001
2,0,-0.3333333333333333,1,0.048
2,1,0.6666666666666666,1,0.2339999999999999
2,1,0.6666666666666666,1,0.29
2,1,0.6666666666666666,1,0.922
2,1,0.3333333333333333,1,0.1739999999999999
2,0,-0.3333333333333333,1,0.2179999999999999
2,1,0.6666666666666666,1,0.044
2,1,1.0,1,0.002
2,1,0.6666666666666666,1,0.1879999999999999
2,1,1.0,1,0.6100000000000001
2,1,0.3333333333333333,1,0.5800000000000001
2,0,-1.0,1,0.002
2,1,1.0,1,0.4639999999999999
2,0,-0.3333333333333333,1,0.002
2,1,0.3333333333333333,1,0.2019999999999999
2,1,0.6666666666666666,1,0.5900000000000001
2,1,1.0,1,0.3899999999999999
2,0,-1.0,0,0.81
2,1,1.0,1,0.1939999999999999
2,1,1.0,1,0.004
2,1,1.0,1,0.2159999999999999
2,0,-0.6666666666666666,0,0.6360000000000001
2,0,-0.3333333333333333,0,0.488
2,1,0.3333333333333333,1,0.1939999999999999
2,1,0.6666666666666666,1,0.09
2,0,-1.0,0,0.3959999999999999
2,0,-1.0,0,0.786
2,1,0.6666666666666666,1,0.3859999999999999
2,0,-1.0,0,1.0
2,1,0.6666666666666666,1,0.554
2,1,0.3333333333333333,1,0.04
2,0,-1.0,1,0.008
2,0,-0.3333333333333333,0,0.552
2,1,1.0,1,0.252
2,1,0.3333333333333333,1,1.0
2,1,0.6666666666666666,1,0.1200000000000001
2,1,1.0,1,0.6259999999999999
2,0,-0.6666666666666666,0,1.0
2,1,1.0,1,0.3500000000000001
2,0,-0.3333333333333333,1,0.002
2,1,0.6666666666666666,1,0.2039999999999999
2,1,0.6666666666666666,1,0.3919999999999999
2,0,-0.6666666666666666,0,0.5880000000000001
2,0,-0.3333333333333333,0,0.4060000000000001
2,1,0.3333333333333333,1,0.3939999999999999
2,1,0.3333333333333333,1,0.2159999999999999
2,0,-0.3333333333333333,0,0.4159999999999999
2,1,0.6666666666666666,0,0.6099999999999999
2,0,-0.6666666666666666,0,0.1979999999999999
2,0,-1.0,0,0.4079999999999999
2,0,-0.3333333333333333,1,0.3740000000000001
2,1,0.6666666666666666,1,0.3400000000000001
2,0,-0.3333333333333333,1,0.238
2,1,0.3333333333333333,1,0.2299999999999999
2,1,1.0,1,0.284
2,1,0.6666666666666666,1,0.05
2,1,0.3333333333333333,1,0.4339999999999999
2,0,-0.3333333333333333,1,0.4399999999999999
2,0,-1.0,0,0.5900000000000001
2,0,-1.0,0,0.6200000000000001
2,1,0.6666666666666666,1,0.6160000000000001
2,0,-0.3333333333333333,0,0.5920000000000001
2,1,0.3333333333333333,1,0.29
2,1,0.3333333333333333,1,0.5840000000000001
2,0,-1.0,0,0.4079999999999999
2,0,-1.0,0,0.5960000000000001
2,0,-0.6666666666666666,1,0.4579999999999999
2,0,-0.6666666666666666,0,0.4559999999999999
2,0,-0.3333333333333333,1,0.2139999999999999
2,1,0.3333333333333333,1,0.2159999999999999
2,0,-0.6666666666666666,0,0.6080000000000001
2,1,0.3333333333333333,1,0.4259999999999999
2,1,1.0,1,0.4139999999999999
2,1,0.3333333333333333,0,0.2239999999999999
2,1,0.3333333333333333,0,0.3780000000000001
2,0,-0.6666666666666666,0,0.6120000000000001
2,0,-0.3333333333333333,0,0.2139999999999999
2,1,1.0,0,0.258
2,0,-1.0,0,0.5720000000000001
2,1,0.6666666666666666,0,0.096
2,0,-0.6666666666666666,1,0.002
2,0,-1.0,0,0.782
2,0,-0.6666666666666666,0,1.0
2,1,1.0,1,0.08
2,1,0.3333333333333333,0,0.4419999999999999
2,0,-1.0,0,1.0
2,0,-0.6666666666666666,0,0.69
2,1,1.0,1,0.268
2,0,-0.6666666666666666,0,0.1840000000000001
2,0,-1.0,0,0.3959999999999999
2,1,0.6666666666666666,1,0.3740000000000001
2,1,1.0,1,0.6140000000000001
2,1,0.6666666666666666,0,0.1899999999999999
2,0,-1.0,0,0.6080000000000001
2,0,-0.6666666666666666,1,0.3919999999999999
2,1,0.6666666666666666,1,0.1839999999999999
2,0,-0.6666666666666666,0,0.6759999999999999
2,1,1.0,1,0.784
2,0,-0.6666666666666666,1,0.002
2,1,0.3333333333333333,1,0.004
2,1,0.3333333333333333,1,0.002
2,1,0.3333333333333333,1,0.2039999999999999
2,0,-0.3333333333333333,0,0.0939999999999998
2,0,-0.6666666666666666,1,0.2059999999999999
2,1,0.6666666666666666,1,0.6100000000000001
2,1,0.3333333333333333,1,0.6160000000000001
2,1,1.0,1,0.242
2,0,-0.3333333333333333,1,0.2139999999999999
2,1,1.0,1,0.3899999999999999
2,1,0.3333333333333333,1,0.6020000000000001
2,0,-0.6666666666666666,1,0.2299999999999999
2,0,-0.3333333333333333,1,0.1919999999999999
2,0,-1.0,0,0.3159999999999998
2,1,0.6666666666666666,1,0.002
2,1,0.3333333333333333,1,0.1519999999999999
2,0,-1.0,1,0.002
2,1,1.0,1,0.1819999999999999
2,0,-1.0,0,0.8500000000000001
2,0,-1.0,0,0.4119999999999999
2,0,-0.6666666666666666,0,0.3580000000000001
2,1,1.0,1,1.0
2,1,0.3333333333333333,1,0.1899999999999999
2,0,-0.6666666666666666,0,0.1579999999999999
2,0,-0.6666666666666666,0,0.6000000000000001
2,1,1.0,1,0.788
2,0,-0.3333333333333333,0,0.1699999999999999
2,0,-0.3333333333333333,1,0.1779999999999999
2,0,-0.3333333333333333,1,0.002
2,1,0.3333333333333333,1,0.2119999999999999
2,1,0.3333333333333333,1,0.3959999999999999
2,1,0.3333333333333333,1,0.5800000000000001
2,0,-1.0,0,0.4020000000000001
2,0,-0.6666666666666666,1,0.2179999999999999
2,1,0.6666666666666666,1,0.4159999999999999
2,1,0.3333333333333333,0,0.1419999999999999
2,1,0.3333333333333333,0,0.0659999999999998
2,1,1.0,1,0.2039999999999999
2,1,1.0,1,0.3919999999999999
2,1,1.0,1,0.6339999999999999
2,1,1.0,1,0.4159999999999999
2,0,-0.6666666666666666,0,1.0
2,0,-0.3333333333333333,1,0.1939999999999999
2,0,-0.6666666666666666,0,0.2299999999999999
2,0,-1.0,0,1.0
2,0,-0.3333333333333333,0,0.264
2,0,-0.6666666666666666,1,0.1899999999999999
2,1,1.0,1,0.1979999999999999
2,0,-0.3333333333333333,0,0.3340000000000001
2,1,1.0,1,0.028
2,0,-1.0,0,0.5700000000000001
2,0,-1.0,0,0.292
2,1,0.3333333333333333,1,0.074
2,1,0.3333333333333333,1,0.262
2,0,-0.3333333333333333,1,0.002
2,1,0.3333333333333333,1,0.002
2,1,0.6666666666666666,1,0.4199999999999999
2,1,0.3333333333333333,1,0.6240000000000001
2,0,-1.0,0,0.758
2,0,-0.3333333333333333,0,0.298
2,1,0.6666666666666666,0,0.2099999999999999
2,1,1.0,1,0.4119999999999999
2,1,1.0,1,0.5800000000000001
2,0,-0.3333333333333333,0,0.3919999999999999
2,0,-0.6666666666666666,0,0.5860000000000001
2,0,-0.3333333333333333,1,0.012
2,0,-1.0,0,0.6059999999999999
2,1,1.0,1,0.3859999999999999
2,0,-0.3333333333333333,1,0.1259999999999999
2,1,1.0,1,0.2179999999999999
2,1,0.6666666666666666,1,0.786
2,0,-0.6666666666666666,1,0.2039999999999999
2,0,-1.0,0,0.1899999999999999
2,0,-0.6666666666666666,0,0.1080000000000001
2,1,0.6666666666666666,0,0.5979999999999999
2,1,0.3333333333333333,1,0.6220000000000001
2,0,-0.6666666666666666,0,0.8460000000000001
2,0,-0.3333333333333333,1,0.006
2,0,-0.3333333333333333,1,0.2099999999999999
2,0,-0.3333333333333333,0,0.4119999999999999
2,0,-0.6666666666666666,0,0.4319999999999999
2,1,1.0,1,0.4579999999999999
2,0,-1.0,0,0.4459999999999999
2,1,0.3333333333333333,1,0.272
2,1,1.0,1,0.8180000000000001
2,0,-1.0,0,0.4020000000000001
2,1,0.6666666666666666,1,0.5980000000000001
2,1,1.0,1,0.5900000000000001
2,0,-0.6666666666666666,0,0.5979999999999999
2,1,0.3333333333333333,0,0.4599999999999999
2,1,1.0,1,0.004
2,1,1.0,1,0.782
2,0,-1.0,0,0.5860000000000001
2,1,0.6666666666666666,1,0.4019999999999999
2,1,1.0,1,0.8540000000000001
2,1,0.6666666666666666,1,0.3919999999999999
2,0,-0.3333333333333333,0,0.3780000000000001
2,1,0.3333333333333333,1,0.3999999999999999
2,0,-1.0,0,0.556
2,1,1.0,1,1.0
2,1,1.0,1,1.0
2,0,-1.0,0,1.0
2,1,0.6666666666666666,1,0.2339999999999999
2,1,0.6666666666666666,1,0.4259999999999999
2,0,-1.0,0,0.3239999999999998
2,1,0.3333333333333333,1,0.002
2,0,-0.3333333333333333,1,0.248
2,0,-0.3333333333333333,0,0.0899999999999998
2,1,0.3333333333333333,1,0.098
2,1,0.3333333333333333,0,0.014
2,1,1.0,1,0.4339999999999999
2,0,-0.6666666666666666,1,0.4079999999999999
2,1,0.6666666666666666,1,0.6020000000000001
2,0,-0.6666666666666666,0,1.0
2,1,1.0,1,1.0
2,0,-1.0,0,1.0
2,0,-1.0,0,1.0
2,1,1.0,1,1.0
2,1,0.3333333333333333,0,0.5760000000000001
2,0,-1.0,0,0.3719999999999999
2,0,-1.0,0,0.6480000000000001
2,0,-0.3333333333333333,1,0.2139999999999999
2,1,0.3333333333333333,0,0.1939999999999999
2,0,-1.0,0,0.5780000000000001
2,0,-0.6666666666666666,0,0.1999999999999999
2,1,1.0,1,0.4579999999999999
2,0,-1.0,0,0.5880000000000001
2,0,-0.6666666666666666,1,0.002
2,0,-1.0,0,0.3839999999999999
2,0,-1.0,0,0.5979999999999999
2,0,-0.3333333333333333,0,0.2099999999999999
2,1,1.0,1,0.998
2,0,-0.3333333333333333,1,0.2079999999999999
2,0,-0.3333333333333333,1,0.002
2,1,0.6666666666666666,0,0.1939999999999999
2,0,-0.6666666666666666,0,0.6019999999999999
2,1,1.0,1,0.3979999999999999
2,1,1.0,1,1.0
2,1,0.3333333333333333,1,0.2099999999999999
2,0,-0.6666666666666666,0,0.3839999999999999
2,1,0.6666666666666666,1,0.3979999999999999
2,0,-0.6666666666666666,0,0.6080000000000001
2,1,0.3333333333333333,0,0.6200000000000001
2,1,0.6666666666666666,1,0.3799999999999999
2,0,-1.0,0,0.968
2,1,1.0,1,0.3979999999999999
2,0,-1.0,0,0.696
2,0,-1.0,0,1.0
2,0,-1.0,0,0.6339999999999999
2,1,1.0,1,0.8420000000000001
2,0,-0.3333333333333333,0,0.3959999999999999
2,1,0.3333333333333333,1,0.046
2,1,0.3333333333333333,0,0.1520000000000001
2,0,-0.6666666666666666,1,0.254
2,1,1.0,1,0.264
2,1,1.0,1,0.2219999999999999
2,0,-1.0,0,0.6440000000000001
2,1,1.0,1,0.954
2,0,-0.6666666666666666,0,0.6160000000000001
2,1,1.0,1,0.6000000000000001
2,1,1.0,1,0.8839999999999999
2,1,0.6666666666666666,1,0.4039999999999999
2,0,-1.0,0,0.6040000000000001
2,0,-1.0,0,0.6219999999999999
2,1,0.6666666666666666,1,0.4199999999999999
2,0,-0.3333333333333333,0,0.272
2,1,0.3333333333333333,1,0.1919999999999999
2,1,0.3333333333333333,1,0.1439999999999999
2,1,0.6666666666666666,1,0.3879999999999999
2,0,-0.3333333333333333,0,0.3399999999999998
2,1,0.3333333333333333,1,0.256
2,0,-0.3333333333333333,1,0.2159999999999999
2,1,0.3333333333333333,0,0.2059999999999999
2,0,-1.0,0,0.5900000000000001
2,0,-1.0,0,0.236
2,0,-0.6666666666666666,0,0.1859999999999999
2,1,0.6666666666666666,1,0.6120000000000001
2,0,-0.6666666666666666,0,0.78
2,1,0.6666666666666666,0,0.5780000000000001
2,1,0.3333333333333333,1,0.5700000000000001
2,0,-0.6666666666666666,0,0.1879999999999999
2,0,-1.0,1,0.2019999999999999
2,0,-1.0,1,0.2039999999999999
2,1,0.6666666666666666,1,0.4439999999999999
2,1,0.6666666666666666,1,0.3859999999999999
2,0,-1.0,0,0.6120000000000001
2,0,-0.3333333333333333,0,0.4319999999999999
2,0,-0.3333333333333333,1,0.002
2,1,0.6666666666666666,1,0.4219999999999999
2,1,0.6666666666666666,1,0.2279999999999999
2,1,0.6666666666666666,0,0.1640000000000001
2,0,-0.6666666666666666,0,0.1760000000000001
2,0,-1.0,0,0.6659999999999999
2,1,0.6666666666666666,1,0.69
2,1,0.3333333333333333,0,0.0979999999999998
2,1,0.3333333333333333,1,0.1959999999999999
2,1,0.6666666666666666,0,0.6339999999999999
2,1,0.6666666666666666,1,0.002
2,0,-0.6666666666666666,0,0.1979999999999999
2,0,-1.0,0,0.4260000000000001
2,1,0.6666666666666666,1,0.6100000000000001
2,0,-0.3333333333333333,1,0.002
2,0,-0.3333333333333333,0,0.2339999999999999
2,0,-0.6666666666666666,0,0.4060000000000001
2,1,1.0,1,0.6020000000000001
2,1,0.6666666666666666,1,0.8260000000000001
2,1,0.6666666666666666,0,0.4140000000000001
2,1,0.3333333333333333,1,0.4499999999999999
2,1,0.6666666666666666,1,0.8320000000000001
2,1,0.3333333333333333,1,0.4159999999999999
2,0,-0.3333333333333333,1,0.1939999999999999
2,0,-0.3333333333333333,1,0.1799999999999999
2,1,1.0,1,0.2079999999999999
2,1,0.3333333333333333,0,0.4579999999999999
2,1,1.0,1,0.3740000000000001
2,0,-1.0,0,0.81
2,0,-1.0,0,1.0
2,1,1.0,0,0.4039999999999999
2,0,-0.6666666666666666,0,0.6179999999999999
2,1,0.6666666666666666,1,0.3779999999999999
2,0,-0.3333333333333333,0,0.6040000000000001
2,0,-0.6666666666666666,0,0.8140000000000001
2,1,0.3333333333333333,1,0.528
2,0,-1.0,0,1.0
2,0,-0.6666666666666666,0,1.0
2,1,0.6666666666666666,1,0.4059999999999999
2,0,-0.6666666666666666,0,0.6360000000000001
2,1,1.0,1,1.0
2,1,0.3333333333333333,0,0.6179999999999999
2,0,-0.3333333333333333,0,0.2219999999999999
2,0,-0.3333333333333333,1,0.3460000000000001
2,1,0.3333333333333333,0,0.4039999999999999
2,0,-0.6666666666666666,0,0.776
2,0,-0.3333333333333333,0,0.1059999999999998
2,1,0.6666666666666666,1,0.2239999999999999
2,0,-0.3333333333333333,1,0.002
2,0,-1.0,0,0.6120000000000001
2,1,0.3333333333333333,1,0.3979999999999999
2,0,-0.3333333333333333,0,0.4300000000000001
2,1,0.3333333333333333,1,0.2119999999999999
2,1,0.3333333333333333,1,0.5960000000000001
2,1,0.6666666666666666,1,0.4159999999999999
2,1,0.6666666666666666,1,0.3720000000000001
2,1,1.0,1,0.4079999999999999
2,0,-0.6666666666666666,1,0.1979999999999999
2,1,0.6666666666666666,1,0.4239999999999999
2,0,-1.0,0,0.5880000000000001
2,1,0.6666666666666666,1,0.3899999999999999
2,0,-1.0,0,0.6000000000000001
2,1,0.3333333333333333,1,1.0
2,1,0.3333333333333333,1,0.4279999999999999
2,0,-0.6666666666666666,1,0.3
2,1,0.6666666666666666,1,0.002
2,0,-0.3333333333333333,1,0.1739999999999999
2,0,-0.3333333333333333,1,0.476
2,1,0.6666666666666666,1,0.6000000000000001
2,1,1.0,1,0.774
2,0,-0.6666666666666666,0,0.524
2,0,-1.0,0,1.0
2,1,0.6666666666666666,1,0.5780000000000001
2,0,-0.3333333333333333,1,0.4059999999999999
2,0,-0.3333333333333333,1,0.002
2,1,1.0,1,0.474
2,1,0.6666666666666666,1,0.3839999999999999
2,0,-0.3333333333333333,1,0.2019999999999999
2,1,1.0,1,0.1899999999999999
2,0,-0.6666666666666666,0,0.1059999999999998
2,0,-1.0,0,0.4039999999999999
2,0,-0.6666666666666666,0,0.2139999999999999
2,1,0.3333333333333333,1,0.002
2,1,0.3333333333333333,1,0.2179999999999999
2,1,0.3333333333333333,1,0.236
2,1,0.3333333333333333,1,0.2059999999999999
2,0,-0.3333333333333333,1,0.1879999999999999
2,0,-0.3333333333333333,0,0.48
2,0,-0.6666666666666666,0,0.6520000000000001
2,1,0.3333333333333333,1,0.058
2,0,-0.3333333333333333,0,0.6059999999999999
2,0,-1.0,0,0.5939999999999999
2,0,-1.0,1,0.4079999999999999
2,0,-0.6666666666666666,1,0.1879999999999999
2,1,0.3333333333333333,0,0.3900000000000001
2,0,-0.3333333333333333,1,0.1839999999999999
2,1,0.6666666666666666,1,0.2219999999999999
2,1,1.0,1,0.5920000000000001
2,1,0.6666666666666666,1,0.794
2,1,0.3333333333333333,1,0.002
2,1,1.0,1,0.4039999999999999
2,0,-0.6666666666666666,0,0.3980000000000001
2,0,-0.6666666666666666,0,0.6400000000000001
2,1,0.3333333333333333,1,0.002
2,0,-0.6666666666666666,1,0.002
2,1,1.0,1,0.6160000000000001
2,0,-0.6666666666666666,0,1.0
2,1,0.3333333333333333,1,0.2019999999999999
2,0,-0.3333333333333333,1,0.002
2,1,1.0,1,0.2059999999999999
2,0,-1.0,0,0.4279999999999999
2,1,0.6666666666666666,0,0.1779999999999999
2,1,0.6666666666666666,1,0.4119999999999999
2,1,1.0,1,0.6080000000000001
2,1,1.0,1,0.5900000000000001
2,1,0.6666666666666666,1,0.1579999999999999
2,1,0.3333333333333333,1,0.084
2,0,-0.6666666666666666,0,0.2019999999999999
2,0,-0.6666666666666666,0,0.4020000000000001
2,1,1.0,1,0.5880000000000001
2,0,-1.0,0,1.0
2,1,1.0,1,1.0
2,0,-1.0,0,1.0
2,1,0.3333333333333333,1,0.314
2,1,1.0,1,0.4099999999999999
2,1,0.3333333333333333,1,0.268
2,0,-0.3333333333333333,1,0.1839999999999999
2,1,1.0,1,0.1379999999999999
2,1,0.3333333333333333,1,0.522
2,0,-1.0,0,0.6219999999999999
2,1,1.0,1,1.0
2,1,1.0,1,1.0
2,1,0.3333333333333333,1,0.038
2,1,0.3333333333333333,1,0.6100000000000001
2,1,0.3333333333333333,1,0.4179999999999999
2,0,-0.6666666666666666,1,0.318
2,0,-1.0,0,0.1959999999999999
2,0,-0.6666666666666666,0,0.302
2,0,-0.3333333333333333,1,0.1839999999999999
2,0,-0.6666666666666666,0,0.2099999999999999
2,1,1.0,1,0.3999999999999999
2,1,0.6666666666666666,1,0.6040000000000001
2,1,0.3333333333333333,1,0.806
2,0,-1.0,0,1.0
2,0,-0.3333333333333333,0,0.0899999999999998
2,0,-0.6666666666666666,0,0.3639999999999999
2,1,0.3333333333333333,1,1.0
2,1,1.0,1,0.1439999999999999
2,1,1.0,1,0.4259999999999999
2,0,-0.6666666666666666,0,0.6120000000000001
2,1,1.0,1,1.0
2,0,-0.3333333333333333,0,1.0
2,1,1.0,1,0.3799999999999999
3,1,0.3333333333333333,0,0.3940000000000001
3,1,0.3333333333333333,1,0.6040000000000001
3,1,0.3333333333333333,0,0.2019999999999999
3,0,-0.3333333333333333,0,0.0979999999999998
3,1,0.3333333333333333,0,0.4020000000000001
3,0,-0.6666666666666666,0,0.1739999999999999
3,1,0.6666666666666666,1,0.002
3,1,0.3333333333333333,0,0.3199999999999998
3,1,0.3333333333333333,1,0.004
3,0,-1.0,1,0.002
3,0,-0.3333333333333333,0,0.2139999999999999
3,1,0.6666666666666666,1,0.6040000000000001
3,0,-0.6666666666666666,0,0.5979999999999999
3,1,0.6666666666666666,0,0.1539999999999999
3,0,-0.6666666666666666,0,0.1259999999999999
3,0,-0.3333333333333333,1,0.006
3,0,-0.3333333333333333,0,0.272
3,0,-1.0,0,0.786
3,1,1.0,0,0.6839999999999999
3,1,0.6666666666666666,0,0.1899999999999999
3,0,-0.6666666666666666,0,0.1859999999999999
3,0,-0.6666666666666666,0,0.2099999999999999
3,0,-0.3333333333333333,0,0.6059999999999999
3,0,-0.6666666666666666,1,0.002
3,1,1.0,0,0.1899999999999999
3,1,0.6666666666666666,1,0.8
3,0,-1.0,1,0.002
3,0,-0.3333333333333333,1,0.002
3,1,0.6666666666666666,1,0.3480000000000001
3,1,0.3333333333333333,1,1.0
3,0,-0.6666666666666666,0,1.0
3,0,-0.3333333333333333,0,0.0
3,0,-0.6666666666666666,0,0.4020000000000001
3,1,1.0,1,0.4039999999999999
3,1,0.3333333333333333,1,0.002
3,0,-1.0,1,0.002
3,1,1.0,1,0.5920000000000001
3,1,0.6666666666666666,1,0.002
3,0,-0.3333333333333333,1,0.002
3,0,-0.6666666666666666,0,0.6019999999999999
3,1,1.0,1,0.006
3,1,0.3333333333333333,1,0.796
3,0,-1.0,0,0.3919999999999999
3,1,1.0,1,0.802
3,0,-1.0,0,0.6019999999999999
3,1,0.6666666666666666,1,0.002
3,0,-1.0,0,0.798
3,1,0.3333333333333333,1,0.4079999999999999
3,1,0.3333333333333333,1,0.8680000000000001
3,1,1.0,1,1.0
3,0,-0.3333333333333333,0,0.5960000000000001
3,0,-0.3333333333333333,0,0.3879999999999999
3,0,-0.6666666666666666,0,0.804
3,1,1.0,1,0.998
3,1,1.0,1,0.998
3,1,1.0,1,1.0
3,1,1.0,1,0.992
3,1,0.3333333333333333,1,0.8
3,1,1.0,1,0.002
3,1,0.3333333333333333,1,1.0
3,1,1.0,1,0.994
3,1,0.6666666666666666,1,1.0
3,1,1.0,1,0.996
3,0,-1.0,1,0.8240000000000001
3,1,0.6666666666666666,1,0.806
3,1,0.6666666666666666,1,0.4039999999999999
3,0,-0.3333333333333333,1,0.002
3,0,-1.0,1,0.002
3,1,1.0,1,0.3899999999999999
3,1,0.6666666666666666,1,0.002
3,1,0.3333333333333333,1,0.1839999999999999
3,1,1.0,1,0.6140000000000001
3,1,0.3333333333333333,1,0.4119999999999999
3,0,-0.3333333333333333,1,0.3939999999999999
3,0,-0.6666666666666666,1,0.002
3,0,-1.0,1,0.002
3,0,-0.3333333333333333,1,0.6040000000000001
3,0,-0.6666666666666666,1,0.2279999999999999
3,0,-1.0,1,0.1859999999999999
3,1,1.0,1,0.3460000000000001
3,1,0.3333333333333333,1,0.002
3,1,0.3333333333333333,1,0.5940000000000001
3,0,-1.0,0,0.5780000000000001
3,1,0.6666666666666666,1,0.3460000000000001
3,0,-0.3333333333333333,1,0.6000000000000001
3,1,1.0,1,0.804
3,0,-1.0,0,0.0
3,0,-0.6666666666666666,1,0.2159999999999999
3,0,-0.6666666666666666,1,0.002
3,0,-0.3333333333333333,1,0.002
3,1,0.3333333333333333,1,0.4079999999999999
3,0,-1.0,1,0.002
3,1,0.6666666666666666,1,0.788
3,1,0.3333333333333333,1,0.2059999999999999
3,1,1.0,1,0.5980000000000001
3,1,0.6666666666666666,1,0.764
3,0,-0.6666666666666666,1,0.306
3,0,-0.6666666666666666,1,0.002
3,1,0.6666666666666666,1,0.6579999999999999
3,1,1.0,1,0.802
3,1,1.0,1,0.002
3,1,0.3333333333333333,1,0.522
3,1,1.0,1,0.902
3,1,1.0,1,0.998
3,0,-0.3333333333333333,1,0.002
3,0,-1.0,0,0.764
3,1,0.6666666666666666,0,0.2039999999999999
3,0,-0.6666666666666666,0,0.3
3,1,1.0,1,0.6020000000000001
3,1,1.0,1,0.996
3,1,0.3333333333333333,1,0.3999999999999999
3,0,-0.6666666666666666,1,0.002
3,0,-0.6666666666666666,0,0.3159999999999998
3,1,0.3333333333333333,1,0.004
3,0,-0.3333333333333333,1,0.4019999999999999
3,0,-0.6666666666666666,0,0.002
3,1,1.0,1,0.002
3,0,-0.6666666666666666,1,0.002
3,1,1.0,1,0.5920000000000001
3,0,-0.3333333333333333,1,0.252
3,1,1.0,1,0.3959999999999999
3,0,-0.3333333333333333,1,0.1879999999999999
3,1,0.3333333333333333,1,0.48
3,1,0.3333333333333333,1,0.002
3,0,-1.0,0,0.784
3,0,-0.3333333333333333,1,0.002
3,1,1.0,1,0.6060000000000001
3,0,-0.6666666666666666,0,0.998
3,0,-0.6666666666666666,0,0.99
3,0,-1.0,0,0.99
3,0,-0.6666666666666666,0,0.4039999999999999
3,0,-0.3333333333333333,0,0.6080000000000001
3,0,-0.3333333333333333,0,1.0
3,0,-1.0,0,0.988
3,1,0.6666666666666666,1,0.796
3,0,-1.0,0,0.81
3,1,0.6666666666666666,1,0.474
3,1,1.0,1,1.0
3,0,-0.6666666666666666,1,0.1939999999999999
3,1,1.0,1,1.0
3,1,0.6666666666666666,1,0.754
3,0,-0.6666666666666666,0,0.8500000000000001
3,1,1.0,1,0.996
3,1,0.6666666666666666,1,0.69
3,1,0.3333333333333333,0,0.1739999999999999
3,1,0.3333333333333333,1,0.1899999999999999
3,1,0.6666666666666666,1,0.998
3,1,0.3333333333333333,1,0.99
3,0,-0.3333333333333333,1,0.2319999999999999
3,1,1.0,1,0.992
3,0,-0.3333333333333333,1,0.002
3,1,0.3333333333333333,1,0.6200000000000001
3,1,1.0,1,0.6160000000000001
3,1,1.0,1,0.002
3,0,-0.6666666666666666,1,0.002
3,0,-1.0,0,0.792
3,0,-0.6666666666666666,1,0.3320000000000001
3,1,1.0,1,0.002
3,1,1.0,1,0.8220000000000001
3,1,1.0,1,1.0
3,0,-0.6666666666666666,0,0.986
3,0,-1.0,1,0.002
3,0,-0.3333333333333333,1,0.2119999999999999
3,0,-1.0,0,0.806
3,0,-0.3333333333333333,1,0.6080000000000001
3,0,-1.0,0,0.93
3,1,0.3333333333333333,1,0.1439999999999999
3,0,-0.3333333333333333,0,0.968
3,0,-1.0,0,0.6099999999999999
3,0,-0.6666666666666666,0,0.988
3,0,-0.3333333333333333,0,0.2339999999999999
3,1,0.3333333333333333,1,0.776
3,0,-0.6666666666666666,0,0.974
3,0,-1.0,0,0.772
3,0,-1.0,0,1.0
3,1,0.6666666666666666,1,1.0
3,1,0.6666666666666666,1,0.998
3,0,-1.0,0,0.4399999999999999
3,1,1.0,1,1.0
3,0,-0.6666666666666666,0,0.314
3,1,0.3333333333333333,1,0.4099999999999999
3,1,0.6666666666666666,0,0.8240000000000001
3,0,-1.0,1,0.6060000000000001
3,0,-0.6666666666666666,0,0.3940000000000001
3,0,-0.6666666666666666,0,0.1959999999999999
3,0,-0.6666666666666666,0,0.3500000000000001
3,1,1.0,1,0.788
3,1,1.0,1,1.0
3,1,1.0,1,0.988
3,0,-0.6666666666666666,0,0.1919999999999999
3,0,-1.0,0,0.992
3,0,-1.0,0,0.7
3,1,1.0,1,1.0
3,0,-1.0,1,0.002
3,0,-0.6666666666666666,1,0.002
3,0,-0.6666666666666666,1,0.51
3,0,-0.3333333333333333,0,1.0
3,1,0.6666666666666666,1,1.0
3,0,-1.0,0,0.984
3,0,-0.3333333333333333,0,0.6059999999999999
3,0,-0.3333333333333333,1,0.002
3,0,-0.6666666666666666,1,0.002
3,0,-0.6666666666666666,0,0.792
3,0,-1.0,0,0.988
3,0,-0.3333333333333333,1,0.002
3,1,0.3333333333333333,1,0.002
3,1,0.6666666666666666,1,0.002
3,0,-0.3333333333333333,0,0.1939999999999999
3,1,1.0,1,0.716
3,0,-0.3333333333333333,1,0.002
3,0,-1.0,0,0.4060000000000001
3,0,-0.6666666666666666,0,0.8940000000000001
3,1,1.0,1,0.94
3,0,-1.0,0,0.972
3,0,-0.3333333333333333,1,0.2019999999999999
3,0,-0.6666666666666666,0,0.5979999999999999
3,1,0.6666666666666666,0,0.1859999999999999
3,1,0.6666666666666666,1,0.246
3,0,-1.0,0,0.798
3,1,1.0,1,1.0
3,0,-1.0,0,1.0
3,1,1.0,1,1.0
3,1,0.3333333333333333,1,0.3999999999999999
3,0,-0.3333333333333333,1,0.6080000000000001
3,0,-1.0,0,0.972
3,0,-0.6666666666666666,1,0.314
3,0,-0.6666666666666666,0,0.964
3,0,-0.3333333333333333,1,0.69
3,0,-1.0,0,0.978
3,0,-1.0,0,0.986
3,1,1.0,1,0.976
3,1,0.3333333333333333,1,0.3460000000000001
3,0,-1.0,0,0.796
3,1,1.0,1,0.794
3,1,1.0,1,0.992
3,0,-0.6666666666666666,0,0.99
3,1,0.6666666666666666,1,0.998
3,0,-0.6666666666666666,1,1.0
3,1,0.6666666666666666,0,0.3439999999999998
3,0,-0.6666666666666666,1,0.6220000000000001
3,0,-0.3333333333333333,0,0.1520000000000001
3,0,-0.6666666666666666,0,0.2159999999999999
3,0,-0.6666666666666666,0,0.5780000000000001
3,1,0.3333333333333333,1,0.748
3,0,-0.6666666666666666,0,0.2019999999999999
3,0,-1.0,0,0.792
3,1,1.0,1,0.3979999999999999
3,0,-0.3333333333333333,1,0.002
3,1,0.3333333333333333,0,0.1659999999999999
3,1,1.0,1,0.94
3,1,0.6666666666666666,1,0.3959999999999999
3,0,-1.0,0,0.8599999999999999
3,1,1.0,1,0.96
3,1,0.6666666666666666,1,0.8300000000000001
3,1,0.3333333333333333,0,0.1899999999999999
3,0,-0.3333333333333333,0,0.058
3,0,-0.3333333333333333,1,0.706
3,1,0.6666666666666666,1,0.2019999999999999
3,1,1.0,1,1.0
3,0,-1.0,0,0.6019999999999999
3,1,0.3333333333333333,1,0.3979999999999999
3,1,0.6666666666666666,1,0.99
3,1,0.6666666666666666,1,0.3939999999999999
3,0,-0.6666666666666666,0,0.98
3,1,0.3333333333333333,0,0.3340000000000001
3,0,-0.3333333333333333,1,0.002
3,0,-0.6666666666666666,0,0.1720000000000001
3,1,0.6666666666666666,0,0.0739999999999998
3,0,-1.0,0,0.8559999999999999
3,1,0.6666666666666666,1,0.1999999999999999
3,1,1.0,1,0.982
3,0,-0.6666666666666666,0,0.5979999999999999
3,1,1.0,1,0.802
3,0,-0.3333333333333333,0,0.6019999999999999
3,0,-1.0,0,0.974
3,1,0.3333333333333333,1,0.506
3,0,-0.3333333333333333,0,0.5960000000000001
3,0,-1.0,0,0.1760000000000001
3,0,-0.6666666666666666,0,0.1339999999999999
3,1,0.6666666666666666,1,0.6779999999999999
3,0,-0.6666666666666666,0,0.964
3,1,0.3333333333333333,1,0.996
3,0,-1.0,1,0.31
3,0,-0.3333333333333333,0,0.6099999999999999
3,0,-1.0,1,0.002
3,1,0.3333333333333333,1,0.1519999999999999
3,1,1.0,1,0.97
3,0,-1.0,1,0.1759999999999999
3,1,1.0,1,0.6200000000000001
3,0,-0.6666666666666666,0,0.2339999999999999
3,1,1.0,1,0.954
3,1,0.3333333333333333,1,0.8999999999999999
3,1,1.0,1,0.976
3,1,1.0,1,0.988
3,1,0.6666666666666666,1,0.988
3,0,-1.0,0,1.0
3,1,1.0,1,1.0
3,0,-0.3333333333333333,0,0.992
3,1,0.3333333333333333,1,0.5920000000000001
3,1,0.6666666666666666,1,0.804
3,1,1.0,1,0.32
3,0,-0.6666666666666666,0,0.738
3,0,-1.0,1,0.002
3,1,1.0,1,1.0
3,0,-1.0,0,0.8319999999999999
3,1,0.3333333333333333,1,0.3580000000000001
3,1,0.3333333333333333,1,0.77
3,0,-0.6666666666666666,0,0.906
3,0,-1.0,0,0.982
3,1,1.0,0,0.1680000000000001
3,0,-0.6666666666666666,0,0.758
3,1,1.0,1,1.0
3,0,-0.6666666666666666,0,0.8540000000000001
3,1,1.0,1,0.8320000000000001
3,0,-0.6666666666666666,0,0.942
3,0,-0.6666666666666666,1,0.1379999999999999
3,0,-1.0,0,0.3540000000000001
3,0,-0.6666666666666666,1,0.282
3,1,0.3333333333333333,0,0.026
3,1,0.6666666666666666,1,0.3740000000000001
3,0,-0.6666666666666666,0,0.3420000000000001
3,1,1.0,1,0.5940000000000001
3,1,0.6666666666666666,0,0.33
3,0,-0.3333333333333333,1,0.998
3,1,1.0,1,0.326
3,0,-0.3333333333333333,1,0.056
3,1,0.6666666666666666,1,0.6120000000000001
3,1,0.6666666666666666,1,0.3959999999999999
3,1,1.0,1,0.75
3,1,1.0,1,0.764
3,0,-0.3333333333333333,0,0.8380000000000001
3,1,0.6666666666666666,1,0.4479999999999999
3,0,-0.6666666666666666,0,0.94
3,0,-0.6666666666666666,0,0.552
3,0,-0.6666666666666666,0,0.91
3,1,0.3333333333333333,0,0.1819999999999999
3,0,-1.0,0,0.8900000000000001
3,0,-0.6666666666666666,0,0.3540000000000001
3,0,-0.3333333333333333,0,0.1459999999999999
3,1,0.3333333333333333,0,0.002
3,1,0.6666666666666666,1,0.992
3,0,-0.6666666666666666,0,0.002
3,0,-1.0,0,0.1539999999999999
3,1,1.0,0,0.1680000000000001
3,1,0.6666666666666666,1,0.5800000000000001
3,0,-1.0,0,0.946
3,1,1.0,1,0.1120000000000001
3,0,-0.6666666666666666,0,0.734
3,1,1.0,1,0.002
3,1,0.3333333333333333,1,0.002
3,1,0.3333333333333333,1,0.002
3,0,-0.3333333333333333,1,0.002
3,0,-1.0,0,0.5939999999999999
3,0,-0.3333333333333333,0,0.25
3,0,-1.0,1,0.924
3,0,-1.0,0,0.99
3,1,0.6666666666666666,1,0.002
3,0,-1.0,0,0.6739999999999999
3,1,0.3333333333333333,1,0.6839999999999999
3,1,0.6666666666666666,0,0.502
3,0,-1.0,0,0.1379999999999999
3,0,-1.0,0,0.8500000000000001
3,1,0.3333333333333333,0,0.1899999999999999
3,0,-0.3333333333333333,1,0.002
3,0,-1.0,0,0.3959999999999999
3,1,1.0,1,0.1419999999999999
3,0,-0.3333333333333333,1,0.002
3,0,-1.0,1,0.002
3,1,0.6666666666666666,0,0.2199999999999999
3,0,-0.6666666666666666,1,0.002
3,0,-0.3333333333333333,1,0.002
3,0,-0.6666666666666666,0,0.6699999999999999
3,1,1.0,0,0.004
3,1,0.6666666666666666,1,0.946
3,0,-0.3333333333333333,0,0.268
3,1,1.0,1,0.8680000000000001
3,1,1.0,1,0.746
3,1,0.6666666666666666,1,0.8999999999999999
3,0,-0.6666666666666666,1,0.016
3,0,-0.3333333333333333,0,0.1779999999999999
3,0,-0.3333333333333333,1,0.006
3,0,-1.0,0,0.986
3,0,-0.3333333333333333,1,0.002
3,1,0.3333333333333333,1,0.474
3,0,-1.0,1,0.002
3,0,-0.3333333333333333,0,0.1179999999999998
3,1,1.0,1,0.796
3,1,0.3333333333333333,1,0.002
3,1,0.3333333333333333,1,0.1439999999999999
3,0,-0.3333333333333333,1,0.2019999999999999
3,0,-0.3333333333333333,0,0.006
3,0,-1.0,1,0.002
3,1,0.3333333333333333,1,0.2119999999999999
3,0,-0.3333333333333333,1,0.002
3,1,1.0,1,1.0
3,1,0.6666666666666666,1,0.3
3,0,-0.6666666666666666,1,0.6180000000000001
3,1,0.3333333333333333,0,0.006
3,1,0.6666666666666666,1,0.506
3,0,-0.6666666666666666,1,0.002
3,0,-0.6666666666666666,1,0.002
3,0,-1.0,1,0.002
3,0,-0.3333333333333333,0,0.4020000000000001
3,1,1.0,1,0.6100000000000001
3,0,-0.6666666666666666,0,0.0779999999999998
3,0,-0.6666666666666666,1,0.1499999999999999
3,0,-1.0,0,0.786
3,1,0.6666666666666666,1,0.3879999999999999
3,0,-1.0,0,0.918
3,0,-1.0,0,0.998
3,0,-0.3333333333333333,0,0.5900000000000001
3,0,-1.0,0,0.986
3,0,-0.6666666666666666,0,0.994
3,0,-1.0,0,0.4319999999999999
3,1,0.6666666666666666,1,0.1359999999999999
3,0,-0.3333333333333333,0,0.6120000000000001
3,0,-0.6666666666666666,0,0.1520000000000001
3,1,0.6666666666666666,1,0.4479999999999999
3,0,-1.0,0,0.6139999999999999
3,1,0.3333333333333333,1,0.1499999999999999
3,1,1.0,1,0.72
3,0,-1.0,0,0.762
3,1,0.3333333333333333,0,0.1680000000000001
3,0,-1.0,0,0.942
3,1,0.6666666666666666,0,0.3399999999999998
3,1,0.3333333333333333,1,0.802
3,1,0.3333333333333333,1,0.086
3,1,0.3333333333333333,1,0.994
3,1,0.3333333333333333,1,0.4319999999999999
3,0,-1.0,0,0.98
3,1,1.0,1,0.96
3,1,1.0,0,0.058
3,0,-1.0,0,0.504
3,0,-0.3333333333333333,0,0.1520000000000001
3,0,-1.0,0,0.97
3,0,-1.0,1,0.1120000000000001
3,1,0.3333333333333333,1,0.328
3,0,-1.0,0,0.982
3,0,-0.6666666666666666,0,0.6000000000000001
3,1,0.6666666666666666,0,0.1459999999999999
3,1,0.3333333333333333,0,0.802
3,0,-0.6666666666666666,0,0.0859999999999998
3,1,0.6666666666666666,1,0.788
3,0,-0.6666666666666666,0,0.3980000000000001
3,0,-1.0,0,0.79
3,0,-0.6666666666666666,0,0.948
3,1,0.6666666666666666,1,0.956
3,1,0.3333333333333333,1,0.022
3,0,-0.6666666666666666,0,0.5920000000000001
3,1,0.6666666666666666,0,0.06
3,0,-0.3333333333333333,0,0.6040000000000001
3,0,-0.6666666666666666,1,0.002
3,1,0.6666666666666666,0,0.51
3,0,-0.6666666666666666,0,0.1019999999999998
3,0,-0.3333333333333333,0,0.6819999999999999
3,1,1.0,1,0.988
3,1,1.0,1,0.076
3,1,1.0,1,0.8600000000000001
3,0,-0.3333333333333333,0,0.008
3,1,0.3333333333333333,1,0.8859999999999999
3,0,-1.0,0,0.06
3,0,-0.6666666666666666,0,0.706
3,1,1.0,1,0.8320000000000001
3,0,-0.6666666666666666,1,0.104
3,1,0.3333333333333333,0,0.5660000000000001
3,0,-0.6666666666666666,0,0.002
3,0,-1.0,0,0.3980000000000001
3,0,-0.3333333333333333,1,0.98
3,0,-0.3333333333333333,1,0.1919999999999999
3,1,0.3333333333333333,1,0.102
3,1,0.6666666666666666,1,0.03
3,1,0.6666666666666666,0,0.044
3,0,-0.3333333333333333,1,0.4359999999999999
3,1,0.6666666666666666,1,0.984
3,1,0.3333333333333333,1,0.974
3,1,1.0,1,0.1979999999999999
3,1,1.0,1,0.988
3,1,1.0,0,0.3999999999999999
3,0,-1.0,0,0.2179999999999999
3,0,-0.3333333333333333,0,0.6560000000000001
3,1,0.3333333333333333,1,0.932
3,1,1.0,1,1.0
3,0,-1.0,1,0.1739999999999999
3,0,-0.3333333333333333,0,0.72
3,0,-0.3333333333333333,1,0.744
3,1,1.0,1,0.6000000000000001
3,0,-0.6666666666666666,1,0.002
3,1,1.0,1,1.0
3,1,1.0,1,0.972
3,1,0.3333333333333333,1,0.058
3,1,0.3333333333333333,1,0.98
3,0,-0.3333333333333333,0,0.5860000000000001
3,1,1.0,1,0.962
3,0,-0.6666666666666666,1,0.036
3,0,-0.6666666666666666,1,0.542
3,0,-1.0,0,0.0979999999999998
3,0,-1.0,0,0.784
3,0,-0.6666666666666666,1,0.002
3,0,-0.6666666666666666,0,0.1019999999999998
3,0,-0.6666666666666666,1,0.002
3,1,0.6666666666666666,0,0.04
3,0,-1.0,1,0.1699999999999999
3,0,-1.0,0,0.6019999999999999
3,0,-0.6666666666666666,1,0.8939999999999999
3,1,0.6666666666666666,1,0.312
3,0,-1.0,0,0.786
3,0,-0.3333333333333333,1,0.044
3,0,-1.0,0,0.98
3,0,-1.0,0,0.5979999999999999
3,1,1.0,1,0.8799999999999999
3,1,0.3333333333333333,1,0.2039999999999999
3,1,0.6666666666666666,1,0.266
3,1,0.3333333333333333,1,0.5820000000000001
3,1,0.6666666666666666,1,0.044
3,1,0.6666666666666666,1,0.5960000000000001
3,0,-0.3333333333333333,1,0.4379999999999999
3,1,0.6666666666666666,1,0.992
3,1,0.6666666666666666,1,0.284
3,1,0.3333333333333333,1,0.1819999999999999
3,0,-0.3333333333333333,1,0.054
3,0,-1.0,1,0.298
3,0,-1.0,1,0.062
3,1,1.0,1,0.494
3,1,1.0,1,0.8919999999999999
3,0,-0.3333333333333333,1,0.8520000000000001
3,0,-0.3333333333333333,0,0.1059999999999998
3,0,-1.0,0,0.93
3,0,-1.0,0,0.96
3,1,0.3333333333333333,1,0.002
3,1,0.3333333333333333,0,0.002
3,0,-0.3333333333333333,1,0.072
3,0,-0.6666666666666666,1,0.6759999999999999
3,0,-0.6666666666666666,0,0.5720000000000001
3,1,0.6666666666666666,1,0.8520000000000001
3,0,-0.6666666666666666,1,0.1100000000000001
3,1,1.0,1,0.736
3,0,-0.6666666666666666,0,0.936
3,1,0.3333333333333333,0,0.08
3,0,-0.3333333333333333,0,0.55
3,1,0.3333333333333333,1,0.542
3,1,0.6666666666666666,1,0.8839999999999999
3,1,0.3333333333333333,0,0.092
3,0,-0.6666666666666666,0,0.5860000000000001
3,0,-0.3333333333333333,0,0.096
3,0,-0.6666666666666666,1,0.002
3,0,-0.6666666666666666,0,0.022
3,1,1.0,1,0.998
3,0,-0.3333333333333333,0,0.0979999999999998
3,1,0.6666666666666666,1,0.708
3,1,1.0,1,1.0
3,0,-1.0,1,0.1439999999999999
3,1,0.3333333333333333,1,0.798
3,1,0.6666666666666666,1,0.4059999999999999
3,1,0.3333333333333333,1,0.002
3,0,-0.6666666666666666,1,0.3979999999999999
3,1,1.0,1,0.934
3,1,0.3333333333333333,0,0.06
3,0,-1.0,0,0.908
3,1,1.0,1,0.788
3,1,1.0,1,0.8340000000000001
3,1,1.0,1,0.974
3,0,-1.0,0,0.93
3,1,1.0,1,0.8819999999999999
3,1,0.6666666666666666,1,0.5960000000000001
3,0,-1.0,0,0.81
3,0,-1.0,1,0.476
3,0,-1.0,0,0.784
3,0,-0.3333333333333333,0,0.076
3,0,-0.3333333333333333,0,0.1720000000000001
3,0,-0.3333333333333333,1,0.052
3,1,0.6666666666666666,1,1.0
3,1,1.0,1,1.0
3,1,1.0,0,0.538
3,0,-0.3333333333333333,0,0.1200000000000001
3,1,1.0,1,0.1160000000000001
3,1,0.3333333333333333,1,0.002
3,1,0.6666666666666666,1,0.81
3,1,0.6666666666666666,0,0.3740000000000001
3,0,-0.6666666666666666,0,0.084
3,0,-1.0,0,0.988
3,1,0.3333333333333333,1,0.028
3,1,0.6666666666666666,0,0.0699999999999998
3,0,-1.0,0,0.482
3,0,-0.6666666666666666,0,0.954
3,0,-1.0,0,0.772
3,1,1.0,1,0.104
3,0,-0.6666666666666666,0,0.542
3,1,1.0,1,0.8879999999999999
3,1,1.0,1,0.986
3,1,0.3333333333333333,0,0.55
3,0,-1.0,0,0.042
3,1,0.6666666666666666,1,0.5980000000000001
3,1,1.0,1,0.994
3,1,1.0,1,0.986
3,1,0.3333333333333333,1,0.094
3,0,-0.3333333333333333,0,0.3900000000000001
3,1,0.6666666666666666,1,0.002
3,1,0.6666666666666666,1,0.3939999999999999
3,1,0.6666666666666666,1,0.314
3,0,-0.6666666666666666,0,0.52
3,0,-0.6666666666666666,1,0.002
3,0,-1.0,1,0.036
3,0,-0.6666666666666666,0,0.022
3,0,-0.6666666666666666,1,0.026
3,0,-0.6666666666666666,0,0.0
3,0,-1.0,1,0.002
3,0,-0.6666666666666666,0,0.02
3,1,0.6666666666666666,1,0.1
3,1,0.3333333333333333,0,0.1379999999999999
3,0,-0.6666666666666666,1,0.002
3,0,-0.3333333333333333,0,0.08
3,1,1.0,1,0.002
3,0,-0.6666666666666666,0,0.032
3,0,-0.3333333333333333,1,0.002
3,1,0.6666666666666666,1,0.002
3,0,-0.6666666666666666,0,0.1739999999999999
3,0,-1.0,0,0.6120000000000001
3,0,-0.6666666666666666,0,0.3380000000000001
3,1,0.3333333333333333,1,0.002
3,1,0.3333333333333333,1,0.002
3,1,0.6666666666666666,1,0.806
3,1,0.3333333333333333,1,0.002
3,0,-0.6666666666666666,1,0.4099999999999999
3,1,1.0,1,0.4019999999999999
3,0,-0.6666666666666666,1,0.1919999999999999
3,1,0.6666666666666666,1,0.796
3,0,-1.0,0,1.0
3,0,-0.6666666666666666,0,0.982
3,1,0.3333333333333333,1,0.002
3,0,-0.3333333333333333,0,0.802
3,1,1.0,1,1.0
3,0,-0.6666666666666666,0,0.806
3,1,0.3333333333333333,1,1.0
3,0,-0.3333333333333333,0,0.986
3,1,1.0,1,1.0
3,0,-0.6666666666666666,0,0.69
3,1,0.3333333333333333,1,0.002
3,1,0.3333333333333333,1,0.3999999999999999
3,1,0.6666666666666666,1,0.806
3,0,-0.3333333333333333,1,0.002
3,1,0.6666666666666666,1,0.3
3,1,0.6666666666666666,1,0.002
3,1,0.6666666666666666,1,0.994
3,1,0.3333333333333333,1,0.8959999999999999
3,1,1.0,1,1.0
3,0,-0.6666666666666666,0,0.0
3,1,0.6666666666666666,1,0.6020000000000001
3,1,0.6666666666666666,1,0.798
3,0,-0.3333333333333333,1,0.002
3,0,-0.6666666666666666,1,0.002
3,0,-0.6666666666666666,1,0.002
3,0,-0.3333333333333333,1,0.002
3,1,0.6666666666666666,0,0.06
3,1,1.0,1,0.798
3,0,-0.3333333333333333,1,0.002
3,0,-0.3333333333333333,0,0.1999999999999999
3,1,0.3333333333333333,1,0.802
3,0,-1.0,1,0.002
3,1,1.0,1,1.0
3,1,1.0,1,0.002
3,1,0.6666666666666666,1,0.794
3,0,-1.0,0,0.992
3,1,0.6666666666666666,1,0.5940000000000001
3,0,-1.0,1,0.002
3,0,-1.0,1,0.002
3,1,1.0,0,0.1800000000000001
3,0,-0.3333333333333333,1,0.002
3,1,0.6666666666666666,1,0.796
3,1,0.6666666666666666,1,0.002
3,0,-0.3333333333333333,1,0.002
3,0,-1.0,1,0.782
3,1,0.6666666666666666,1,0.002
3,1,0.6666666666666666,1,0.002
3,1,0.3333333333333333,1,0.002
3,1,1.0,1,0.002
3,1,0.3333333333333333,1,0.002
3,0,-1.0,0,0.3999999999999999
3,1,0.6666666666666666,1,0.002
3,1,0.3333333333333333,1,0.002
3,1,1.0,1,0.002
3,0,-1.0,1,0.002
3,0,-0.6666666666666666,0,0.5820000000000001
3,1,0.6666666666666666,1,0.804
3,1,0.3333333333333333,1,0.002
3,0,-0.3333333333333333,1,0.002
3,1,0.6666666666666666,1,0.5940000000000001
3,1,0.3333333333333333,1,0.974
3,0,-0.3333333333333333,1,0.1919999999999999
3,1,0.6666666666666666,1,0.2079999999999999
3,1,0.3333333333333333,1,0.786
3,0,-0.6666666666666666,1,0.6000000000000001
3,1,0.3333333333333333,1,0.002
3,0,-0.6666666666666666,1,0.002
3,1,1.0,1,0.3859999999999999
3,1,0.3333333333333333,1,0.002
3,0,-0.6666666666666666,0,0.2059999999999999
3,1,0.6666666666666666,1,0.758
3,1,1.0,1,0.696
3,0,-0.6666666666666666,1,0.002
3,0,-1.0,0,1.0
3,1,1.0,1,0.002
3,1,0.3333333333333333,1,0.002
3,0,-1.0,0,0.3959999999999999
3,0,-0.3333333333333333,1,0.002
3,1,0.3333333333333333,1,0.002
3,0,-0.6666666666666666,0,0.5979999999999999
3,1,1.0,1,0.002
3,0,-1.0,0,0.982
3,0,-0.3333333333333333,1,0.002
3,1,1.0,1,0.002
3,1,0.6666666666666666,1,0.806
3,0,-0.6666666666666666,0,0.0
3,1,0.3333333333333333,1,0.4079999999999999
3,1,1.0,1,1.0
3,0,-1.0,1,0.002
3,1,0.3333333333333333,1,0.8220000000000001
3,1,0.3333333333333333,1,0.3979999999999999
3,0,-0.6666666666666666,1,0.002
3,1,0.6666666666666666,1,0.802
3,1,0.3333333333333333,1,0.002
3,0,-0.3333333333333333,1,0.092
3,1,1.0,1,0.002
3,0,-1.0,1,0.002
3,1,0.3333333333333333,1,0.002
3,0,-1.0,1,0.498
3,0,-0.6666666666666666,0,0.1
3,0,-0.6666666666666666,1,0.002
3,1,0.6666666666666666,1,0.1579999999999999
3,0,-1.0,1,0.54
3,1,1.0,1,0.798
3,0,-1.0,0,0.97
3,0,-1.0,1,0.1160000000000001
3,0,-1.0,0,0.71
3,1,1.0,1,0.2139999999999999
3,1,0.3333333333333333,1,0.2279999999999999
3,0,-0.3333333333333333,0,0.706
3,0,-0.3333333333333333,1,0.002
3,1,0.3333333333333333,1,0.5720000000000001
3,0,-0.6666666666666666,1,0.002
3,1,1.0,1,0.782
3,0,-1.0,0,0.6280000000000001
3,0,-1.0,1,0.262
3,0,-0.3333333333333333,0,0.71
3,1,0.6666666666666666,1,0.8999999999999999
3,0,-1.0,0,0.986
3,1,0.6666666666666666,1,0.5840000000000001
3,0,-1.0,1,0.002
3,0,-0.3333333333333333,1,0.002
3,1,0.3333333333333333,1,0.548
3,1,1.0,1,0.8600000000000001
3,1,1.0,1,0.062
3,0,-1.0,0,0.51
3,1,0.6666666666666666,1,0.6759999999999999
3,0,-0.6666666666666666,1,0.002
3,0,-0.6666666666666666,1,0.1240000000000001
3,0,-0.3333333333333333,1,0.002
3,0,-0.3333333333333333,0,0.284
3,1,0.6666666666666666,1,0.716
3,0,-0.6666666666666666,0,0.2139999999999999
3,1,0.6666666666666666,1,0.752
3,0,-0.3333333333333333,0,0.8439999999999999
3,0,-1.0,0,0.992
3,1,0.6666666666666666,1,1.0
3,1,1.0,1,1.0
3,0,-0.3333333333333333,1,0.6000000000000001
3,1,0.3333333333333333,0,0.2079999999999999
3,0,-1.0,0,0.804
3,0,-1.0,1,0.1819999999999999
3,0,-0.6666666666666666,1,0.064
3,0,-1.0,0,0.052
3,0,-0.6666666666666666,1,0.102
3,1,0.6666666666666666,1,0.776
3,1,0.6666666666666666,1,0.3919999999999999
3,0,-0.6666666666666666,0,0.794
3,1,0.6666666666666666,1,0.002
3,1,1.0,1,0.002
3,1,1.0,1,1.0
3,1,0.6666666666666666,1,0.3919999999999999
3,0,-0.3333333333333333,1,0.3340000000000001
3,0,-0.3333333333333333,1,0.3500000000000001
3,0,-0.3333333333333333,1,0.002
3,1,1.0,1,0.8500000000000001
3,0,-0.3333333333333333,1,0.3480000000000001
3,1,0.6666666666666666,1,0.992
3,1,0.6666666666666666,1,0.1779999999999999
3,0,-0.3333333333333333,1,0.002
3,1,1.0,1,0.996
3,0,-0.6666666666666666,1,0.002
3,0,-0.3333333333333333,1,0.3
3,1,0.3333333333333333,1,0.1259999999999999
3,0,-0.6666666666666666,1,0.1839999999999999
3,0,-1.0,0,0.3799999999999999
3,1,1.0,1,0.8759999999999999
3,0,-0.3333333333333333,1,0.002
3,1,1.0,1,1.0
3,1,1.0,1,1.0
3,0,-0.3333333333333333,1,0.002
3,0,-0.6666666666666666,1,0.002
3,0,-0.3333333333333333,1,0.002
3,0,-0.3333333333333333,1,0.002
4,0,-0.3333333333333333,0,0.1959999999999999
4,1,0.6666666666666666,1,0.094
4,1,1.0,1,0.1459999999999999
4,1,0.3333333333333333,0,0.1320000000000001
4,0,-0.6666666666666666,0,0.068
4,0,-0.3333333333333333,0,0.998
4,0,-0.3333333333333333,0,0.1760000000000001
4,1,0.6666666666666666,1,0.2159999999999999
4,1,1.0,0,0.0899999999999998
4,1,0.6666666666666666,0,0.076
4,0,-0.6666666666666666,0,0.3860000000000001
4,1,0.6666666666666666,1,0.3480000000000001
4,1,0.6666666666666666,0,0.2039999999999999
4,0,-0.6666666666666666,0,0.1760000000000001
4,1,0.6666666666666666,0,0.1760000000000001
4,0,-0.3333333333333333,0,0.1
4,1,0.6666666666666666,1,0.05
4,1,1.0,0,0.088
4,0,-1.0,0,0.038
4,0,-1.0,0,0.6019999999999999
4,1,0.3333333333333333,1,0.054
4,0,-0.6666666666666666,0,0.06
4,1,0.3333333333333333,0,0.03
4,0,-0.6666666666666666,0,0.024
4,1,0.6666666666666666,0,0.024
4,1,0.3333333333333333,0,0.034
4,0,-1.0,0,0.2039999999999999
4,0,-0.6666666666666666,1,0.104
4,1,1.0,1,0.028
4,1,0.6666666666666666,1,0.1339999999999999
4,0,-0.6666666666666666,0,0.4180000000000001
4,0,-1.0,0,1.0
4,0,-0.3333333333333333,0,0.0899999999999998
4,1,0.3333333333333333,1,0.6000000000000001
4,0,-0.6666666666666666,0,0.2059999999999999
4,1,0.6666666666666666,1,0.038
4,1,0.3333333333333333,0,0.058
4,0,-1.0,1,0.018
4,0,-1.0,0,0.1859999999999999
4,0,-0.3333333333333333,0,0.1200000000000001
4,0,-0.3333333333333333,1,0.048
4,0,-0.3333333333333333,0,0.2039999999999999
4,0,-0.6666666666666666,0,0.042
4,0,-0.3333333333333333,0,0.022
4,0,-1.0,0,0.032
4,0,-1.0,0,0.018
4,1,1.0,0,0.3679999999999999
4,1,0.6666666666666666,0,0.012
4,0,-1.0,0,0.022
4,0,-1.0,0,0.038
4,0,-0.3333333333333333,0,0.1919999999999999
4,0,-0.3333333333333333,1,0.04
4,1,0.3333333333333333,0,0.034
4,1,0.3333333333333333,0,0.1459999999999999
4,0,-0.6666666666666666,0,0.2099999999999999
4,1,0.3333333333333333,1,0.1899999999999999
4,1,1.0,1,0.022
4,0,-0.6666666666666666,0,0.976
4,0,-0.6666666666666666,1,0.032
4,0,-1.0,0,0.1859999999999999
4,1,0.3333333333333333,1,0.1939999999999999
4,1,0.6666666666666666,1,0.018
4,1,1.0,1,0.028
4,1,1.0,1,0.042
4,1,1.0,1,0.1100000000000001
4,0,-0.6666666666666666,0,0.092
4,1,0.3333333333333333,1,0.03
4,0,-0.6666666666666666,1,0.1
4,1,0.6666666666666666,1,0.05
4,1,0.3333333333333333,1,0.1859999999999999
4,0,-0.6666666666666666,0,0.048
4,1,0.6666666666666666,1,0.2019999999999999
4,1,0.3333333333333333,1,0.012
4,1,0.3333333333333333,1,0.002
4,1,0.3333333333333333,1,0.2019999999999999
4,0,-1.0,0,0.5920000000000001
4,0,-1.0,1,0.02
4,0,-0.3333333333333333,1,0.02
4,1,1.0,1,0.802
4,0,-0.6666666666666666,1,0.022
4,0,-0.6666666666666666,1,0.004
4,0,-1.0,1,0.04
4,1,0.6666666666666666,1,0.4019999999999999
4,1,1.0,1,0.4059999999999999
4,1,1.0,1,0.056
4,0,-1.0,0,0.4079999999999999
4,0,-0.3333333333333333,1,0.04
4,1,0.3333333333333333,1,0.994
4,0,-0.6666666666666666,0,0.2059999999999999
4,1,0.3333333333333333,1,0.3959999999999999
4,0,-0.6666666666666666,0,0.026
4,1,0.3333333333333333,1,0.026
4,1,0.6666666666666666,1,0.1140000000000001
4,1,0.3333333333333333,1,0.2099999999999999
4,1,1.0,0,0.068
4,0,-0.3333333333333333,1,0.028
4,1,1.0,1,0.3919999999999999
4,0,-1.0,0,0.3959999999999999
4,0,-1.0,0,0.6139999999999999
4,0,-1.0,0,0.046
4,0,-0.6666666666666666,1,0.4019999999999999
4,1,0.6666666666666666,0,0.06
4,1,1.0,1,0.024
4,1,0.6666666666666666,0,0.02
4,1,0.6666666666666666,1,0.796
4,1,0.3333333333333333,1,0.016
4,1,1.0,1,0.6120000000000001
4,0,-1.0,0,0.6040000000000001
4,1,1.0,1,0.6319999999999999
4,1,1.0,1,0.022
4,1,0.6666666666666666,1,0.1979999999999999
4,0,-0.3333333333333333,0,0.012
4,1,0.6666666666666666,1,0.014
4,1,0.3333333333333333,1,0.1579999999999999
4,0,-0.6666666666666666,1,0.004
4,0,-0.6666666666666666,0,0.012
4,0,-0.6666666666666666,0,0.018
4,0,-0.6666666666666666,0,0.054
4,1,0.6666666666666666,0,0.02
4,0,-0.3333333333333333,1,0.016
4,1,1.0,0,0.1959999999999999
4,0,-0.6666666666666666,1,0.004
4,0,-0.3333333333333333,0,0.1979999999999999
4,0,-1.0,1,0.078
4,0,-0.3333333333333333,0,0.1919999999999999
4,1,0.3333333333333333,0,0.02
4,1,0.6666666666666666,1,0.6200000000000001
4,1,0.3333333333333333,1,0.5940000000000001
4,1,0.3333333333333333,1,0.06
4,1,0.6666666666666666,1,0.4159999999999999
4,1,0.6666666666666666,1,0.2059999999999999
4,1,0.3333333333333333,1,0.2059999999999999
4,1,0.6666666666666666,1,0.4019999999999999
4,0,-0.3333333333333333,0,0.062
4,1,0.3333333333333333,1,0.04
4,1,0.3333333333333333,1,0.038
4,0,-1.0,0,0.1999999999999999
4,0,-0.6666666666666666,0,0.1059999999999998
4,1,1.0,1,0.6040000000000001
4,1,0.3333333333333333,1,0.022
4,1,0.6666666666666666,1,0.6100000000000001
4,0,-0.6666666666666666,0,0.0
4,1,1.0,1,0.6060000000000001
4,1,0.3333333333333333,0,0.2079999999999999
4,0,-0.3333333333333333,0,0.014
4,0,-0.6666666666666666,1,0.022
4,0,-0.3333333333333333,1,0.1959999999999999
4,0,-1.0,0,0.5660000000000001
4,1,0.6666666666666666,1,0.018
4,1,0.3333333333333333,1,0.07
4,0,-0.3333333333333333,0,0.046
4,1,0.3333333333333333,1,0.062
4,0,-1.0,0,0.778
4,0,-0.3333333333333333,0,0.8180000000000001
4,0,-0.6666666666666666,0,0.0739999999999998
4,0,-0.6666666666666666,1,0.048
4,1,0.6666666666666666,1,0.4159999999999999
4,1,1.0,1,0.09
4,1,0.6666666666666666,0,0.2019999999999999
4,0,-0.3333333333333333,0,0.058
4,1,1.0,1,0.8740000000000001
4,0,-0.3333333333333333,0,0.6499999999999999
4,0,-0.3333333333333333,0,0.004
4,1,0.6666666666666666,0,0.1879999999999999
4,1,0.3333333333333333,1,0.2079999999999999
4,1,0.6666666666666666,1,0.264
4,0,-0.6666666666666666,0,0.1959999999999999
4,1,1.0,1,0.026
4,0,-0.3333333333333333,0,0.028
4,1,1.0,1,0.1859999999999999
4,1,0.3333333333333333,0,0.084
4,0,-1.0,0,0.1939999999999999
4,1,0.6666666666666666,1,0.1839999999999999
4,1,1.0,1,0.086
4,0,-0.6666666666666666,0,0.1840000000000001
4,1,1.0,0,0.0819999999999998
4,0,-1.0,0,0.1720000000000001
4,1,1.0,1,0.2039999999999999
4,0,-0.3333333333333333,0,0.1859999999999999
4,0,-0.3333333333333333,0,0.6280000000000001
4,0,-0.6666666666666666,0,0.0779999999999998
4,1,1.0,1,0.5880000000000001
4,1,0.6666666666666666,1,0.3999999999999999
4,0,-0.6666666666666666,0,0.1919999999999999
4,0,-0.3333333333333333,1,0.1859999999999999
4,1,0.3333333333333333,0,0.1879999999999999
4,1,1.0,1,0.2079999999999999
4,0,-0.6666666666666666,0,0.1919999999999999
4,0,-0.3333333333333333,1,0.042
4,1,1.0,1,0.5900000000000001
4,1,0.6666666666666666,1,0.3959999999999999
4,1,1.0,1,0.8859999999999999
4,0,-1.0,1,0.032
4,1,0.3333333333333333,1,0.026
4,0,-1.0,0,0.8540000000000001
4,0,-0.6666666666666666,0,0.026
4,1,0.3333333333333333,1,0.036
4,0,-1.0,0,0.048
4,0,-0.3333333333333333,1,0.024
4,0,-1.0,0,0.2119999999999999
4,1,1.0,1,0.1839999999999999
4,0,-0.3333333333333333,0,0.2019999999999999
4,0,-1.0,1,0.1899999999999999
4,0,-0.6666666666666666,0,0.1879999999999999
4,1,0.6666666666666666,1,0.748
4,0,-0.6666666666666666,0,0.8380000000000001
4,1,1.0,0,0.0859999999999998
4,1,1.0,1,0.8560000000000001
4,0,-1.0,0,0.1139999999999998
4,1,1.0,1,0.024
4,1,1.0,1,0.05
4,0,-0.3333333333333333,0,0.036
4,1,0.6666666666666666,1,0.002
4,1,0.3333333333333333,0,0.03
4,1,1.0,1,0.016
4,1,1.0,1,0.014
4,1,0.3333333333333333,1,0.002
4,1,1.0,1,0.022
4,0,-1.0,0,0.022
4,0,-0.3333333333333333,0,0.2019999999999999
4,1,1.0,1,0.002
4,1,1.0,1,0.3560000000000001
4,0,-0.6666666666666666,0,0.306
4,0,-1.0,0,0.264
4,0,-1.0,0,0.788
4,1,0.6666666666666666,1,0.056
4,0,-0.6666666666666666,0,0.536
4,1,1.0,0,0.026
4,1,0.6666666666666666,0,0.1019999999999998
4,1,0.3333333333333333,1,0.02
4,1,0.6666666666666666,0,0.042
4,1,0.3333333333333333,1,0.022
4,0,-0.6666666666666666,0,0.04
4,1,1.0,1,0.048
4,1,1.0,0,0.1939999999999999
4,0,-0.3333333333333333,1,0.046
4,0,-0.6666666666666666,0,0.2059999999999999
4,0,-1.0,0,0.804
4,1,0.3333333333333333,0,0.4279999999999999
4,1,1.0,1,0.492
4,1,1.0,1,0.002
4,0,-0.3333333333333333,0,0.54
4,1,1.0,1,0.6679999999999999
4,1,0.3333333333333333,1,0.3919999999999999
4,0,-0.6666666666666666,1,0.048
4,1,0.3333333333333333,1,0.022
4,0,-0.3333333333333333,1,0.022
4,1,0.3333333333333333,0,0.022
4,0,-0.6666666666666666,1,0.032
4,1,0.6666666666666666,1,0.3779999999999999
4,1,0.6666666666666666,1,0.018
4,0,-0.3333333333333333,0,0.016
4,0,-0.3333333333333333,1,0.018
4,1,0.6666666666666666,0,0.02
4,1,0.6666666666666666,1,0.032
4,0,-0.6666666666666666,1,0.016
4,0,-0.6666666666666666,0,0.4220000000000001
4,1,0.3333333333333333,1,0.1919999999999999
4,0,-0.6666666666666666,1,0.02
4,0,-1.0,0,0.988
4,0,-0.6666666666666666,0,0.986
4,0,-1.0,0,0.994
4,1,0.3333333333333333,1,0.1999999999999999
4,0,-0.6666666666666666,0,1.0
4,0,-0.3333333333333333,0,0.552
4,0,-0.3333333333333333,0,0.74
4,1,0.3333333333333333,0,0.808
4,0,-0.6666666666666666,0,0.1979999999999999
4,1,0.3333333333333333,0,0.0859999999999998
4,0,-1.0,0,0.8500000000000001
4,0,-0.3333333333333333,1,0.03
4,1,1.0,0,0.256
4,1,0.6666666666666666,1,0.2279999999999999
4,0,-0.6666666666666666,0,0.3759999999999999
4,1,0.3333333333333333,0,0.044
4,0,-0.6666666666666666,0,0.8420000000000001
4,0,-1.0,0,0.2059999999999999
4,0,-0.3333333333333333,0,0.1999999999999999
4,0,-0.3333333333333333,0,0.1999999999999999
4,0,-0.6666666666666666,0,0.032
4,1,0.6666666666666666,0,0.278
4,1,0.3333333333333333,1,0.018
4,1,0.6666666666666666,1,0.02
4,1,0.3333333333333333,1,0.004
4,0,-0.6666666666666666,0,0.1959999999999999
4,1,0.3333333333333333,1,0.4379999999999999
4,1,0.6666666666666666,1,0.3640000000000001
4,0,-0.6666666666666666,0,0.02
4,1,0.3333333333333333,1,0.004
4,0,-1.0,1,0.02
4,1,0.3333333333333333,1,0.012
4,0,-0.6666666666666666,0,0.2219999999999999
4,1,1.0,1,0.1299999999999999
4,1,0.6666666666666666,0,0.026
4,0,-0.6666666666666666,1,0.012
4,1,1.0,1,0.012
4,1,0.3333333333333333,1,0.014
4,0,-0.3333333333333333,1,0.018
4,0,-0.3333333333333333,0,0.014
4,0,-0.6666666666666666,0,0.012
4,0,-0.6666666666666666,1,0.002
4,1,0.6666666666666666,1,0.03
4,0,-0.3333333333333333,0,0.8860000000000001
4,0,-0.6666666666666666,0,0.1999999999999999
4,1,0.6666666666666666,1,0.1299999999999999
4,1,0.6666666666666666,0,0.2059999999999999
4,1,1.0,1,0.71
4,0,-0.3333333333333333,0,0.2079999999999999
4,1,1.0,1,0.478
4,0,-1.0,0,0.3340000000000001
4,1,0.6666666666666666,0,0.016
4,0,-1.0,0,0.1760000000000001
4,1,0.3333333333333333,1,0.066
4,0,-0.3333333333333333,0,0.1659999999999999
4,1,0.3333333333333333,1,0.1060000000000001
4,1,1.0,1,0.104
4,0,-0.6666666666666666,0,0.1840000000000001
4,1,0.6666666666666666,1,0.1659999999999999
4,1,0.6666666666666666,0,0.1939999999999999
4,0,-0.3333333333333333,0,0.1999999999999999
4,1,0.6666666666666666,1,0.1939999999999999
4,1,0.3333333333333333,0,0.0699999999999998
4,0,-1.0,0,0.1999999999999999
4,0,-1.0,0,0.2059999999999999
4,0,-0.3333333333333333,0,0.084
4,0,-1.0,0,0.774
4,1,0.3333333333333333,1,0.024
4,0,-0.3333333333333333,1,0.018
4,0,-0.6666666666666666,0,0.4439999999999999
4,1,1.0,1,0.004
4,0,-0.6666666666666666,0,0.474
4,1,1.0,1,0.1160000000000001
4,1,1.0,1,0.496
4,1,0.6666666666666666,0,0.49
4,1,1.0,1,0.4339999999999999
4,1,0.6666666666666666,1,0.502
4,1,0.3333333333333333,0,0.04
4,1,0.6666666666666666,0,0.0
4,1,0.6666666666666666,1,0.254
4,1,0.3333333333333333,0,0.08
4,1,1.0,1,0.524
4,0,-0.6666666666666666,1,0.004
4,0,-0.3333333333333333,1,0.022
4,1,1.0,1,0.4279999999999999
4,1,1.0,1,0.3680000000000001
4,0,-0.6666666666666666,0,0.036
4,0,-0.3333333333333333,0,0.1899999999999999
4,1,0.6666666666666666,1,0.51
4,0,-1.0,0,0.5880000000000001
4,0,-0.6666666666666666,1,0.004
4,0,-1.0,1,0.258
4,1,1.0,1,0.702
4,1,0.6666666666666666,1,0.05
4,1,0.6666666666666666,0,0.028
4,1,0.6666666666666666,1,0.3380000000000001
4,1,0.3333333333333333,1,0.014
4,0,-0.6666666666666666,1,0.038
4,1,0.3333333333333333,1,0.032
4,0,-0.3333333333333333,1,0.092
4,1,1.0,1,0.736
4,1,0.6666666666666666,1,0.1719999999999999
4,0,-0.6666666666666666,1,0.012
4,0,-0.6666666666666666,1,0.002
4,0,-0.6666666666666666,1,0.2059999999999999
4,0,-0.3333333333333333,1,0.014
4,0,-0.6666666666666666,0,0.758
4,1,0.3333333333333333,1,0.076
4,0,-1.0,0,0.93
4,1,1.0,1,0.3660000000000001
4,0,-0.3333333333333333,0,0.1879999999999999
4,1,1.0,1,0.028
4,0,-0.6666666666666666,0,0.8240000000000001
4,0,-0.3333333333333333,1,0.094
4,0,-0.3333333333333333,1,0.1939999999999999
4,1,0.3333333333333333,1,0.2139999999999999
4,0,-0.6666666666666666,1,0.002
4,1,0.3333333333333333,0,0.1360000000000001
4,0,-0.6666666666666666,1,0.018
4,1,0.6666666666666666,1,0.03
4,0,-0.6666666666666666,0,0.3540000000000001
4,1,0.3333333333333333,0,0.01
4,0,-1.0,1,0.002
4,1,0.3333333333333333,1,0.032
4,0,-0.3333333333333333,1,0.018
4,1,1.0,1,0.764
4,1,0.6666666666666666,1,0.722
4,0,-1.0,0,0.3239999999999998
4,0,-0.6666666666666666,1,0.042
4,1,0.3333333333333333,1,0.018
4,1,0.6666666666666666,1,0.01
4,1,1.0,1,0.746
4,1,0.3333333333333333,0,0.044
4,0,-0.3333333333333333,0,0.6240000000000001
4,0,-0.6666666666666666,1,0.036
4,1,0.3333333333333333,1,0.004
4,0,-0.3333333333333333,0,0.008
4,1,1.0,0,0.04
4,0,-0.6666666666666666,1,0.002
4,1,1.0,1,0.018
4,1,0.3333333333333333,1,0.5940000000000001
4,0,-0.6666666666666666,0,0.06
4,1,1.0,1,0.254
4,0,-0.3333333333333333,1,0.038
4,1,0.3333333333333333,0,0.034
4,0,-1.0,0,0.734
4,1,1.0,1,0.1559999999999999
4,0,-0.6666666666666666,1,0.1959999999999999
4,0,-0.6666666666666666,1,0.046
4,1,0.3333333333333333,1,0.03
4,0,-0.6666666666666666,1,0.002
4,0,-0.6666666666666666,1,0.088
4,0,-0.3333333333333333,1,0.1779999999999999
4,0,-0.3333333333333333,0,0.1600000000000001
4,0,-1.0,0,0.1979999999999999
4,1,0.6666666666666666,1,0.042
4,0,-0.6666666666666666,1,0.028
4,0,-0.3333333333333333,1,0.016
4,1,0.6666666666666666,1,0.074
4,1,0.6666666666666666,1,0.1979999999999999
4,0,-0.3333333333333333,0,0.1859999999999999
4,0,-1.0,0,0.732
4,0,-0.6666666666666666,1,0.014
4,0,-0.6666666666666666,0,0.018
4,0,-0.3333333333333333,0,0.1019999999999998
4,0,-0.3333333333333333,1,0.024
4,0,-0.6666666666666666,0,0.036
4,1,1.0,0,0.0
4,1,0.3333333333333333,0,0.038
4,0,-0.6666666666666666,1,0.002
4,1,1.0,1,0.086
4,0,-1.0,0,0.8359999999999999
4,0,-0.3333333333333333,0,0.042
4,0,-1.0,0,0.5780000000000001
4,0,-0.3333333333333333,1,0.034
4,0,-0.6666666666666666,0,0.8959999999999999
4,1,0.6666666666666666,0,0.006
4,1,0.3333333333333333,0,0.1859999999999999
4,0,-1.0,0,0.908
4,1,1.0,1,0.052
4,1,0.6666666666666666,0,0.2059999999999999
4,0,-0.6666666666666666,1,0.026
4,0,-0.3333333333333333,0,0.1979999999999999
4,0,-0.3333333333333333,0,0.6200000000000001
4,0,-1.0,0,0.734
4,1,0.6666666666666666,1,0.1959999999999999
4,0,-0.3333333333333333,0,0.002
4,1,0.6666666666666666,0,0.008
4,0,-1.0,0,0.1999999999999999
4,0,-1.0,0,0.522
4,1,0.3333333333333333,1,0.032
4,1,1.0,1,0.1819999999999999
4,0,-0.3333333333333333,1,0.002
4,1,0.6666666666666666,1,0.07
4,0,-0.6666666666666666,0,0.1999999999999999
4,0,-1.0,0,0.55
4,0,-0.3333333333333333,0,0.2279999999999999
4,0,-0.6666666666666666,0,0.3580000000000001
4,0,-0.6666666666666666,0,0.746
4,1,0.3333333333333333,1,0.028
4,0,-1.0,0,0.056
4,1,1.0,1,0.026
4,0,-1.0,0,0.696
4,1,1.0,1,0.2219999999999999
4,1,0.6666666666666666,1,0.03
4,1,0.6666666666666666,0,0.2259999999999999
4,1,1.0,1,0.036
4,1,1.0,1,0.516
4,0,-1.0,0,0.804
4,1,0.3333333333333333,1,0.2199999999999999
4,1,1.0,1,0.8660000000000001
4,0,-1.0,0,1.0
4,0,-0.3333333333333333,1,0.034
4,1,1.0,1,0.482
4,1,1.0,1,0.996
4,0,-0.3333333333333333,0,0.298
4,0,-1.0,0,0.03
4,1,0.3333333333333333,0,0.002
4,0,-0.3333333333333333,1,0.028
4,0,-1.0,0,0.6219999999999999
4,1,1.0,1,0.046
4,0,-0.6666666666666666,0,0.782
4,1,1.0,1,0.5780000000000001
4,0,-0.6666666666666666,0,0.764
4,1,1.0,1,0.5940000000000001
4,1,0.6666666666666666,0,0.1219999999999998
4,1,0.3333333333333333,1,0.1959999999999999
4,0,-0.6666666666666666,1,0.05
4,1,0.3333333333333333,1,0.006
4,0,-0.3333333333333333,1,0.002
4,0,-1.0,1,0.002
4,1,0.6666666666666666,1,0.03
4,1,0.6666666666666666,1,0.018
4,0,-1.0,0,0.026
4,1,1.0,1,0.238
4,1,1.0,0,0.04
4,1,0.3333333333333333,1,0.008
4,1,0.3333333333333333,1,0.002
4,1,1.0,1,0.1619999999999999
4,0,-1.0,0,0.742
4,0,-0.3333333333333333,1,0.01
4,1,0.6666666666666666,1,0.034
4,1,0.6666666666666666,0,0.4119999999999999
4,0,-0.3333333333333333,1,0.036
4,0,-0.3333333333333333,1,0.002
4,0,-0.3333333333333333,1,0.024
4,0,-0.6666666666666666,0,0.05
4,1,0.6666666666666666,1,0.1779999999999999
4,0,-1.0,0,0.4260000000000001
4,1,1.0,1,0.5680000000000001
4,1,1.0,0,0.08
4,1,1.0,1,0.3999999999999999
4,1,1.0,1,0.5780000000000001
4,1,0.6666666666666666,1,0.1939999999999999
4,0,-0.3333333333333333,0,0.982
4,1,0.6666666666666666,1,0.034
4,1,1.0,0,0.1919999999999999
4,0,-0.3333333333333333,1,0.048
4,1,1.0,1,0.002
4,0,-0.3333333333333333,0,0.02
4,0,-0.3333333333333333,1,0.002
4,1,0.6666666666666666,0,0.008
4,1,1.0,1,0.996
4,1,1.0,1,0.99
4,0,-0.6666666666666666,0,0.5780000000000001
4,1,0.3333333333333333,1,0.2039999999999999
4,1,1.0,1,1.0
4,1,0.3333333333333333,1,0.042
4,0,-0.6666666666666666,0,1.0
4,0,-0.3333333333333333,0,0.1760000000000001
4,1,1.0,1,1.0
4,1,0.3333333333333333,0,1.0
4,0,-1.0,0,0.012
4,0,-1.0,0,1.0
4,1,0.6666666666666666,1,0.052
4,0,-0.3333333333333333,0,0.1859999999999999
4,0,-0.3333333333333333,0,0.044
4,0,-0.3333333333333333,0,0.244
4,1,0.6666666666666666,1,0.1839999999999999
4,1,1.0,1,0.028
4,1,0.3333333333333333,1,0.246
4,1,1.0,0,0.1879999999999999
4,0,-1.0,0,0.008
4,1,0.3333333333333333,1,0.022
4,1,0.3333333333333333,0,0.02
4,1,0.3333333333333333,1,0.004
4,1,1.0,1,0.4259999999999999
4,1,1.0,1,0.002
4,1,1.0,1,0.924
4,0,-0.6666666666666666,0,0.042
4,1,1.0,1,0.6100000000000001
4,0,-1.0,0,1.0
4,0,-1.0,0,1.0
4,1,0.6666666666666666,1,0.494
4,0,-0.3333333333333333,0,1.0
4,1,0.3333333333333333,1,0.03
4,1,0.3333333333333333,1,1.0
4,0,-1.0,0,1.0
4,0,-0.3333333333333333,0,1.0
4,0,-0.6666666666666666,0,0.034
4,1,0.6666666666666666,1,1.0
4,0,-0.3333333333333333,0,1.0
4,1,0.3333333333333333,1,0.3979999999999999
4,1,0.6666666666666666,0,1.0
4,0,-0.3333333333333333,0,0.0939999999999998
4,1,1.0,1,1.0
4,0,-0.3333333333333333,1,0.002
4,1,0.3333333333333333,0,0.1219999999999998
4,0,-0.6666666666666666,0,1.0
4,0,-1.0,0,0.008
4,1,1.0,1,0.002
4,0,-0.6666666666666666,0,1.0
4,1,0.6666666666666666,1,0.2219999999999999
4,0,-0.3333333333333333,0,1.0
4,0,-0.6666666666666666,0,0.2099999999999999
4,0,-0.3333333333333333,0,1.0
4,1,0.3333333333333333,1,0.002
4,0,-1.0,0,0.4379999999999999
4,0,-0.3333333333333333,0,0.4180000000000001
4,0,-1.0,1,0.002
4,0,-0.3333333333333333,0,0.032
4,0,-0.6666666666666666,0,0.5640000000000001
4,1,0.3333333333333333,1,0.002
4,0,-0.3333333333333333,0,0.4439999999999999
4,0,-1.0,0,0.3799999999999999
4,1,1.0,1,0.6639999999999999
4,1,0.3333333333333333,1,0.076
4,1,0.6666666666666666,1,0.01
4,1,1.0,0,0.044
4,0,-0.6666666666666666,0,0.4119999999999999
4,1,0.6666666666666666,1,0.1819999999999999
4,1,1.0,1,0.1999999999999999
4,1,0.6666666666666666,1,0.026
4,0,-0.6666666666666666,0,0.1979999999999999
4,1,0.3333333333333333,1,0.002
4,0,-1.0,0,0.518
4,0,-0.6666666666666666,1,0.1519999999999999
4,1,0.6666666666666666,0,0.1879999999999999
4,1,1.0,0,0.1019999999999998
4,1,0.3333333333333333,1,0.048
4,0,-0.6666666666666666,0,1.0
4,0,-1.0,0,0.072
4,0,-0.6666666666666666,1,0.1959999999999999
4,1,0.6666666666666666,1,0.014
4,1,1.0,1,1.0
4,0,-0.6666666666666666,1,0.018
4,1,0.6666666666666666,1,0.002
4,0,-0.3333333333333333,1,0.018
4,0,-1.0,1,0.1160000000000001
4,0,-1.0,0,1.0
4,0,-0.6666666666666666,1,0.02
4,1,0.3333333333333333,1,1.0
4,0,-1.0,0,1.0
4,1,0.6666666666666666,1,1.0
4,1,1.0,1,1.0
4,0,-1.0,0,1.0
4,0,-1.0,0,0.3900000000000001
4,1,0.3333333333333333,1,1.0
4,1,1.0,1,1.0
4,1,0.6666666666666666,1,1.0
4,1,0.3333333333333333,1,1.0
4,1,0.3333333333333333,1,1.0
4,0,-0.3333333333333333,0,1.0
4,0,-0.3333333333333333,0,1.0
4,1,1.0,1,1.0
4,0,-1.0,0,1.0
4,0,-0.6666666666666666,1,0.006
4,1,0.6666666666666666,1,1.0
4,0,-0.3333333333333333,0,1.0
4,1,1.0,1,1.0
4,1,1.0,1,1.0
4,0,-0.6666666666666666,0,1.0
4,0,-1.0,1,0.002
4,0,-0.6666666666666666,0,1.0
4,1,0.6666666666666666,0,1.0
4,0,-0.3333333333333333,0,0.026
4,1,1.0,1,1.0
4,0,-1.0,0,1.0
4,1,0.6666666666666666,1,1.0
4,0,-0.6666666666666666,0,1.0
4,1,1.0,1,1.0
4,0,-0.6666666666666666,0,1.0
4,1,0.6666666666666666,1,0.002
4,0,-1.0,1,0.002
4,0,-1.0,0,1.0
4,1,0.6666666666666666,1,0.06
4,0,-0.6666666666666666,0,0.002
4,1,1.0,1,0.024
4,0,-0.3333333333333333,1,0.002
4,1,0.6666666666666666,0,0.046
4,1,0.6666666666666666,1,0.002
4,0,-0.6666666666666666,1,0.002
4,0,-0.3333333333333333,1,0.05
4,0,-1.0,0,0.1879999999999999
4,0,-0.6666666666666666,0,0.1819999999999999
4,0,-0.3333333333333333,1,0.036
4,1,1.0,1,0.082
4,1,0.3333333333333333,1,0.022
4,1,0.6666666666666666,1,0.4099999999999999
4,0,-1.0,0,0.4300000000000001
4,0,-1.0,0,1.0
4,1,1.0,1,1.0
4,1,0.6666666666666666,1,0.4599999999999999
4,0,-0.6666666666666666,0,0.286
4,0,-1.0,0,0.034
4,0,-0.6666666666666666,1,0.1539999999999999
4,0,-0.3333333333333333,1,0.026
4,1,0.6666666666666666,0,0.1999999999999999
4,1,0.3333333333333333,0,0.02
4,1,0.3333333333333333,1,0.054
4,1,0.3333333333333333,1,1.0
4,0,-0.3333333333333333,0,0.0939999999999998
4,1,0.3333333333333333,1,0.022
4,1,1.0,1,0.8999999999999999
4,0,-1.0,0,0.6059999999999999
4,1,1.0,1,1.0
4,1,1.0,1,0.03
4,1,0.3333333333333333,1,0.1979999999999999
4,1,0.3333333333333333,1,0.81
4,1,1.0,1,1.0
4,0,-0.6666666666666666,0,1.0
4,1,0.6666666666666666,1,0.6399999999999999
4,0,-0.6666666666666666,0,0.964
4,0,-1.0,1,0.002
4,1,1.0,0,0.272
4,1,0.6666666666666666,1,0.002
4,1,1.0,1,0.554
4,1,0.3333333333333333,0,0.1520000000000001
4,1,1.0,1,0.6279999999999999
4,0,-0.6666666666666666,0,0.956
4,0,-1.0,0,1.0
4,0,-0.6666666666666666,0,0.2299999999999999
4,1,1.0,0,0.068
4,1,1.0,1,0.002
4,1,1.0,1,0.29
4,1,1.0,0,0.0859999999999998
4,0,-0.3333333333333333,1,0.002
4,1,1.0,1,0.6319999999999999
4,0,-0.3333333333333333,1,0.5980000000000001
4,1,1.0,1,1.0
4,0,-0.3333333333333333,0,0.048
4,0,-0.6666666666666666,1,0.002
4,0,-0.6666666666666666,0,1.0
4,1,1.0,1,0.6359999999999999
4,0,-0.6666666666666666,0,1.0
4,1,0.6666666666666666,1,0.04
4,1,0.6666666666666666,1,0.264
4,1,0.6666666666666666,1,0.5940000000000001
4,1,0.3333333333333333,1,0.5760000000000001
4,1,0.3333333333333333,1,0.6599999999999999
4,0,-0.3333333333333333,1,0.002
4,0,-0.6666666666666666,1,0.3460000000000001
4,0,-0.3333333333333333,1,0.254
4,1,0.6666666666666666,1,1.0
4,1,1.0,1,0.002
4,0,-0.6666666666666666,0,0.026
4,1,0.6666666666666666,1,0.236
4,1,0.6666666666666666,1,0.4479999999999999
4,1,0.3333333333333333,1,0.558
4,0,-0.3333333333333333,1,0.002
4,0,-1.0,0,0.4439999999999999
4,1,0.6666666666666666,1,0.504
4,1,0.6666666666666666,1,0.002
4,1,0.3333333333333333,1,0.002
4,1,0.6666666666666666,0,0.034
4,0,-0.3333333333333333,1,0.1379999999999999
4,0,-0.6666666666666666,0,0.3940000000000001
4,1,0.3333333333333333,1,0.002
4,1,1.0,1,1.0
4,0,-0.3333333333333333,1,0.1899999999999999
4,1,1.0,1,1.0
4,0,-1.0,0,0.544
4,1,1.0,1,0.558
4,0,-1.0,0,0.046
4,0,-0.6666666666666666,1,0.002
4,1,0.6666666666666666,1,0.5700000000000001
4,0,-0.6666666666666666,0,0.0859999999999998
4,0,-0.3333333333333333,1,0.058
4,0,-0.3333333333333333,1,0.2019999999999999
4,1,1.0,1,0.91
4,0,-0.6666666666666666,0,0.014
4,0,-0.3333333333333333,1,0.024
4,0,-0.6666666666666666,0,0.054
4,0,-0.3333333333333333,0,0.3519999999999998
4,0,-1.0,0,0.4079999999999999
4,0,-0.3333333333333333,0,1.0
4,0,-0.3333333333333333,0,1.0
4,0,-1.0,0,1.0
4,1,0.3333333333333333,0,0.254
4,1,0.3333333333333333,1,0.1899999999999999
4,0,-0.3333333333333333,0,0.4559999999999999
4,1,0.6666666666666666,1,0.02
4,1,0.3333333333333333,0,0.034
4,0,-0.6666666666666666,0,0.1979999999999999
4,0,-1.0,0,1.0
4,0,-0.3333333333333333,1,0.1959999999999999
4,1,0.3333333333333333,0,0.072
4,0,-0.3333333333333333,0,0.4639999999999999
4,0,-1.0,0,0.6400000000000001
4,0,-0.6666666666666666,1,0.012
4,1,0.3333333333333333,0,0.016
4,0,-1.0,0,0.3359999999999998
4,1,1.0,0,0.008
4,0,-0.6666666666666666,0,0.534
4,1,0.3333333333333333,1,0.016
4,1,1.0,1,0.6499999999999999
4,0,-0.6666666666666666,0,0.7
4,1,1.0,1,1.0
4,1,0.6666666666666666,1,1.0
4,1,0.3333333333333333,1,0.1080000000000001
4,0,-0.3333333333333333,0,0.1840000000000001
4,1,0.3333333333333333,0,0.1959999999999999
4,1,0.3333333333333333,1,0.1759999999999999
4,0,-0.3333333333333333,0,0.0
4,0,-1.0,0,0.544
4,0,-0.3333333333333333,0,0.1760000000000001
4,1,0.3333333333333333,1,0.1459999999999999
4,0,-0.3333333333333333,0,0.1999999999999999
4,0,-0.3333333333333333,0,0.1879999999999999
4,1,1.0,1,0.1839999999999999
4,0,-1.0,0,0.1919999999999999
4,1,0.3333333333333333,1,0.002
4,1,1.0,1,0.002
4,1,0.6666666666666666,1,0.2019999999999999
4,0,-0.6666666666666666,1,0.002
4,1,1.0,1,0.032
4,0,-0.6666666666666666,0,0.038
4,1,0.6666666666666666,1,0.532
4,0,-1.0,0,0.76
4,1,0.3333333333333333,0,0.0
4,1,0.3333333333333333,1,0.1100000000000001
4,1,0.6666666666666666,1,0.2259999999999999
4,0,-0.3333333333333333,1,0.03
4,1,0.3333333333333333,0,0.008
4,1,0.6666666666666666,1,0.1979999999999999
4,0,-0.6666666666666666,0,0.256
4,0,-0.6666666666666666,0,0.008
4,0,-1.0,0,1.0
4,1,1.0,1,1.0
4,0,-0.6666666666666666,0,0.044
4,1,0.6666666666666666,1,1.0
5,0,-1.0,0,0.002
5,1,0.6666666666666666,0,0.2039999999999999
5,0,-0.6666666666666666,0,0.5880000000000001
5,1,1.0,1,0.998
5,0,-1.0,0,1.0
5,0,-1.0,0,1.0
5,1,0.6666666666666666,1,0.812
5,1,0.6666666666666666,1,1.0
5,0,-0.6666666666666666,0,1.0
5,1,0.3333333333333333,1,0.8
5,0,-1.0,0,0.99
5,0,-0.6666666666666666,0,0.994
5,0,-1.0,0,0.998
5,0,-0.6666666666666666,0,0.4119999999999999
5,1,0.6666666666666666,0,0.3980000000000001
5,1,0.3333333333333333,1,0.986
5,1,0.6666666666666666,1,0.784
5,1,1.0,1,0.982
5,1,0.3333333333333333,1,0.1759999999999999
5,1,0.6666666666666666,1,0.3839999999999999
5,1,0.3333333333333333,1,0.998
5,0,-0.3333333333333333,1,0.2039999999999999
5,1,0.6666666666666666,1,0.1839999999999999
5,0,-1.0,0,0.1999999999999999
5,0,-1.0,1,0.012
5,1,0.3333333333333333,1,0.2079999999999999
5,0,-0.6666666666666666,0,0.28
5,0,-1.0,0,0.5900000000000001
5,1,1.0,1,0.996
5,1,0.3333333333333333,1,1.0
5,1,1.0,1,1.0
5,0,-0.3333333333333333,1,0.6040000000000001
5,1,1.0,1,1.0
5,1,0.3333333333333333,0,0.006
5,1,0.6666666666666666,1,0.968
5,1,1.0,1,1.0
5,0,-0.6666666666666666,1,0.988
5,0,-0.6666666666666666,1,0.1979999999999999
5,0,-0.3333333333333333,0,0.996
5,1,1.0,1,1.0
5,1,1.0,1,0.998
5,0,-1.0,1,1.0
5,0,-0.3333333333333333,1,0.992
5,0,-0.3333333333333333,1,1.0
5,1,0.6666666666666666,1,1.0
5,0,-0.3333333333333333,1,0.1819999999999999
5,1,0.6666666666666666,1,0.1979999999999999
5,0,-0.3333333333333333,1,0.99
5,1,1.0,1,1.0
5,1,0.6666666666666666,1,1.0
5,1,0.3333333333333333,1,0.806
5,1,0.3333333333333333,1,0.3899999999999999
5,1,0.3333333333333333,1,1.0
5,1,0.3333333333333333,1,0.98
5,1,0.3333333333333333,1,0.98
5,1,1.0,1,1.0
5,1,0.6666666666666666,1,0.988
5,1,0.3333333333333333,1,0.994
5,0,-1.0,1,0.1
5,0,-1.0,1,0.1979999999999999
5,1,1.0,0,0.002
5,1,0.6666666666666666,1,0.992
5,1,0.6666666666666666,1,0.2019999999999999
5,1,1.0,1,0.988
5,0,-0.3333333333333333,1,0.8
5,0,-0.6666666666666666,0,0.0
5,1,1.0,1,1.0
5,0,-1.0,1,0.3540000000000001
5,1,0.6666666666666666,0,0.0
5,1,1.0,1,0.1959999999999999
5,1,0.3333333333333333,1,0.1979999999999999
5,0,-1.0,0,0.0
5,1,0.3333333333333333,0,0.002
5,0,-0.3333333333333333,1,0.002
5,0,-0.3333333333333333,0,0.1879999999999999
5,1,1.0,0,0.002
5,1,0.6666666666666666,0,0.2019999999999999
5,1,0.3333333333333333,1,0.004
5,1,0.3333333333333333,0,0.006
5,1,0.3333333333333333,1,0.002
5,1,0.3333333333333333,1,0.004
5,0,-0.6666666666666666,1,0.002
5,0,-0.6666666666666666,1,0.002
5,1,1.0,1,0.6060000000000001
5,0,-0.3333333333333333,1,0.006
5,0,-0.3333333333333333,1,0.4079999999999999
5,0,-0.3333333333333333,1,0.3999999999999999
5,0,-0.3333333333333333,0,0.002
5,1,0.3333333333333333,1,0.1499999999999999
5,1,1.0,1,1.0
5,0,-1.0,0,0.2159999999999999
5,1,1.0,1,0.8720000000000001
5,0,-0.6666666666666666,1,0.1719999999999999
5,1,0.3333333333333333,1,0.918
5,1,1.0,1,0.236
5,0,-1.0,0,1.0
5,1,0.6666666666666666,1,1.0
5,0,-0.6666666666666666,0,1.0
5,0,-1.0,0,1.0
5,0,-0.3333333333333333,0,0.1560000000000001
5,0,-0.3333333333333333,1,0.012
5,0,-0.3333333333333333,0,0.008
5,0,-0.6666666666666666,0,0.996
5,1,0.6666666666666666,0,0.014
5,1,0.3333333333333333,1,0.004
5,0,-0.3333333333333333,0,0.3159999999999998
5,1,1.0,1,0.06
5,1,0.3333333333333333,1,0.6020000000000001
5,0,-0.3333333333333333,0,0.804
5,0,-1.0,0,0.3660000000000001
5,0,-0.3333333333333333,1,0.008
5,0,-0.3333333333333333,1,0.2099999999999999
5,1,0.3333333333333333,1,0.3340000000000001
5,0,-0.6666666666666666,0,0.3860000000000001
5,1,1.0,1,0.5980000000000001
5,0,-0.3333333333333333,1,0.3919999999999999
5,0,-0.3333333333333333,0,0.6019999999999999
5,1,0.3333333333333333,1,0.3460000000000001
5,0,-0.6666666666666666,1,0.006
5,1,1.0,1,0.2039999999999999
5,1,1.0,1,0.986
5,0,-0.6666666666666666,1,0.69
5,1,1.0,1,0.972
5,0,-0.3333333333333333,0,0.1819999999999999
5,1,1.0,1,0.982
5,1,0.3333333333333333,1,1.0
5,0,-0.3333333333333333,1,0.996
5,1,1.0,1,0.996
5,1,1.0,1,0.994
5,1,1.0,1,1.0
5,1,0.6666666666666666,1,1.0
5,1,0.6666666666666666,1,0.6299999999999999
5,1,0.3333333333333333,1,0.3660000000000001
5,0,-1.0,0,0.994
5,1,0.6666666666666666,1,0.994
5,0,-0.6666666666666666,0,1.0
5,0,-0.3333333333333333,0,0.3820000000000001
5,0,-0.3333333333333333,0,0.986
5,1,1.0,1,0.984
5,0,-1.0,0,1.0
5,0,-0.6666666666666666,0,0.1120000000000001
5,1,0.6666666666666666,0,0.992
5,1,0.3333333333333333,1,0.02
5,1,0.6666666666666666,1,1.0
5,0,-0.6666666666666666,1,0.1839999999999999
5,0,-0.6666666666666666,0,0.3879999999999999
5,0,-0.3333333333333333,1,0.092
5,0,-1.0,0,0.994
5,0,-0.6666666666666666,0,0.2039999999999999
5,0,-0.6666666666666666,1,0.2119999999999999
5,1,0.6666666666666666,1,0.1200000000000001
5,0,-0.6666666666666666,0,0.1699999999999999
5,0,-0.6666666666666666,0,0.1959999999999999
5,1,0.3333333333333333,1,0.1299999999999999
5,1,1.0,1,0.804
5,1,0.3333333333333333,0,0.3980000000000001
5,1,0.6666666666666666,1,0.986
5,0,-0.3333333333333333,0,0.8999999999999999
5,0,-1.0,0,0.5900000000000001
5,0,-0.3333333333333333,0,0.5979999999999999
5,0,-0.6666666666666666,0,0.992
5,1,0.6666666666666666,1,1.0
5,0,-0.3333333333333333,1,1.0
5,0,-1.0,0,0.984
5,1,1.0,1,1.0
5,1,0.3333333333333333,1,0.1060000000000001
5,1,1.0,1,0.986
5,0,-0.6666666666666666,1,0.258
5,1,0.6666666666666666,0,0.0
5,0,-1.0,0,0.5979999999999999
5,1,0.3333333333333333,1,0.1399999999999999
5,0,-1.0,0,1.0
5,0,-0.3333333333333333,0,0.734
5,0,-0.6666666666666666,0,0.944
5,1,0.6666666666666666,1,0.084
5,1,1.0,1,1.0
5,0,-0.3333333333333333,1,0.07
5,0,-0.6666666666666666,0,0.998
5,0,-0.6666666666666666,0,1.0
5,0,-1.0,0,1.0
5,0,-1.0,0,1.0
5,1,1.0,1,0.4039999999999999
5,1,0.3333333333333333,1,0.51
5,1,0.3333333333333333,1,0.004
5,0,-0.3333333333333333,1,0.004
5,1,0.3333333333333333,0,0.4020000000000001
5,1,0.3333333333333333,1,0.268
5,1,0.6666666666666666,0,0.01
5,0,-1.0,1,0.004
5,1,0.3333333333333333,1,1.0
5,0,-0.3333333333333333,1,0.068
5,1,0.3333333333333333,0,0.002
5,0,-0.6666666666666666,1,0.004
5,0,-0.6666666666666666,0,0.0
5,1,0.6666666666666666,1,0.4079999999999999
5,1,0.3333333333333333,1,0.1959999999999999
5,1,0.3333333333333333,0,0.3740000000000001
5,1,0.6666666666666666,1,0.8260000000000001
5,1,0.3333333333333333,0,0.6099999999999999
5,1,1.0,1,0.978
5,1,0.6666666666666666,0,0.002
5,0,-1.0,0,1.0
5,1,0.3333333333333333,1,0.1519999999999999
5,1,0.3333333333333333,1,0.002
5,1,0.3333333333333333,1,1.0
5,1,0.3333333333333333,0,0.062
5,1,0.6666666666666666,1,0.1979999999999999
5,0,-0.3333333333333333,1,0.3759999999999999
5,0,-1.0,0,1.0
5,0,-1.0,0,0.992
5,0,-0.3333333333333333,0,0.992
5,1,0.6666666666666666,1,0.256
5,1,0.6666666666666666,1,0.99
5,1,1.0,1,1.0
5,1,0.6666666666666666,0,0.2099999999999999
5,1,0.3333333333333333,0,0.4060000000000001
5,0,-0.6666666666666666,0,0.798
5,0,-0.3333333333333333,0,0.0
5,1,0.6666666666666666,1,0.996
5,1,0.3333333333333333,1,0.996
5,0,-0.3333333333333333,1,0.2079999999999999
5,1,0.3333333333333333,1,0.6659999999999999
5,1,0.6666666666666666,0,0.53
5,0,-0.3333333333333333,1,0.1959999999999999
5,0,-0.6666666666666666,0,0.738
5,0,-0.3333333333333333,0,0.004
5,1,0.6666666666666666,1,0.24
5,0,-1.0,0,0.0
5,0,-0.3333333333333333,0,0.062
5,1,0.3333333333333333,1,1.0
5,0,-0.3333333333333333,1,0.002
5,0,-1.0,1,0.002
5,1,1.0,1,0.76
5,1,0.6666666666666666,1,0.002
5,0,-1.0,0,1.0
5,0,-1.0,0,1.0
5,1,0.6666666666666666,1,0.08
5,0,-1.0,0,0.6219999999999999
5,1,0.3333333333333333,0,0.064
5,0,-1.0,1,0.002
5,1,1.0,1,0.058
5,0,-0.3333333333333333,0,0.068
5,0,-1.0,0,0.3359999999999998
5,0,-1.0,0,1.0
5,0,-0.6666666666666666,1,0.1639999999999999
5,0,-0.6666666666666666,0,0.3740000000000001
5,1,0.6666666666666666,1,0.54
5,0,-1.0,1,0.002
5,1,0.6666666666666666,0,0.6000000000000001
5,1,1.0,1,1.0
5,1,0.6666666666666666,1,0.278
5,0,-0.6666666666666666,1,0.524
5,0,-1.0,0,0.2199999999999999
5,1,1.0,1,1.0
5,0,-0.6666666666666666,0,0.1019999999999998
5,0,-0.3333333333333333,0,0.916
5,1,0.3333333333333333,0,0.1720000000000001
5,1,0.3333333333333333,1,0.524
5,1,0.6666666666666666,1,0.776
5,1,0.6666666666666666,1,0.506
5,0,-0.6666666666666666,1,0.002
5,1,1.0,1,1.0
5,0,-0.6666666666666666,0,0.498
5,0,-1.0,0,0.504
5,1,0.3333333333333333,1,0.004
5,1,0.6666666666666666,1,0.1180000000000001
5,1,1.0,1,1.0
5,1,0.3333333333333333,1,0.4299999999999999
5,0,-0.6666666666666666,0,0.0
5,0,-0.6666666666666666,1,0.002
5,1,1.0,1,1.0
5,1,0.6666666666666666,1,0.996
5,0,-0.6666666666666666,1,0.236
5,1,0.3333333333333333,1,0.6020000000000001
5,1,0.3333333333333333,1,1.0
5,0,-1.0,0,0.5939999999999999
5,1,0.6666666666666666,1,0.992
5,0,-1.0,0,1.0
5,1,0.3333333333333333,1,1.0
5,1,0.6666666666666666,1,1.0
5,0,-1.0,0,0.996
5,1,1.0,1,1.0
5,1,0.3333333333333333,1,0.2179999999999999
5,0,-0.3333333333333333,1,0.004
5,1,0.6666666666666666,1,0.002
5,1,0.3333333333333333,1,1.0
5,0,-0.3333333333333333,0,0.092
5,0,-0.3333333333333333,1,0.002
5,1,0.6666666666666666,1,0.002
5,0,-1.0,1,0.002
5,1,1.0,1,0.002
5,0,-0.6666666666666666,1,0.002
5,1,1.0,1,0.002
5,0,-0.6666666666666666,0,0.034
5,1,1.0,1,0.002
5,0,-1.0,0,0.088
5,0,-0.3333333333333333,0,0.808
5,1,0.3333333333333333,0,0.1999999999999999
5,0,-0.3333333333333333,1,0.052
5,1,1.0,1,0.4039999999999999
5,0,-0.3333333333333333,1,0.3959999999999999
5,1,0.6666666666666666,1,0.994
5,0,-0.3333333333333333,0,0.284
5,0,-1.0,0,0.002
5,1,0.6666666666666666,1,0.4619999999999999
5,0,-0.3333333333333333,0,0.0
5,0,-0.6666666666666666,1,0.002
5,0,-0.3333333333333333,0,0.6000000000000001
5,1,0.6666666666666666,1,1.0
5,0,-0.6666666666666666,0,0.1339999999999999
5,0,-1.0,0,0.942
5,1,0.3333333333333333,0,0.0
5,1,0.6666666666666666,1,0.998
5,0,-0.3333333333333333,0,1.0
5,1,1.0,1,1.0
5,0,-0.6666666666666666,0,1.0
5,1,0.3333333333333333,1,0.6080000000000001
5,0,-0.3333333333333333,1,0.1699999999999999
5,1,1.0,1,1.0
5,0,-1.0,1,0.2039999999999999
5,1,1.0,1,1.0
5,0,-1.0,0,1.0
5,1,0.3333333333333333,1,0.058
5,0,-0.6666666666666666,0,0.982
5,0,-0.3333333333333333,1,0.1319999999999999
5,0,-0.3333333333333333,0,0.99
5,1,0.6666666666666666,0,0.0
5,0,-0.3333333333333333,0,0.996
5,0,-0.6666666666666666,0,0.92
5,0,-0.3333333333333333,1,0.1519999999999999
5,1,1.0,1,0.6000000000000001
5,0,-1.0,0,1.0
5,1,0.3333333333333333,0,1.0
5,1,0.6666666666666666,1,1.0
5,1,1.0,1,1.0
5,1,1.0,1,0.998
5,1,1.0,1,0.6060000000000001
5,1,0.6666666666666666,0,0.002
5,1,1.0,1,0.996
5,1,0.3333333333333333,1,1.0
5,1,0.6666666666666666,1,0.1140000000000001
5,1,0.6666666666666666,1,1.0
5,1,0.6666666666666666,1,0.932
5,0,-0.6666666666666666,1,0.034
5,1,1.0,1,0.048
5,1,0.6666666666666666,1,0.2039999999999999
5,0,-1.0,1,0.004
5,0,-0.6666666666666666,0,0.3919999999999999
5,0,-0.6666666666666666,0,0.002
5,0,-0.6666666666666666,1,0.002
5,0,-0.3333333333333333,0,0.716
5,1,0.6666666666666666,1,0.3340000000000001
5,1,1.0,1,1.0
5,1,0.6666666666666666,1,0.982
5,0,-0.3333333333333333,1,0.1579999999999999
5,0,-1.0,1,0.3939999999999999
5,1,0.6666666666666666,1,0.088
5,0,-0.3333333333333333,1,0.004
5,1,0.3333333333333333,1,0.79
5,0,-0.3333333333333333,0,0.1999999999999999
5,1,0.6666666666666666,1,0.978
5,0,-0.3333333333333333,0,0.002
5,1,0.3333333333333333,1,0.798
5,1,1.0,1,0.558
5,0,-0.6666666666666666,0,0.3559999999999998
5,1,0.3333333333333333,1,0.724
5,0,-1.0,0,0.8820000000000001
5,1,0.3333333333333333,1,0.978
5,0,-0.3333333333333333,0,0.096
5,1,1.0,1,0.3700000000000001
5,1,1.0,1,0.988
5,0,-0.6666666666666666,0,0.1999999999999999
5,1,1.0,1,0.278
5,1,1.0,1,0.996
5,1,1.0,1,0.478
5,1,0.6666666666666666,1,0.6679999999999999
5,1,0.3333333333333333,1,0.5640000000000001
5,0,-0.3333333333333333,1,0.002
5,1,0.3333333333333333,1,0.3779999999999999
5,1,1.0,1,0.2039999999999999
5,0,-0.3333333333333333,1,0.2039999999999999
5,0,-0.3333333333333333,1,0.2019999999999999
5,0,-0.3333333333333333,0,0.5939999999999999
5,0,-1.0,0,0.084
5,1,0.3333333333333333,0,0.2039999999999999
5,1,0.3333333333333333,0,0.0
5,0,-0.3333333333333333,1,0.1459999999999999
5,1,1.0,1,0.004
5,1,0.6666666666666666,0,0.044
5,0,-1.0,1,0.064
5,1,1.0,1,0.4119999999999999
5,0,-1.0,0,0.8
5,1,1.0,1,0.996
5,0,-0.3333333333333333,0,0.272
5,1,0.6666666666666666,1,0.8
5,1,1.0,1,0.728
5,0,-1.0,0,0.3559999999999998
5,1,1.0,1,0.944
5,0,-1.0,1,0.002
5,1,1.0,1,0.014
5,1,0.6666666666666666,1,0.1979999999999999
5,1,0.6666666666666666,1,0.2079999999999999
5,1,1.0,1,0.6060000000000001
5,0,-0.3333333333333333,1,0.1959999999999999
5,1,0.6666666666666666,1,0.1919999999999999
5,1,1.0,0,0.002
5,1,0.3333333333333333,1,0.2099999999999999
5,1,0.3333333333333333,1,0.1979999999999999
5,0,-1.0,0,0.5939999999999999
5,1,0.6666666666666666,1,0.3979999999999999
5,0,-0.3333333333333333,1,0.6060000000000001
5,0,-0.6666666666666666,0,0.1939999999999999
5,0,-0.6666666666666666,0,0.012
5,0,-1.0,0,0.5920000000000001
5,1,1.0,1,0.3959999999999999
5,1,1.0,1,0.976
5,1,0.3333333333333333,1,0.3999999999999999
5,0,-0.6666666666666666,1,0.002
5,0,-0.3333333333333333,1,0.054
5,0,-0.6666666666666666,1,0.002
5,0,-0.6666666666666666,1,0.068
5,1,0.3333333333333333,0,0.0
5,1,1.0,1,0.056
5,0,-1.0,1,0.002
5,1,0.3333333333333333,1,0.1679999999999999
5,0,-1.0,0,0.792
5,0,-0.3333333333333333,0,0.04
5,1,0.6666666666666666,0,0.004
5,1,1.0,1,0.002
5,1,0.6666666666666666,1,0.1419999999999999
5,1,0.6666666666666666,1,0.3939999999999999
5,0,-1.0,1,0.1979999999999999
5,0,-0.6666666666666666,0,0.0
5,0,-1.0,0,0.708
5,1,0.6666666666666666,0,0.0
5,1,0.3333333333333333,0,0.1939999999999999
5,1,0.6666666666666666,1,0.4159999999999999
5,1,1.0,1,0.6160000000000001
5,1,0.6666666666666666,0,0.3380000000000001
5,0,-1.0,0,0.4119999999999999
5,1,1.0,1,0.6160000000000001
5,0,-1.0,0,0.002
5,0,-0.3333333333333333,0,0.2159999999999999
5,0,-0.6666666666666666,0,0.8420000000000001
5,0,-0.6666666666666666,0,0.992
5,1,0.3333333333333333,0,0.002
5,1,0.6666666666666666,1,0.002
5,1,1.0,1,0.796
5,1,0.6666666666666666,0,0.004
5,0,-0.3333333333333333,1,0.002
5,1,1.0,1,0.2059999999999999
5,0,-1.0,0,0.2059999999999999
5,1,1.0,1,0.6120000000000001
5,1,0.3333333333333333,1,0.6259999999999999
5,1,0.6666666666666666,1,0.738
5,1,0.3333333333333333,1,0.1859999999999999
5,1,0.3333333333333333,1,0.1899999999999999
5,1,0.3333333333333333,1,0.4059999999999999
5,1,0.6666666666666666,1,0.042
5,0,-0.6666666666666666,1,0.2119999999999999
5,0,-0.3333333333333333,1,0.1919999999999999
5,1,0.3333333333333333,1,0.2039999999999999
5,1,0.3333333333333333,1,0.068
5,1,0.6666666666666666,1,0.2039999999999999
5,1,1.0,1,0.2139999999999999
5,0,-1.0,0,0.992
5,0,-0.3333333333333333,1,0.004
5,0,-1.0,0,0.804
5,0,-0.3333333333333333,0,0.794
5,1,1.0,1,1.0
5,1,1.0,0,0.002
5,0,-1.0,1,0.2139999999999999
5,1,0.3333333333333333,1,0.002
5,1,1.0,1,0.002
5,1,0.6666666666666666,1,0.1359999999999999
5,1,0.3333333333333333,1,0.99
5,0,-0.3333333333333333,1,0.018
5,1,0.3333333333333333,1,0.026
5,0,-0.3333333333333333,1,0.1659999999999999
5,0,-1.0,0,0.3940000000000001
5,0,-1.0,0,0.2119999999999999
5,0,-0.3333333333333333,0,0.02
5,0,-1.0,0,0.8700000000000001
5,0,-0.6666666666666666,0,0.992
5,1,0.6666666666666666,1,0.3979999999999999
5,0,-0.3333333333333333,1,0.002
5,0,-0.3333333333333333,0,0.986
5,0,-1.0,0,0.992
5,1,1.0,1,0.002
5,0,-1.0,0,0.06
5,0,-0.3333333333333333,1,0.2339999999999999
5,0,-1.0,0,0.004
5,1,0.3333333333333333,1,0.502
5,1,0.3333333333333333,1,0.29
5,0,-1.0,0,0.002
5,0,-1.0,0,0.5920000000000001
5,1,0.3333333333333333,1,0.042
5,1,0.6666666666666666,1,0.792
5,1,1.0,1,0.996
5,0,-1.0,0,0.0
5,0,-0.6666666666666666,0,0.004
5,1,0.6666666666666666,0,0.002
5,1,1.0,1,0.002
5,1,0.6666666666666666,0,0.0699999999999998
5,0,-1.0,1,0.068
5,1,0.3333333333333333,0,0.0
5,1,1.0,0,0.0
5,0,-0.3333333333333333,0,0.04
5,1,0.3333333333333333,1,0.002
5,0,-0.3333333333333333,1,0.002
5,1,1.0,1,0.002
5,0,-1.0,0,0.794
5,0,-0.3333333333333333,1,0.096
5,1,1.0,0,0.1139999999999998
5,1,0.6666666666666666,0,0.5
5,1,1.0,1,0.3500000000000001
5,0,-0.6666666666666666,0,0.4199999999999999
5,0,-0.6666666666666666,0,0.1899999999999999
5,1,1.0,1,0.2179999999999999
5,1,1.0,1,0.024
5,1,0.6666666666666666,0,0.048
5,1,0.6666666666666666,0,0.034
5,0,-1.0,0,0.902
5,1,1.0,1,0.052
5,1,0.6666666666666666,1,0.056
5,1,0.3333333333333333,0,0.044
5,0,-1.0,1,0.002
5,1,1.0,1,0.4079999999999999
5,1,0.3333333333333333,0,0.2059999999999999
5,0,-0.3333333333333333,0,0.002
5,0,-0.3333333333333333,1,0.002
5,0,-0.3333333333333333,0,0.076
5,1,0.3333333333333333,1,0.2079999999999999
5,0,-0.6666666666666666,1,0.02
5,1,0.3333333333333333,1,0.3999999999999999
5,0,-0.6666666666666666,1,0.1959999999999999
5,1,0.6666666666666666,1,0.1979999999999999
5,1,0.6666666666666666,1,0.28
5,1,1.0,1,0.99
5,1,0.6666666666666666,1,0.3959999999999999
5,0,-0.6666666666666666,0,0.0
5,0,-1.0,0,0.6120000000000001
5,0,-1.0,0,0.1939999999999999
5,1,0.6666666666666666,0,0.804
5,0,-0.6666666666666666,0,0.8
5,1,0.3333333333333333,1,0.09
5,0,-0.3333333333333333,0,0.2039999999999999
5,0,-0.6666666666666666,1,0.008
5,0,-1.0,0,0.002
5,1,1.0,0,0.006
5,1,1.0,0,0.008
5,0,-0.3333333333333333,0,0.1200000000000001
5,1,1.0,1,0.802
5,0,-1.0,0,1.0
5,1,1.0,1,0.092
5,0,-0.6666666666666666,0,0.1800000000000001
5,1,0.6666666666666666,1,0.5940000000000001
5,0,-0.3333333333333333,1,0.022
5,0,-0.6666666666666666,0,0.0
5,1,0.3333333333333333,0,0.042
5,0,-1.0,0,0.804
5,1,0.3333333333333333,1,0.2059999999999999
5,1,0.6666666666666666,1,0.808
5,0,-1.0,1,0.2059999999999999
5,0,-0.3333333333333333,1,0.1999999999999999
5,0,-0.3333333333333333,0,0.004
5,0,-0.6666666666666666,0,0.062
5,1,1.0,0,0.288
5,0,-0.6666666666666666,1,0.2099999999999999
5,0,-1.0,0,0.2019999999999999
5,0,-0.6666666666666666,0,0.002
5,1,0.3333333333333333,1,0.002
5,1,1.0,1,0.8879999999999999
5,0,-0.6666666666666666,1,0.048
5,1,0.6666666666666666,0,0.004
5,1,0.3333333333333333,1,0.004
5,1,0.6666666666666666,1,0.002
5,0,-0.6666666666666666,0,0.528
5,0,-0.3333333333333333,1,0.026
5,0,-0.6666666666666666,0,0.004
5,0,-0.3333333333333333,0,0.1240000000000001
5,0,-1.0,0,0.1919999999999999
5,1,1.0,1,0.092
5,1,0.6666666666666666,1,0.2039999999999999
5,0,-1.0,0,0.784
5,0,-0.3333333333333333,0,0.004
5,1,1.0,1,1.0
5,0,-1.0,0,0.1160000000000001
5,1,1.0,1,0.71
5,1,0.6666666666666666,1,0.1619999999999999
5,0,-1.0,0,0.0779999999999998
5,0,-0.3333333333333333,0,0.004
5,0,-0.3333333333333333,0,0.054
5,0,-1.0,0,0.4020000000000001
5,0,-1.0,0,1.0
5,0,-0.6666666666666666,0,0.006
5,1,0.3333333333333333,1,0.07
5,1,1.0,1,0.038
5,1,0.6666666666666666,0,0.002
5,1,0.3333333333333333,1,0.04
5,1,0.6666666666666666,1,0.1959999999999999
5,1,1.0,1,0.2039999999999999
5,0,-0.6666666666666666,1,0.074
5,0,-1.0,1,0.002
5,1,0.6666666666666666,0,0.264
5,1,1.0,1,0.988
5,1,1.0,1,0.1939999999999999
5,1,0.3333333333333333,0,0.002
5,0,-0.3333333333333333,0,0.042
5,0,-1.0,0,0.0779999999999998
5,0,-1.0,0,0.2039999999999999
5,0,-0.6666666666666666,1,0.788
5,1,0.3333333333333333,1,0.6000000000000001
5,0,-0.6666666666666666,1,0.1999999999999999
5,0,-0.3333333333333333,0,0.002
5,1,0.3333333333333333,0,0.004
5,0,-0.6666666666666666,1,0.002
5,0,-0.6666666666666666,0,0.4079999999999999
5,0,-0.6666666666666666,0,0.0
5,0,-1.0,0,0.1499999999999999
5,1,1.0,1,0.254
5,0,-0.6666666666666666,0,0.2039999999999999
5,1,0.3333333333333333,1,0.3380000000000001
5,0,-0.6666666666666666,0,0.2039999999999999
5,1,0.3333333333333333,1,0.8799999999999999
5,1,0.3333333333333333,1,1.0
5,1,0.3333333333333333,1,0.994
5,1,0.6666666666666666,1,1.0
5,1,0.3333333333333333,1,0.252
5,0,-0.3333333333333333,0,0.004
5,1,0.6666666666666666,1,0.1120000000000001
5,0,-0.3333333333333333,1,0.2159999999999999
5,1,1.0,1,0.298
5,0,-0.3333333333333333,0,0.2039999999999999
5,0,-1.0,0,0.282
5,0,-0.3333333333333333,0,0.04
5,1,0.6666666666666666,0,0.002
5,0,-0.6666666666666666,0,0.4020000000000001
5,1,1.0,1,0.91
5,1,1.0,1,0.5980000000000001
5,0,-0.6666666666666666,0,0.1800000000000001
5,1,0.6666666666666666,1,0.8919999999999999
5,0,-0.3333333333333333,0,0.04
5,0,-1.0,0,0.08
5,1,1.0,1,0.99
5,0,-1.0,0,1.0
5,0,-0.6666666666666666,1,0.1779999999999999
5,0,-0.6666666666666666,0,0.002
5,0,-0.3333333333333333,1,0.1359999999999999
5,0,-0.3333333333333333,0,0.2159999999999999
5,0,-0.6666666666666666,0,0.1999999999999999
5,0,-0.3333333333333333,1,0.2039999999999999
5,0,-1.0,0,0.2139999999999999
5,0,-0.6666666666666666,0,0.0699999999999998
5,1,0.6666666666666666,0,0.3940000000000001
5,0,-0.6666666666666666,0,0.004
5,1,0.6666666666666666,1,0.792
5,0,-0.6666666666666666,0,0.0779999999999998
5,1,0.3333333333333333,0,0.042
5,1,1.0,0,0.004
5,1,1.0,0,0.004
5,1,0.6666666666666666,0,0.0659999999999998
5,0,-0.3333333333333333,0,0.1139999999999998
5,1,0.3333333333333333,1,0.788
5,0,-0.6666666666666666,0,0.01
5,1,0.6666666666666666,1,0.1959999999999999
5,0,-0.3333333333333333,1,0.004
5,0,-1.0,1,0.1279999999999999
5,0,-0.3333333333333333,0,0.1
5,0,-1.0,0,0.4020000000000001
5,1,1.0,1,0.5900000000000001
5,1,0.3333333333333333,0,0.2119999999999999
5,1,1.0,1,0.8360000000000001
5,0,-0.6666666666666666,1,0.1999999999999999
5,1,1.0,1,0.3979999999999999
5,0,-0.6666666666666666,0,0.1219999999999998
5,1,0.3333333333333333,1,0.048
5,1,0.3333333333333333,1,0.708
5,1,1.0,1,0.312
5,0,-0.3333333333333333,0,0.2019999999999999
5,0,-0.3333333333333333,0,0.002
5,1,0.3333333333333333,1,0.002
5,0,-0.6666666666666666,0,0.1080000000000001
5,0,-1.0,0,1.0
5,1,1.0,1,1.0
5,0,-0.3333333333333333,0,0.994
5,1,0.6666666666666666,1,0.998
5,0,-1.0,0,0.002
5,1,1.0,0,0.084
5,1,1.0,1,0.6859999999999999
5,0,-1.0,0,0.032
5,1,0.3333333333333333,0,0.0
5,0,-0.6666666666666666,1,0.1959999999999999
5,1,0.3333333333333333,1,0.482
5,0,-1.0,0,0.5
5,1,0.3333333333333333,1,0.3959999999999999
5,1,1.0,1,0.716
5,0,-0.6666666666666666,0,0.8959999999999999
5,1,0.3333333333333333,1,0.062
5,0,-1.0,0,0.6080000000000001
5,0,-0.3333333333333333,1,0.062
5,1,1.0,1,0.1999999999999999
5,1,0.3333333333333333,1,0.082
5,1,0.6666666666666666,1,0.3979999999999999
5,1,0.6666666666666666,1,0.1959999999999999
5,0,-0.3333333333333333,1,0.472
5,1,0.3333333333333333,1,0.1919999999999999
5,1,0.3333333333333333,0,0.2059999999999999
5,0,-0.3333333333333333,0,0.006
5,0,-0.6666666666666666,1,0.002
5,1,1.0,1,0.3939999999999999
5,0,-0.6666666666666666,1,0.002
5,0,-0.6666666666666666,1,0.2039999999999999
5,1,0.3333333333333333,1,0.094
5,0,-0.6666666666666666,0,0.052
5,1,1.0,1,0.052
5,1,0.3333333333333333,1,0.098
5,0,-0.3333333333333333,0,0.084
5,1,0.6666666666666666,0,0.0
5,1,0.3333333333333333,1,0.05
5,1,0.3333333333333333,1,0.1959999999999999
5,1,0.6666666666666666,1,0.1979999999999999
5,0,-0.3333333333333333,1,0.022
5,1,0.6666666666666666,1,0.062
5,1,0.6666666666666666,1,0.4379999999999999
5,0,-0.3333333333333333,1,0.08
5,0,-0.6666666666666666,0,0.002
5,0,-0.3333333333333333,1,0.066
5,0,-0.6666666666666666,0,0.05
5,0,-0.3333333333333333,0,0.002
5,0,-0.3333333333333333,0,0.036
5,1,0.6666666666666666,1,0.05
5,1,0.6666666666666666,1,0.042
5,1,0.3333333333333333,1,0.02
5,0,-0.6666666666666666,0,0.004
5,1,0.6666666666666666,1,0.1899999999999999
5,0,-1.0,0,0.996
5,0,-0.3333333333333333,0,1.0
5,1,0.6666666666666666,1,1.0
5,0,-0.6666666666666666,0,1.0
5,0,-1.0,0,0.994
5,1,0.3333333333333333,1,0.27
5,0,-1.0,0,0.064
5,1,0.3333333333333333,0,0.2079999999999999
5,1,0.6666666666666666,1,0.094
5,0,-1.0,0,0.792
5,1,0.3333333333333333,1,0.2039999999999999
5,1,0.6666666666666666,1,0.6000000000000001
5,1,0.6666666666666666,1,0.4019999999999999
5,0,-0.6666666666666666,1,0.042
5,0,-1.0,0,0.068
5,1,1.0,1,0.99
5,1,0.6666666666666666,1,0.988
5,1,0.6666666666666666,1,0.082
5,1,0.3333333333333333,1,0.1419999999999999
5,0,-0.3333333333333333,1,0.002
5,0,-1.0,0,0.0
5,1,0.6666666666666666,1,0.002
5,0,-0.6666666666666666,0,0.1680000000000001
5,1,1.0,1,0.1899999999999999
5,0,-1.0,1,0.002
5,1,0.6666666666666666,1,0.1919999999999999
5,1,1.0,1,0.788
5,0,-1.0,0,0.0739999999999998
5,1,0.6666666666666666,1,0.1999999999999999
5,1,0.3333333333333333,1,0.034
5,1,1.0,1,0.5760000000000001
5,0,-1.0,0,0.4479999999999999
5,1,0.3333333333333333,0,0.022
5,0,-1.0,0,0.1619999999999999
5,0,-1.0,0,0.796
5,1,0.3333333333333333,0,0.002
5,0,-0.6666666666666666,0,0.03
5,0,-1.0,0,0.1720000000000001
5,1,0.3333333333333333,1,0.1939999999999999
5,0,-0.3333333333333333,0,0.4519999999999999
5,1,0.3333333333333333,0,0.006
5,1,1.0,1,0.002
5,0,-1.0,0,1.0
5,1,0.3333333333333333,0,0.4020000000000001
5,0,-0.3333333333333333,0,0.4140000000000001
5,1,0.6666666666666666,0,0.032
5,0,-0.3333333333333333,0,0.064
5,0,-1.0,0,0.1200000000000001
5,1,0.6666666666666666,0,0.004
5,0,-0.3333333333333333,0,0.038
5,1,0.3333333333333333,0,0.1899999999999999
5,0,-1.0,0,0.3980000000000001
5,0,-0.3333333333333333,0,0.4039999999999999
5,0,-1.0,0,0.056
5,0,-0.6666666666666666,0,0.1999999999999999
5,1,0.3333333333333333,0,0.2019999999999999
5,0,-0.6666666666666666,1,0.1579999999999999
5,0,-1.0,0,0.042
5,0,-0.6666666666666666,0,0.4199999999999999
5,1,0.3333333333333333,1,0.1
5,0,-0.3333333333333333,0,0.006
5,0,-1.0,0,0.016
5,0,-0.6666666666666666,0,0.0899999999999998
5,0,-0.3333333333333333,0,0.1579999999999999
6,1,1.0,1,0.4039999999999999
6,0,-0.3333333333333333,0,0.0819999999999998
6,0,-0.3333333333333333,0,0.3959999999999999
6,0,-0.3333333333333333,1,0.31
6,1,1.0,1,0.4019999999999999
6,1,0.3333333333333333,0,0.1999999999999999
6,0,-0.3333333333333333,1,0.2019999999999999
6,1,0.6666666666666666,1,0.4019999999999999
6,1,1.0,1,0.28
6,0,-0.6666666666666666,0,0.0939999999999998
6,0,-1.0,0,0.1959999999999999
6,0,-0.6666666666666666,0,0.1919999999999999
6,1,1.0,1,0.5980000000000001
6,0,-0.3333333333333333,1,0.104
6,0,-0.6666666666666666,0,0.306
6,1,0.3333333333333333,1,0.1959999999999999
6,0,-0.6666666666666666,0,0.1939999999999999
6,0,-1.0,0,0.096
6,0,-0.6666666666666666,0,0.0979999999999998
6,0,-0.6666666666666666,0,0.1999999999999999
6,1,1.0,0,0.0659999999999998
6,0,-0.6666666666666666,1,0.006
6,1,1.0,1,0.092
6,0,-0.3333333333333333,1,0.1080000000000001
6,1,0.6666666666666666,1,0.104
6,0,-1.0,0,0.1139999999999998
6,0,-0.3333333333333333,1,0.092
6,0,-1.0,0,0.1899999999999999
6,1,0.6666666666666666,1,0.2019999999999999
6,0,-1.0,0,0.1959999999999999
6,0,-0.6666666666666666,0,0.088
6,1,1.0,1,0.1999999999999999
6,0,-0.3333333333333333,0,0.0979999999999998
6,0,-0.6666666666666666,1,0.2059999999999999
6,0,-0.6666666666666666,0,0.096
6,0,-0.3333333333333333,0,0.0939999999999998
6,0,-1.0,0,0.0979999999999998
6,0,-0.6666666666666666,1,0.092
6,0,-1.0,0,0.1099999999999998
6,1,0.6666666666666666,1,0.092
6,0,-0.6666666666666666,1,0.002
6,1,0.3333333333333333,0,0.096
6,0,-0.3333333333333333,0,0.1080000000000001
6,1,1.0,1,0.1
6,0,-0.3333333333333333,0,0.1019999999999998
6,0,-1.0,0,0.296
6,1,0.3333333333333333,1,0.1060000000000001
6,1,0.3333333333333333,1,0.2039999999999999
6,1,1.0,1,0.6040000000000001
6,1,0.6666666666666666,1,0.802
6,0,-0.3333333333333333,0,0.2019999999999999
6,1,1.0,1,0.4019999999999999
6,1,1.0,1,0.4039999999999999
6,1,0.6666666666666666,1,0.6060000000000001
6,0,-0.3333333333333333,0,0.3980000000000001
6,1,0.3333333333333333,1,0.6839999999999999
6,0,-1.0,0,0.4020000000000001
6,1,0.3333333333333333,1,0.3
6,1,0.3333333333333333,1,0.2019999999999999
6,1,0.3333333333333333,1,0.1200000000000001
6,1,1.0,1,0.2099999999999999
6,1,0.3333333333333333,1,0.1060000000000001
6,1,1.0,1,0.096
6,1,0.3333333333333333,1,0.1060000000000001
6,1,0.6666666666666666,1,0.2199999999999999
6,0,-1.0,0,0.1099999999999998
6,1,1.0,1,0.28
6,1,1.0,1,0.4079999999999999
6,1,0.3333333333333333,1,0.4019999999999999
6,1,0.6666666666666666,1,0.29
6,0,-0.6666666666666666,0,0.278
6,0,-1.0,0,0.298
6,0,-1.0,0,0.5939999999999999
6,0,-1.0,0,0.8
6,1,1.0,1,0.498
6,0,-0.3333333333333333,0,0.81
6,0,-0.3333333333333333,0,0.708
6,1,1.0,1,0.002
6,0,-0.3333333333333333,0,0.502
6,0,-0.3333333333333333,0,0.484
6,0,-0.6666666666666666,1,0.506
6,0,-0.6666666666666666,1,0.28
6,1,0.3333333333333333,0,0.292
6,1,1.0,1,0.31
6,0,-1.0,0,0.284
6,1,1.0,1,0.318
6,1,1.0,1,0.298
6,0,-1.0,0,0.514
6,1,0.3333333333333333,0,0.288
6,0,-0.3333333333333333,0,0.29
6,1,0.6666666666666666,1,0.272
6,0,-0.6666666666666666,0,0.292
6,1,0.6666666666666666,1,0.282
6,1,0.3333333333333333,1,0.098
6,0,-1.0,0,0.314
6,1,0.6666666666666666,1,0.308
6,1,0.3333333333333333,0,0.288
6,0,-0.6666666666666666,0,0.1939999999999999
6,1,0.6666666666666666,0,0.096
6,0,-0.3333333333333333,0,0.288
6,1,1.0,1,0.284
6,0,-1.0,0,0.1179999999999998
6,1,0.6666666666666666,1,0.298
6,1,0.6666666666666666,1,0.302
6,0,-1.0,0,0.1
6,1,0.6666666666666666,1,0.484
6,0,-0.6666666666666666,1,0.302
6,0,-0.6666666666666666,0,0.104
6,0,-0.3333333333333333,0,0.282
6,0,-1.0,0,0.4100000000000001
6,0,-0.6666666666666666,0,0.478
6,0,-1.0,0,0.486
6,1,0.6666666666666666,0,0.1219999999999998
6,0,-0.3333333333333333,0,0.0939999999999998
6,1,1.0,1,0.1
6,1,1.0,0,0.092
6,1,0.6666666666666666,1,0.1100000000000001
6,1,1.0,1,0.1919999999999999
6,0,-0.3333333333333333,0,0.302
6,1,1.0,1,0.316
6,0,-0.6666666666666666,0,0.1339999999999999
6,1,1.0,0,0.096
6,0,-0.3333333333333333,1,0.3460000000000001
6,0,-1.0,0,0.302
6,1,1.0,0,0.264
6,0,-0.6666666666666666,0,0.1219999999999998
6,0,-1.0,0,0.0939999999999998
6,1,1.0,1,0.2159999999999999
6,1,0.3333333333333333,1,0.1100000000000001
6,0,-0.3333333333333333,1,0.1200000000000001
6,1,0.3333333333333333,0,0.2079999999999999
6,0,-0.3333333333333333,0,0.1080000000000001
6,1,0.6666666666666666,1,0.1479999999999999
6,1,0.6666666666666666,1,0.1439999999999999
6,0,-0.6666666666666666,0,0.1499999999999999
6,1,0.6666666666666666,1,0.2279999999999999
6,1,0.3333333333333333,1,0.1559999999999999
6,0,-0.6666666666666666,0,0.1760000000000001
6,0,-1.0,0,0.248
6,0,-0.6666666666666666,0,0.1579999999999999
6,0,-0.6666666666666666,0,0.326
6,0,-0.3333333333333333,0,0.496
6,0,-0.3333333333333333,0,0.286
6,1,0.6666666666666666,1,0.076
6,0,-0.6666666666666666,0,0.058
6,1,0.6666666666666666,1,0.1339999999999999
6,0,-0.3333333333333333,0,0.04
6,1,0.3333333333333333,0,0.1360000000000001
6,0,-0.6666666666666666,0,0.3919999999999999
6,1,0.6666666666666666,1,0.1080000000000001
6,1,1.0,1,0.2199999999999999
6,1,0.3333333333333333,1,0.1479999999999999
6,1,1.0,1,0.1639999999999999
6,1,0.6666666666666666,1,0.27
6,1,1.0,1,0.284
6,0,-1.0,0,0.306
6,0,-0.3333333333333333,0,0.2059999999999999
6,1,0.6666666666666666,1,0.2079999999999999
6,1,0.3333333333333333,1,0.1279999999999999
6,1,1.0,1,0.086
6,1,1.0,1,0.264
6,0,-1.0,1,0.092
6,1,1.0,1,0.05
6,0,-0.6666666666666666,0,0.26
6,1,1.0,1,0.3600000000000001
6,1,0.6666666666666666,1,0.084
6,0,-0.3333333333333333,1,0.068
6,0,-1.0,0,0.2279999999999999
6,0,-1.0,0,0.272
6,0,-0.3333333333333333,0,0.1560000000000001
6,1,0.3333333333333333,1,0.1180000000000001
6,1,1.0,1,0.1779999999999999
6,1,0.6666666666666666,1,0.1240000000000001
6,0,-0.3333333333333333,1,0.052
6,0,-1.0,0,0.318
6,1,1.0,0,0.092
6,1,0.3333333333333333,1,0.098
6,0,-1.0,0,0.1160000000000001
6,1,0.3333333333333333,1,0.3460000000000001
6,1,0.3333333333333333,1,0.238
6,0,-0.3333333333333333,0,0.1979999999999999
6,0,-0.6666666666666666,1,0.1719999999999999
6,0,-0.6666666666666666,1,0.3420000000000001
6,0,-0.3333333333333333,0,0.1200000000000001
6,0,-1.0,0,0.472
6,1,1.0,1,0.288
6,0,-1.0,0,0.248
6,0,-0.3333333333333333,0,0.3639999999999999
6,0,-0.6666666666666666,0,0.1379999999999999
6,0,-1.0,0,0.1280000000000001
6,1,0.6666666666666666,0,0.1859999999999999
6,1,0.6666666666666666,1,0.1140000000000001
6,0,-0.6666666666666666,0,0.278
6,0,-0.3333333333333333,0,0.516
6,1,1.0,1,0.5880000000000001
6,0,-0.3333333333333333,0,0.1080000000000001
6,0,-0.3333333333333333,0,0.1539999999999999
6,1,1.0,0,0.1299999999999999
6,1,0.3333333333333333,1,0.244
6,0,-0.3333333333333333,0,0.2219999999999999
6,0,-0.3333333333333333,0,0.1699999999999999
6,0,-1.0,0,0.0859999999999998
6,1,1.0,1,0.1339999999999999
6,1,1.0,1,0.472
6,1,0.6666666666666666,1,0.542
6,0,-1.0,0,0.728
6,1,0.6666666666666666,1,0.4319999999999999
6,1,1.0,1,0.1259999999999999
6,0,-0.3333333333333333,1,0.3340000000000001
6,1,0.6666666666666666,0,0.1859999999999999
6,0,-0.6666666666666666,0,0.31
6,1,1.0,1,0.246
6,0,-1.0,0,0.5800000000000001
6,0,-0.3333333333333333,0,0.0699999999999998
6,1,1.0,1,0.2339999999999999
6,0,-1.0,0,0.1400000000000001
6,1,0.6666666666666666,1,0.1899999999999999
6,0,-1.0,0,0.2279999999999999
6,1,0.3333333333333333,1,0.1439999999999999
6,0,-0.6666666666666666,1,0.078
6,1,0.3333333333333333,0,0.1320000000000001
6,1,0.6666666666666666,1,0.086
6,0,-0.3333333333333333,1,0.1180000000000001
6,1,0.3333333333333333,0,0.1819999999999999
6,1,1.0,1,0.256
6,0,-1.0,1,0.274
6,0,-0.6666666666666666,0,0.0939999999999998
6,1,0.6666666666666666,0,0.1600000000000001
6,1,0.3333333333333333,1,0.1579999999999999
6,0,-0.3333333333333333,0,0.254
6,1,1.0,1,0.2119999999999999
6,0,-0.3333333333333333,0,0.24
6,1,1.0,1,0.2299999999999999
6,0,-1.0,0,0.3719999999999999
6,1,0.6666666666666666,1,0.492
6,1,0.3333333333333333,0,0.3620000000000001
6,0,-1.0,0,0.3319999999999998
6,1,1.0,1,0.268
6,0,-1.0,0,0.284
6,1,1.0,1,0.316
6,0,-0.6666666666666666,0,0.1400000000000001
6,1,1.0,1,0.1359999999999999
6,1,0.3333333333333333,1,0.1559999999999999
6,0,-1.0,0,0.286
6,0,-0.6666666666666666,0,0.246
6,1,0.3333333333333333,0,0.1240000000000001
6,1,0.6666666666666666,1,0.1839999999999999
6,0,-0.3333333333333333,0,0.1699999999999999
6,0,-1.0,0,0.55
6,1,1.0,1,0.24
6,0,-0.6666666666666666,0,0.6200000000000001
6,0,-0.6666666666666666,0,0.242
6,0,-1.0,0,0.3380000000000001
6,1,1.0,0,0.1480000000000001
6,0,-1.0,0,0.3279999999999998
6,1,1.0,1,0.272
6,0,-0.3333333333333333,1,0.286
6,0,-0.6666666666666666,0,0.4379999999999999
6,0,-0.6666666666666666,0,0.298
6,0,-0.6666666666666666,0,0.494
6,1,0.3333333333333333,1,0.256
6,0,-0.3333333333333333,0,0.1320000000000001
6,0,-0.3333333333333333,0,0.282
6,0,-0.6666666666666666,0,0.286
6,0,-0.3333333333333333,0,0.1760000000000001
6,0,-0.3333333333333333,0,0.27
6,0,-0.6666666666666666,0,0.318
6,1,0.6666666666666666,1,0.4119999999999999
6,1,0.3333333333333333,1,0.6080000000000001
6,1,0.6666666666666666,1,0.264
6,0,-0.3333333333333333,0,0.284
6,0,-1.0,0,0.322
6,1,0.6666666666666666,1,0.484
6,0,-0.6666666666666666,0,0.312
6,0,-0.6666666666666666,0,0.5800000000000001
6,1,1.0,1,0.786
6,0,-0.3333333333333333,0,0.6059999999999999
6,1,1.0,1,0.5940000000000001
6,0,-1.0,0,0.5939999999999999
6,0,-1.0,0,0.796
6,0,-0.3333333333333333,0,0.712
6,0,-0.6666666666666666,0,0.696
6,0,-0.3333333333333333,0,0.6739999999999999
6,0,-0.6666666666666666,0,0.6560000000000001
6,1,0.3333333333333333,1,0.526
6,0,-1.0,0,0.5900000000000001
6,1,1.0,1,0.5980000000000001
6,0,-0.6666666666666666,0,0.5
6,0,-0.6666666666666666,0,0.6059999999999999
6,1,0.6666666666666666,1,0.2139999999999999
6,1,0.3333333333333333,1,0.1939999999999999
6,1,0.6666666666666666,1,0.1259999999999999
6,0,-0.3333333333333333,0,0.256
6,1,0.3333333333333333,1,0.074
6,0,-0.6666666666666666,0,0.31
6,1,0.6666666666666666,0,0.3380000000000001
6,1,1.0,1,0.2019999999999999
6,0,-1.0,0,0.1280000000000001
6,1,0.3333333333333333,0,0.292
6,0,-1.0,0,0.5939999999999999
6,1,1.0,1,0.1359999999999999
6,0,-0.3333333333333333,0,0.312
6,1,1.0,1,0.272
6,0,-0.6666666666666666,0,0.1899999999999999
6,0,-0.6666666666666666,0,0.1160000000000001
6,0,-1.0,0,0.4399999999999999
6,0,-0.6666666666666666,0,0.5780000000000001
6,1,0.3333333333333333,1,0.318
6,0,-0.6666666666666666,0,0.528
6,1,0.3333333333333333,0,0.3799999999999999
6,1,0.6666666666666666,1,0.304
6,1,0.3333333333333333,1,0.236
6,1,0.6666666666666666,1,0.1200000000000001
6,1,0.3333333333333333,0,0.1419999999999999
6,1,1.0,1,0.1579999999999999
6,1,0.3333333333333333,1,0.2179999999999999
6,1,1.0,1,0.4559999999999999
6,1,1.0,1,0.33
6,0,-1.0,0,0.2179999999999999
6,1,0.3333333333333333,0,0.1179999999999998
6,0,-0.6666666666666666,0,0.2159999999999999
6,1,1.0,1,0.33
6,1,1.0,1,0.3440000000000001
6,0,-0.3333333333333333,0,0.1560000000000001
6,0,-0.3333333333333333,1,0.3360000000000001
6,0,-0.6666666666666666,0,0.248
6,1,0.6666666666666666,0,0.1480000000000001
6,1,0.6666666666666666,0,0.1400000000000001
6,1,0.6666666666666666,1,0.1439999999999999
6,0,-0.3333333333333333,0,0.276
6,0,-0.6666666666666666,0,0.322
6,1,0.3333333333333333,1,0.2279999999999999
6,1,1.0,0,0.2039999999999999
6,0,-0.3333333333333333,0,0.1720000000000001
6,0,-0.6666666666666666,0,0.1640000000000001
6,1,1.0,1,0.268
6,0,-0.3333333333333333,0,0.1560000000000001
6,0,-1.0,0,0.298
6,1,1.0,1,0.1719999999999999
6,1,1.0,1,0.2039999999999999
6,0,-0.3333333333333333,0,0.1939999999999999
6,0,-1.0,0,0.3660000000000001
6,0,-1.0,0,0.314
6,1,0.3333333333333333,0,0.1979999999999999
6,1,0.3333333333333333,1,0.1140000000000001
6,0,-0.3333333333333333,1,0.486
6,1,1.0,1,0.322
6,1,1.0,1,0.492
6,1,0.3333333333333333,1,0.302
6,0,-1.0,1,0.328
6,0,-0.3333333333333333,1,0.2239999999999999
6,0,-0.3333333333333333,1,0.1100000000000001
6,1,1.0,1,0.2119999999999999
6,0,-1.0,0,0.258
6,1,1.0,1,0.3640000000000001
6,0,-0.3333333333333333,0,0.248
6,1,0.6666666666666666,1,0.312
6,1,0.3333333333333333,1,0.286
6,1,1.0,1,0.6100000000000001
6,0,-0.6666666666666666,1,0.1200000000000001
6,0,-0.3333333333333333,1,0.274
6,0,-0.3333333333333333,0,0.1579999999999999
6,0,-0.3333333333333333,0,0.254
6,0,-0.6666666666666666,0,0.3799999999999999
6,1,0.3333333333333333,0,0.1059999999999998
6,0,-0.3333333333333333,0,0.2279999999999999
6,0,-0.6666666666666666,0,0.276
6,0,-0.6666666666666666,0,0.26
6,0,-0.3333333333333333,1,0.2119999999999999
6,1,0.6666666666666666,1,0.3640000000000001
6,1,0.6666666666666666,0,0.276
6,1,0.3333333333333333,0,0.096
6,0,-0.3333333333333333,0,0.05
6,1,0.3333333333333333,1,0.096
6,1,0.6666666666666666,1,0.2139999999999999
6,0,-1.0,0,0.2039999999999999
6,1,0.3333333333333333,0,0.254
6,0,-1.0,0,0.3500000000000001
6,1,1.0,1,0.266
6,0,-1.0,0,0.298
6,0,-1.0,0,0.3919999999999999
6,0,-0.6666666666666666,0,0.3879999999999999
6,1,1.0,1,0.1679999999999999
6,0,-1.0,0,0.532
6,1,1.0,1,0.1240000000000001
6,1,1.0,1,0.1719999999999999
6,0,-1.0,0,0.268
6,1,1.0,1,0.2059999999999999
6,0,-0.3333333333333333,0,0.1720000000000001
6,1,0.6666666666666666,1,0.1959999999999999
6,0,-0.6666666666666666,0,0.3580000000000001
6,1,0.3333333333333333,1,0.1519999999999999
6,0,-0.3333333333333333,0,0.3439999999999998
6,1,0.3333333333333333,1,0.1619999999999999
6,0,-1.0,0,0.4100000000000001
6,1,0.6666666666666666,1,0.056
6,0,-1.0,0,0.4499999999999999
6,1,1.0,1,0.3819999999999999
6,0,-1.0,0,0.4519999999999999
6,0,-0.3333333333333333,1,0.2039999999999999
6,1,0.6666666666666666,1,0.288
6,0,-0.6666666666666666,0,0.1699999999999999
6,1,0.3333333333333333,1,0.25
6,1,0.3333333333333333,1,0.2339999999999999
6,1,1.0,1,0.3640000000000001
6,0,-1.0,0,0.26
6,1,1.0,1,0.32
6,0,-1.0,0,0.504
6,0,-0.3333333333333333,0,0.0699999999999998
6,0,-1.0,0,0.302
6,0,-1.0,0,0.5
6,1,0.3333333333333333,0,0.3599999999999999
6,0,-1.0,0,0.3460000000000001
6,0,-0.3333333333333333,0,0.4599999999999999
6,1,1.0,1,0.4039999999999999
6,0,-0.3333333333333333,1,0.1839999999999999
6,0,-1.0,0,0.3919999999999999
6,0,-0.6666666666666666,0,0.302
6,1,1.0,1,0.3460000000000001
6,1,0.6666666666666666,0,0.1160000000000001
6,0,-1.0,0,0.282
6,1,0.6666666666666666,1,0.1140000000000001
6,1,0.3333333333333333,0,0.3199999999999998
6,0,-0.6666666666666666,0,0.266
6,0,-0.6666666666666666,0,0.1160000000000001
6,1,0.6666666666666666,0,0.0899999999999998
6,1,0.3333333333333333,0,0.1200000000000001
6,0,-0.3333333333333333,0,0.092
6,1,0.3333333333333333,0,0.088
6,0,-1.0,0,0.488
6,0,-1.0,0,0.498
6,1,0.3333333333333333,1,0.1080000000000001
6,0,-1.0,0,0.548
6,1,0.6666666666666666,0,0.0739999999999998
6,1,0.6666666666666666,1,0.1
6,0,-0.3333333333333333,0,0.1080000000000001
6,1,1.0,0,0.0739999999999998
6,1,1.0,1,0.24
6,1,0.3333333333333333,1,0.038
6,1,0.6666666666666666,1,0.1679999999999999
6,1,0.6666666666666666,0,0.1320000000000001
6,1,0.3333333333333333,1,0.282
6,0,-1.0,0,0.486
6,0,-0.6666666666666666,0,0.25
6,0,-0.6666666666666666,0,0.1999999999999999
6,0,-0.6666666666666666,1,0.1339999999999999
6,0,-0.3333333333333333,0,0.2299999999999999
6,1,0.6666666666666666,0,0.1919999999999999
6,0,-0.3333333333333333,0,0.1939999999999999
6,1,0.6666666666666666,0,0.2219999999999999
6,0,-0.6666666666666666,0,0.4060000000000001
6,0,-0.3333333333333333,0,0.2339999999999999
6,1,0.6666666666666666,0,0.1520000000000001
6,1,0.6666666666666666,1,0.268
6,0,-0.6666666666666666,0,0.1280000000000001
6,0,-0.3333333333333333,1,0.1399999999999999
6,1,0.6666666666666666,0,0.2339999999999999
6,0,-0.6666666666666666,0,0.4679999999999999
6,0,-0.3333333333333333,0,0.1999999999999999
6,0,-0.6666666666666666,1,0.2039999999999999
6,1,0.6666666666666666,1,0.2019999999999999
6,0,-1.0,0,0.1360000000000001
6,1,1.0,1,0.1799999999999999
6,0,-0.3333333333333333,0,0.306
6,1,0.3333333333333333,1,0.1879999999999999
6,0,-0.3333333333333333,0,0.1899999999999999
6,0,-1.0,0,0.1979999999999999
6,1,0.3333333333333333,0,0.08
6,0,-0.3333333333333333,0,0.06
6,1,0.3333333333333333,1,0.2019999999999999
6,1,1.0,1,0.1180000000000001
6,1,0.6666666666666666,0,0.1320000000000001
6,1,0.6666666666666666,1,0.1979999999999999
6,0,-0.6666666666666666,1,0.1479999999999999
6,0,-1.0,0,0.1400000000000001
6,0,-0.3333333333333333,0,0.1560000000000001
6,1,1.0,0,0.1720000000000001
6,1,0.3333333333333333,1,0.1379999999999999
6,0,-0.6666666666666666,0,0.252
6,0,-0.3333333333333333,0,0.3620000000000001
6,0,-0.6666666666666666,1,0.1359999999999999
6,0,-0.6666666666666666,0,0.0819999999999998
6,0,-1.0,0,0.294
6,1,0.6666666666666666,1,0.1919999999999999
6,1,0.6666666666666666,1,0.1699999999999999
6,0,-1.0,0,0.708
6,0,-1.0,0,0.1339999999999999
6,0,-0.6666666666666666,0,0.3159999999999998
6,0,-1.0,0,0.4679999999999999
6,1,1.0,1,0.3360000000000001
6,0,-1.0,0,0.3399999999999998
6,1,0.3333333333333333,1,0.3939999999999999
6,0,-1.0,0,0.292
6,1,1.0,1,0.5780000000000001
6,1,0.3333333333333333,1,0.1379999999999999
6,1,0.3333333333333333,1,0.308
6,1,0.6666666666666666,1,0.4539999999999999
6,0,-1.0,0,0.262
6,1,1.0,1,0.5680000000000001
6,1,0.3333333333333333,1,0.6359999999999999
6,1,1.0,1,0.272
6,1,0.6666666666666666,1,0.2079999999999999
6,1,0.3333333333333333,1,0.3
6,1,0.6666666666666666,1,0.302
6,1,0.6666666666666666,1,0.264
6,1,0.3333333333333333,1,0.2259999999999999
6,1,1.0,1,0.1399999999999999
6,0,-0.6666666666666666,0,0.28
6,1,0.3333333333333333,1,0.1819999999999999
6,0,-0.3333333333333333,0,0.1879999999999999
6,0,-1.0,0,0.4519999999999999
6,0,-0.3333333333333333,0,0.1440000000000001
6,1,1.0,1,0.3
6,1,0.3333333333333333,1,0.4519999999999999
6,1,1.0,1,0.3320000000000001
6,1,0.3333333333333333,0,0.1459999999999999
6,0,-0.6666666666666666,1,0.3
6,0,-1.0,0,0.4479999999999999
6,1,1.0,1,0.5760000000000001
6,0,-1.0,0,0.3540000000000001
6,0,-0.3333333333333333,0,0.0779999999999998
6,0,-1.0,0,0.6059999999999999
6,1,1.0,1,0.6060000000000001
6,1,1.0,1,0.308
6,0,-0.3333333333333333,0,0.318
6,1,0.3333333333333333,1,0.1379999999999999
6,0,-0.3333333333333333,0,0.4020000000000001
6,1,0.3333333333333333,1,0.1180000000000001
6,0,-0.3333333333333333,0,0.3399999999999998
6,0,-0.3333333333333333,0,0.1320000000000001
6,1,0.3333333333333333,1,0.3620000000000001
6,0,-0.6666666666666666,0,0.092
6,1,1.0,1,0.306
6,0,-0.6666666666666666,0,0.1400000000000001
6,0,-1.0,0,0.4039999999999999
6,0,-0.6666666666666666,0,0.4599999999999999
6,0,-1.0,0,0.056
6,1,0.3333333333333333,1,0.2059999999999999
6,1,0.3333333333333333,1,0.1879999999999999
6,0,-1.0,0,0.292
6,0,-0.6666666666666666,0,0.1419999999999999
6,1,0.6666666666666666,1,0.25
6,1,0.3333333333333333,0,0.1280000000000001
6,1,0.3333333333333333,1,0.268
6,0,-1.0,0,0.4519999999999999
6,0,-0.3333333333333333,0,0.29
6,1,1.0,1,0.3919999999999999
6,1,1.0,1,0.1539999999999999
6,1,0.6666666666666666,1,0.094
6,1,0.3333333333333333,0,0.1160000000000001
6,1,1.0,1,0.286
6,1,1.0,1,0.3939999999999999
6,1,0.3333333333333333,1,0.29
6,1,1.0,1,0.5
6,1,1.0,1,0.472
6,0,-0.6666666666666666,0,0.2119999999999999
6,0,-0.3333333333333333,0,0.1080000000000001
6,0,-0.6666666666666666,0,0.238
6,0,-0.3333333333333333,0,0.31
6,0,-0.3333333333333333,0,0.1979999999999999
6,0,-1.0,0,0.4419999999999999
6,0,-0.3333333333333333,0,0.474
6,0,-0.6666666666666666,0,0.6280000000000001
6,1,0.6666666666666666,1,0.1739999999999999
6,1,0.6666666666666666,0,0.1139999999999998
6,1,0.3333333333333333,1,0.1679999999999999
6,1,0.3333333333333333,1,0.1999999999999999
6,1,0.3333333333333333,1,0.4159999999999999
6,0,-0.6666666666666666,0,0.272
6,1,1.0,0,0.278
6,1,0.6666666666666666,1,0.238
6,1,0.3333333333333333,1,0.1299999999999999
6,0,-0.6666666666666666,0,0.2339999999999999
6,0,-0.6666666666666666,0,0.4479999999999999
6,0,-1.0,0,0.2339999999999999
6,1,0.3333333333333333,1,0.26
6,1,0.6666666666666666,1,0.3979999999999999
6,0,-1.0,0,0.6639999999999999
6,1,1.0,1,0.73
6,0,-0.3333333333333333,0,0.6480000000000001
6,1,0.6666666666666666,1,0.6339999999999999
6,0,-0.6666666666666666,1,0.278
6,1,0.3333333333333333,1,0.286
6,1,1.0,1,0.5
6,0,-0.6666666666666666,0,0.288
6,0,-0.3333333333333333,0,0.0979999999999998
6,1,1.0,1,0.3500000000000001
6,0,-0.6666666666666666,0,0.2059999999999999
6,0,-1.0,0,0.3159999999999998
6,0,-0.3333333333333333,0,0.4180000000000001
6,1,0.3333333333333333,1,0.1939999999999999
6,1,0.6666666666666666,0,0.2239999999999999
6,1,0.3333333333333333,0,0.1819999999999999
6,1,0.6666666666666666,1,0.2019999999999999
6,1,0.6666666666666666,1,0.104
6,1,0.6666666666666666,1,0.2259999999999999
6,0,-0.6666666666666666,0,0.302
6,0,-1.0,0,0.472
6,0,-0.6666666666666666,1,0.2319999999999999
6,0,-1.0,0,0.276
6,0,-0.6666666666666666,0,0.3399999999999998
6,0,-1.0,0,0.5640000000000001
6,0,-0.3333333333333333,0,0.0819999999999998
6,0,-0.6666666666666666,0,0.3780000000000001
6,1,1.0,1,0.298
6,0,-1.0,0,0.3740000000000001
6,1,0.3333333333333333,0,0.33
6,1,0.3333333333333333,0,0.0659999999999998
6,0,-0.6666666666666666,0,0.3340000000000001
6,0,-1.0,0,0.4260000000000001
6,0,-0.3333333333333333,0,0.486
6,0,-0.6666666666666666,0,0.278
6,1,0.3333333333333333,1,0.1319999999999999
6,1,0.6666666666666666,1,0.1220000000000001
6,1,1.0,1,0.26
6,0,-1.0,0,0.28
6,0,-1.0,0,0.3940000000000001
6,0,-0.6666666666666666,0,0.284
6,1,1.0,1,0.3580000000000001
6,0,-1.0,0,0.294
6,0,-0.6666666666666666,0,0.1400000000000001
6,1,1.0,1,0.2019999999999999
6,0,-1.0,0,0.2179999999999999
6,1,1.0,1,0.2179999999999999
6,1,1.0,1,0.284
6,0,-0.3333333333333333,0,0.4020000000000001
6,0,-0.3333333333333333,1,0.2059999999999999
6,0,-0.6666666666666666,0,0.3879999999999999
6,0,-1.0,0,0.1720000000000001
6,1,1.0,0,0.0819999999999998
6,1,0.6666666666666666,0,0.1720000000000001
6,0,-0.6666666666666666,0,0.1739999999999999
6,0,-0.6666666666666666,0,0.3380000000000001
6,1,0.3333333333333333,1,0.236
6,1,0.3333333333333333,0,0.3359999999999998
6,0,-0.6666666666666666,0,0.4060000000000001
6,0,-0.3333333333333333,0,0.0979999999999998
6,1,0.3333333333333333,1,0.1679999999999999
6,1,0.3333333333333333,1,0.1959999999999999
6,0,-1.0,0,0.3860000000000001
6,0,-0.3333333333333333,0,0.288
6,1,1.0,1,0.3
6,0,-0.3333333333333333,0,0.3639999999999999
6,1,1.0,1,0.3320000000000001
6,1,0.3333333333333333,1,0.2099999999999999
6,0,-1.0,0,0.4579999999999999
6,0,-0.3333333333333333,0,0.2079999999999999
6,1,0.3333333333333333,1,0.5
6,0,-1.0,0,0.4060000000000001
6,0,-1.0,0,0.3239999999999998
6,0,-1.0,0,0.3439999999999998
6,1,1.0,1,0.3580000000000001
6,0,-1.0,0,0.276
6,0,-0.3333333333333333,0,0.2079999999999999
6,1,0.3333333333333333,1,0.104
6,1,0.6666666666666666,1,0.2079999999999999
6,0,-0.3333333333333333,0,0.1939999999999999
6,1,0.6666666666666666,1,0.1160000000000001
6,0,-1.0,0,0.4100000000000001
6,1,0.3333333333333333,1,0.2039999999999999
6,1,1.0,1,0.1899999999999999
6,1,1.0,1,0.6180000000000001
6,1,0.6666666666666666,1,0.3839999999999999
6,1,1.0,1,0.536
6,1,0.3333333333333333,1,0.324
6,1,1.0,1,0.472
6,1,1.0,1,0.276
6,1,0.6666666666666666,1,0.4439999999999999
6,1,1.0,1,0.714
6,1,0.6666666666666666,1,0.4599999999999999
6,0,-0.3333333333333333,1,0.548
6,1,0.3333333333333333,1,0.1739999999999999
6,1,0.3333333333333333,1,0.1739999999999999
6,1,0.6666666666666666,1,0.316
6,0,-0.6666666666666666,0,0.238
6,0,-0.3333333333333333,0,0.1080000000000001
6,0,-1.0,0,0.52
6,1,1.0,1,0.1999999999999999
6,0,-1.0,0,0.4539999999999999
6,1,0.3333333333333333,0,0.1259999999999999
6,1,1.0,1,0.3520000000000001
6,1,0.6666666666666666,1,0.266
6,1,0.3333333333333333,1,0.1379999999999999
6,0,-0.3333333333333333,0,0.2239999999999999
6,0,-0.6666666666666666,1,0.1619999999999999
6,0,-0.6666666666666666,0,0.3540000000000001
6,0,-1.0,0,0.296
6,1,0.3333333333333333,1,0.08
6,0,-1.0,0,0.3599999999999999
6,1,0.6666666666666666,1,0.1240000000000001
6,1,1.0,1,0.286
6,1,0.3333333333333333,1,0.482
6,1,0.3333333333333333,0,0.1339999999999999
6,1,1.0,1,0.308
6,0,-0.6666666666666666,0,0.262
6,1,0.6666666666666666,1,0.4059999999999999
6,0,-0.3333333333333333,0,0.266
6,1,0.6666666666666666,1,0.4179999999999999
6,0,-0.6666666666666666,0,0.3820000000000001
6,1,0.3333333333333333,1,0.1519999999999999
6,0,-0.3333333333333333,0,0.1579999999999999
6,0,-0.6666666666666666,0,0.1939999999999999
6,0,-1.0,0,0.302
6,0,-1.0,0,0.4140000000000001
6,1,0.6666666666666666,0,0.0739999999999998
6,1,0.3333333333333333,0,0.1879999999999999
6,1,0.6666666666666666,1,0.2119999999999999
6,0,-1.0,0,0.2319999999999999
6,0,-0.6666666666666666,0,0.1360000000000001
6,1,1.0,1,0.1319999999999999
6,0,-0.3333333333333333,0,0.3239999999999998
6,1,0.3333333333333333,0,0.26
6,0,-0.3333333333333333,1,0.102
6,0,-0.3333333333333333,0,0.1379999999999999
6,1,0.6666666666666666,0,0.1339999999999999
6,0,-1.0,0,0.27
6,0,-0.6666666666666666,0,0.3879999999999999
6,0,-1.0,0,0.3340000000000001
6,0,-1.0,0,0.4220000000000001
6,1,1.0,0,0.068
6,1,0.6666666666666666,0,0.1600000000000001
6,1,0.3333333333333333,1,0.074
6,1,1.0,1,0.2139999999999999
6,1,0.6666666666666666,1,0.296
6,1,0.3333333333333333,0,0.1680000000000001
6,0,-0.6666666666666666,1,0.3600000000000001
6,1,0.3333333333333333,0,0.1360000000000001
6,0,-1.0,0,0.4459999999999999
6,1,0.6666666666666666,0,0.08
6,0,-0.6666666666666666,0,0.4639999999999999
6,1,0.6666666666666666,0,0.0899999999999998
6,1,1.0,1,0.53
6,1,1.0,1,0.69
6,1,0.6666666666666666,0,0.1080000000000001
6,0,-0.3333333333333333,0,0.314
6,1,1.0,1,0.2139999999999999
6,0,-0.3333333333333333,1,0.1639999999999999
6,0,-1.0,0,0.24
6,1,1.0,1,0.2099999999999999
6,1,0.6666666666666666,1,0.076
6,0,-0.6666666666666666,0,0.088
6,0,-0.3333333333333333,0,0.268
6,1,1.0,1,0.1479999999999999
6,1,0.6666666666666666,1,0.1579999999999999
6,0,-1.0,0,0.3959999999999999
6,0,-0.3333333333333333,0,0.1879999999999999
6,0,-1.0,0,0.1680000000000001
6,1,0.3333333333333333,1,0.1599999999999999
6,1,0.6666666666666666,0,0.1579999999999999
6,0,-0.3333333333333333,0,0.242
6,1,0.6666666666666666,1,0.278
6,0,-0.3333333333333333,0,0.252
6,0,-0.6666666666666666,0,0.3439999999999998
6,0,-0.6666666666666666,0,0.2059999999999999
6,1,1.0,1,0.308
6,1,0.6666666666666666,0,0.236
6,1,0.3333333333333333,1,0.32
6,0,-1.0,0,0.312
6,1,0.3333333333333333,1,0.1060000000000001
6,1,1.0,1,0.476
6,0,-1.0,0,0.3900000000000001
6,1,0.3333333333333333,1,0.1759999999999999
6,1,1.0,1,0.3520000000000001
6,1,0.6666666666666666,0,0.1680000000000001
6,0,-0.3333333333333333,0,0.1240000000000001
6,0,-1.0,0,0.1099999999999998
6,1,0.6666666666666666,0,0.2179999999999999
6,0,-0.6666666666666666,0,0.1339999999999999
6,0,-0.6666666666666666,0,0.4300000000000001
6,0,-0.3333333333333333,0,0.2239999999999999
6,0,-0.6666666666666666,0,0.1179999999999998
6,0,-1.0,0,0.288
6,1,1.0,1,0.3680000000000001
6,1,1.0,1,0.3759999999999999
6,0,-1.0,0,0.3199999999999998
6,1,0.6666666666666666,1,0.274
6,1,1.0,1,0.4319999999999999
6,1,1.0,1,0.276
6,1,0.3333333333333333,1,0.1339999999999999
6,0,-1.0,0,0.1459999999999999
6,0,-0.3333333333333333,0,0.088
6,1,0.6666666666666666,1,0.1579999999999999
6,1,0.6666666666666666,1,0.1279999999999999
6,0,-0.3333333333333333,0,0.1160000000000001
6,0,-0.3333333333333333,0,0.1099999999999998
6,1,1.0,0,0.1539999999999999
6,0,-0.3333333333333333,1,0.2219999999999999
6,0,-0.3333333333333333,0,0.254
6,0,-0.6666666666666666,0,0.4140000000000001
6,0,-0.6666666666666666,0,0.29
6,0,-1.0,0,0.5780000000000001
6,0,-0.6666666666666666,0,0.058
6,0,-1.0,0,0.4119999999999999
6,1,0.6666666666666666,1,0.4099999999999999
6,1,0.6666666666666666,0,0.0659999999999998
6,0,-0.6666666666666666,0,0.1339999999999999
6,1,0.6666666666666666,1,0.1080000000000001
6,1,0.6666666666666666,1,0.282
6,0,-0.3333333333333333,0,0.1859999999999999
6,0,-0.6666666666666666,0,0.3500000000000001
7,0,-0.6666666666666666,0,0.0
7,1,1.0,0,0.1680000000000001
7,1,1.0,0,0.0819999999999998
7,1,0.6666666666666666,1,0.002
7,0,-1.0,1,0.002
7,1,1.0,1,0.034
7,0,-0.6666666666666666,0,0.02
7,1,1.0,1,0.054
7,1,0.6666666666666666,1,0.058
7,0,-0.3333333333333333,1,0.002
7,1,1.0,1,0.1200000000000001
7,0,-0.6666666666666666,0,0.1659999999999999
7,1,0.3333333333333333,1,0.1200000000000001
7,0,-1.0,0,0.1659999999999999
7,1,1.0,0,0.1619999999999999
7,1,0.6666666666666666,1,0.2179999999999999
7,0,-0.6666666666666666,0,0.268
7,0,-0.3333333333333333,0,0.2299999999999999
7,1,1.0,1,0.304
7,0,-0.6666666666666666,0,0.1819999999999999
7,0,-0.3333333333333333,0,0.1680000000000001
7,0,-0.6666666666666666,0,0.1919999999999999
7,1,0.6666666666666666,1,0.006
7,1,0.3333333333333333,0,0.4199999999999999
7,1,0.3333333333333333,0,0.1640000000000001
7,0,-0.6666666666666666,1,0.2039999999999999
7,0,-1.0,0,0.1859999999999999
7,0,-0.3333333333333333,0,0.068
7,0,-0.6666666666666666,0,0.2059999999999999
7,1,0.6666666666666666,0,0.1379999999999999
7,0,-0.6666666666666666,0,0.062
7,1,0.6666666666666666,0,0.0979999999999998
7,1,0.3333333333333333,1,0.1779999999999999
7,1,0.3333333333333333,1,0.6519999999999999
7,1,0.3333333333333333,0,0.3
7,1,0.6666666666666666,1,0.006
7,1,1.0,1,0.1999999999999999
7,1,1.0,0,0.1800000000000001
7,1,0.3333333333333333,1,0.314
7,1,0.3333333333333333,0,0.27
7,0,-0.6666666666666666,1,0.002
7,1,1.0,1,0.4199999999999999
7,1,0.3333333333333333,1,0.054
7,1,1.0,1,0.3400000000000001
7,1,0.3333333333333333,0,0.0
7,1,0.6666666666666666,1,0.002
7,1,1.0,1,0.1579999999999999
7,1,0.3333333333333333,1,0.002
7,0,-0.6666666666666666,1,0.002
7,0,-0.6666666666666666,0,0.1539999999999999
7,1,0.6666666666666666,0,0.1459999999999999
7,0,-0.3333333333333333,0,0.002
7,1,1.0,1,0.002
7,1,0.3333333333333333,1,0.002
7,0,-0.6666666666666666,1,0.002
7,1,1.0,1,0.1200000000000001
7,0,-1.0,0,0.0899999999999998
7,1,0.3333333333333333,1,0.1
7,1,0.3333333333333333,0,0.0699999999999998
7,1,0.3333333333333333,1,0.1959999999999999
7,1,1.0,1,0.074
7,1,0.6666666666666666,1,0.004
7,0,-0.3333333333333333,1,0.268
7,0,-1.0,0,0.1
7,0,-1.0,0,0.0
7,1,0.3333333333333333,1,0.002
7,1,0.3333333333333333,1,0.002
7,1,0.3333333333333333,1,0.002
7,1,1.0,1,0.002
7,0,-1.0,0,0.0659999999999998
7,1,0.6666666666666666,1,0.1259999999999999
7,1,0.6666666666666666,1,0.002
7,0,-0.3333333333333333,1,0.002
7,0,-1.0,0,0.064
7,0,-0.6666666666666666,0,0.1019999999999998
7,1,0.6666666666666666,1,0.002
7,0,-0.6666666666666666,0,0.0979999999999998
7,0,-1.0,0,0.1219999999999998
7,1,0.3333333333333333,1,0.002
7,0,-0.3333333333333333,1,0.002
7,1,1.0,0,0.056
7,0,-0.3333333333333333,1,0.002
7,1,0.3333333333333333,0,0.104
7,1,0.6666666666666666,1,0.002
7,1,0.6666666666666666,1,0.002
7,0,-0.6666666666666666,1,0.002
7,0,-0.3333333333333333,1,0.002
7,1,1.0,1,0.044
7,1,0.6666666666666666,1,0.004
7,0,-1.0,0,0.056
7,0,-0.3333333333333333,1,0.002
7,1,0.6666666666666666,1,0.026
7,1,0.3333333333333333,1,0.052
7,1,0.3333333333333333,1,0.036
7,0,-1.0,0,0.0939999999999998
7,0,-0.6666666666666666,0,0.076
7,1,0.6666666666666666,1,0.084
7,1,0.3333333333333333,1,0.002
7,1,1.0,1,0.002
7,1,0.6666666666666666,1,0.002
7,1,1.0,1,0.1799999999999999
7,0,-1.0,1,0.004
7,0,-1.0,1,0.002
7,0,-0.6666666666666666,0,0.1879999999999999
7,0,-0.3333333333333333,1,0.002
7,1,0.3333333333333333,1,0.1259999999999999
7,1,0.3333333333333333,1,0.056
7,0,-0.3333333333333333,1,0.002
7,1,0.3333333333333333,1,0.096
7,0,-1.0,0,0.1019999999999998
7,0,-1.0,0,0.054
7,0,-1.0,0,0.076
7,0,-1.0,0,0.06
7,1,0.3333333333333333,1,0.002
7,0,-0.3333333333333333,0,0.092
7,1,1.0,0,0.034
7,0,-0.3333333333333333,1,0.002
7,0,-1.0,0,0.2019999999999999
7,0,-1.0,0,0.266
7,1,0.6666666666666666,0,0.1560000000000001
7,0,-0.6666666666666666,0,0.044
7,1,0.6666666666666666,1,0.1839999999999999
7,1,0.6666666666666666,1,0.002
7,1,0.6666666666666666,1,0.002
7,0,-0.3333333333333333,1,0.002
7,0,-1.0,0,0.0979999999999998
7,0,-0.3333333333333333,1,0.078
7,1,0.6666666666666666,1,0.046
7,0,-1.0,0,0.1219999999999998
7,1,0.3333333333333333,1,0.002
7,0,-1.0,0,0.546
7,1,0.3333333333333333,0,0.4519999999999999
7,1,1.0,1,0.002
7,0,-0.3333333333333333,0,0.1659999999999999
7,0,-0.3333333333333333,1,0.038
7,0,-0.3333333333333333,1,0.002
7,0,-0.3333333333333333,0,0.4140000000000001
7,0,-0.3333333333333333,1,0.002
7,1,1.0,1,0.042
7,1,0.3333333333333333,1,0.002
7,0,-1.0,1,0.002
7,1,0.6666666666666666,1,0.002
7,1,0.3333333333333333,1,0.002
7,1,0.3333333333333333,0,0.254
7,1,1.0,1,0.096
7,1,0.6666666666666666,1,0.1220000000000001
7,1,0.3333333333333333,0,0.0
7,0,-1.0,1,0.002
7,1,0.6666666666666666,1,0.074
7,0,-0.3333333333333333,1,0.002
7,0,-0.3333333333333333,1,0.002
7,1,1.0,1,0.002
7,1,0.3333333333333333,1,0.002
7,1,0.6666666666666666,1,0.024
7,1,0.6666666666666666,1,0.1060000000000001
7,0,-0.6666666666666666,0,0.1800000000000001
7,1,1.0,1,0.2039999999999999
7,0,-0.3333333333333333,0,0.1859999999999999
7,1,0.6666666666666666,1,0.002
7,1,1.0,1,0.272
7,1,1.0,1,0.022
7,0,-1.0,0,0.3820000000000001
7,1,0.6666666666666666,1,0.1140000000000001
7,1,0.3333333333333333,1,0.002
7,1,0.6666666666666666,1,0.002
7,1,1.0,1,0.084
7,1,0.3333333333333333,1,0.002
7,0,-0.6666666666666666,1,0.002
7,1,0.6666666666666666,1,0.486
7,0,-1.0,0,0.996
7,1,1.0,1,1.0
7,0,-0.3333333333333333,1,0.5860000000000001
7,1,0.6666666666666666,0,0.0
7,0,-1.0,1,0.002
7,0,-0.6666666666666666,0,0.3319999999999998
7,1,0.6666666666666666,1,0.104
7,0,-0.3333333333333333,0,0.2279999999999999
7,0,-1.0,0,0.988
7,1,1.0,0,0.002
7,0,-1.0,0,0.988
7,0,-0.3333333333333333,0,0.5640000000000001
7,1,0.6666666666666666,1,0.002
7,1,1.0,0,0.3639999999999999
7,1,0.3333333333333333,1,0.002
7,0,-0.3333333333333333,1,0.002
7,0,-1.0,1,0.002
7,1,0.6666666666666666,0,0.052
7,0,-1.0,0,0.2339999999999999
7,0,-1.0,0,0.1979999999999999
7,1,1.0,1,0.002
7,0,-1.0,0,0.5
7,0,-1.0,0,0.3279999999999998
7,1,0.6666666666666666,0,0.278
7,1,1.0,1,0.002
7,0,-0.3333333333333333,1,0.002
7,0,-0.3333333333333333,1,0.002
7,0,-0.6666666666666666,1,0.07
7,1,0.6666666666666666,0,0.2119999999999999
7,0,-0.6666666666666666,1,0.002
7,0,-1.0,0,0.1760000000000001
7,1,1.0,1,0.002
7,1,0.6666666666666666,1,0.002
7,1,0.6666666666666666,0,0.1059999999999998
7,1,1.0,1,0.056
7,1,0.6666666666666666,1,0.002
7,1,0.6666666666666666,1,0.1459999999999999
7,1,0.6666666666666666,1,0.002
7,0,-0.3333333333333333,0,0.064
7,1,0.6666666666666666,1,0.092
7,0,-0.3333333333333333,1,0.002
7,0,-0.6666666666666666,0,0.0939999999999998
7,0,-1.0,0,0.294
7,1,0.6666666666666666,1,0.002
7,1,1.0,1,0.1839999999999999
7,1,0.6666666666666666,1,0.2259999999999999
7,0,-0.6666666666666666,1,0.002
7,1,1.0,1,0.002
7,1,1.0,1,0.526
7,1,0.6666666666666666,1,0.322
7,1,0.3333333333333333,1,0.002
7,0,-0.6666666666666666,0,0.5939999999999999
7,0,-0.6666666666666666,0,0.3399999999999998
7,0,-0.3333333333333333,0,0.05
7,0,-0.6666666666666666,0,0.3679999999999999
7,0,-0.6666666666666666,0,0.802
7,0,-0.6666666666666666,0,0.3759999999999999
7,0,-1.0,0,0.1899999999999999
7,1,1.0,1,0.006
7,0,-0.6666666666666666,1,0.2339999999999999
7,1,1.0,1,0.262
7,0,-0.3333333333333333,1,0.002
7,0,-1.0,0,0.4319999999999999
7,1,0.6666666666666666,1,0.002
7,0,-0.3333333333333333,1,0.002
7,0,-0.6666666666666666,0,0.7
7,1,0.6666666666666666,1,0.002
7,1,0.3333333333333333,1,0.33
7,1,0.6666666666666666,1,0.002
7,1,1.0,1,0.002
7,0,-1.0,0,0.4639999999999999
7,0,-0.6666666666666666,1,0.5700000000000001
7,0,-0.6666666666666666,1,0.002
7,0,-1.0,0,0.526
7,0,-1.0,0,0.8439999999999999
7,1,0.3333333333333333,1,0.4239999999999999
7,0,-1.0,0,0.8759999999999999
7,1,0.6666666666666666,1,0.752
7,1,0.6666666666666666,1,0.6319999999999999
7,1,0.6666666666666666,1,0.6220000000000001
7,1,0.6666666666666666,1,0.6639999999999999
7,0,-1.0,1,0.002
7,0,-0.3333333333333333,1,0.002
7,1,1.0,1,0.238
7,0,-0.6666666666666666,1,0.002
7,1,0.6666666666666666,1,0.4139999999999999
7,1,1.0,1,0.2339999999999999
7,0,-0.3333333333333333,1,0.252
7,0,-0.6666666666666666,1,0.002
7,0,-0.3333333333333333,0,0.4359999999999999
7,0,-0.3333333333333333,0,0.2039999999999999
7,0,-0.3333333333333333,0,0.1720000000000001
7,0,-1.0,0,0.4239999999999999
7,1,0.6666666666666666,1,0.002
7,1,1.0,1,0.002
7,1,1.0,1,1.0
7,0,-1.0,0,1.0
7,1,1.0,1,1.0
7,0,-0.3333333333333333,1,0.91
7,1,0.3333333333333333,1,0.002
7,1,1.0,1,0.75
7,0,-0.3333333333333333,1,0.002
7,0,-0.3333333333333333,1,0.002
7,0,-0.6666666666666666,0,0.1739999999999999
7,0,-0.6666666666666666,0,0.3559999999999998
7,0,-1.0,0,0.4479999999999999
7,1,0.3333333333333333,1,0.4599999999999999
7,1,0.6666666666666666,1,0.1619999999999999
7,1,0.3333333333333333,0,0.1859999999999999
7,0,-0.6666666666666666,1,0.002
7,1,0.3333333333333333,1,0.098
7,0,-1.0,0,0.088
7,0,-1.0,1,0.002
7,0,-0.3333333333333333,0,0.1979999999999999
7,0,-1.0,0,0.2299999999999999
7,0,-1.0,0,0.2259999999999999
7,0,-0.6666666666666666,0,0.1320000000000001
7,0,-0.6666666666666666,1,0.008
7,0,-1.0,0,0.254
7,0,-1.0,0,0.258
7,1,1.0,1,0.266
7,0,-0.3333333333333333,1,0.002
7,1,0.6666666666666666,1,0.3460000000000001
7,1,0.6666666666666666,1,0.002
7,0,-0.3333333333333333,1,0.002
7,1,0.6666666666666666,1,0.002
7,0,-0.6666666666666666,0,0.502
7,0,-1.0,1,0.002
7,0,-0.3333333333333333,1,0.002
7,0,-0.6666666666666666,1,0.008
7,0,-1.0,0,0.302
7,0,-0.3333333333333333,1,0.002
7,0,-0.3333333333333333,1,0.002
7,1,0.3333333333333333,1,0.1240000000000001
7,0,-0.3333333333333333,1,0.002
7,1,1.0,1,0.062
7,1,0.3333333333333333,1,0.064
7,0,-0.6666666666666666,1,0.278
7,0,-0.6666666666666666,0,0.286
7,1,1.0,1,0.1339999999999999
7,0,-0.6666666666666666,0,0.6040000000000001
7,1,0.6666666666666666,1,0.6160000000000001
7,0,-0.6666666666666666,0,0.1859999999999999
7,0,-1.0,0,0.4519999999999999
7,0,-1.0,0,0.312
7,1,0.3333333333333333,1,0.002
7,0,-0.6666666666666666,0,0.3900000000000001
7,1,1.0,0,0.28
7,1,1.0,1,0.3899999999999999
7,0,-1.0,0,0.1800000000000001
7,0,-0.3333333333333333,1,0.298
7,0,-0.6666666666666666,1,0.002
7,0,-1.0,0,0.1259999999999999
7,0,-0.6666666666666666,0,0.054
7,1,0.6666666666666666,1,0.062
7,1,0.3333333333333333,1,0.318
7,1,0.3333333333333333,1,0.236
7,1,0.3333333333333333,1,0.002
7,1,0.6666666666666666,1,0.1679999999999999
7,0,-0.3333333333333333,1,0.002
7,1,1.0,1,0.046
7,0,-0.3333333333333333,1,0.1859999999999999
7,0,-0.6666666666666666,1,0.002
7,1,0.3333333333333333,1,0.056
7,0,-0.3333333333333333,1,0.002
7,1,0.6666666666666666,1,0.096
7,0,-1.0,1,0.094
7,0,-0.6666666666666666,0,0.006
7,0,-1.0,1,0.002
7,1,1.0,1,0.1419999999999999
7,0,-0.6666666666666666,1,0.288
7,1,0.6666666666666666,1,0.002
7,0,-1.0,0,0.1800000000000001
7,0,-0.3333333333333333,1,0.002
7,1,0.3333333333333333,1,0.2339999999999999
7,1,1.0,1,0.002
7,0,-1.0,0,0.4399999999999999
7,0,-1.0,1,0.002
7,1,0.6666666666666666,1,0.24
7,0,-0.3333333333333333,0,0.262
7,1,0.3333333333333333,1,0.478
7,0,-1.0,0,0.1800000000000001
7,1,0.6666666666666666,1,0.3700000000000001
7,1,0.3333333333333333,0,0.2159999999999999
7,1,0.6666666666666666,0,0.044
7,0,-0.3333333333333333,1,0.024
7,0,-1.0,1,0.002
7,1,0.3333333333333333,1,0.002
7,1,0.3333333333333333,1,0.2259999999999999
7,0,-1.0,0,0.0939999999999998
7,0,-0.6666666666666666,0,0.1659999999999999
7,0,-0.3333333333333333,0,0.3239999999999998
7,0,-1.0,0,0.1419999999999999
7,1,0.6666666666666666,1,0.002
7,0,-0.3333333333333333,1,0.1060000000000001
7,0,-0.6666666666666666,0,0.2079999999999999
7,0,-0.3333333333333333,0,0.064
7,1,1.0,1,0.002
7,0,-1.0,0,0.032
7,0,-1.0,0,0.062
7,1,1.0,1,0.046
7,1,1.0,1,0.086
7,1,0.6666666666666666,1,0.024
7,1,1.0,1,0.316
7,0,-0.6666666666666666,1,0.258
7,1,1.0,1,0.5840000000000001
7,1,0.6666666666666666,1,0.002
7,1,0.3333333333333333,1,0.512
7,0,-1.0,1,0.002
7,0,-1.0,0,0.3660000000000001
7,1,1.0,1,0.002
7,1,0.3333333333333333,1,0.506
7,1,0.3333333333333333,0,0.77
7,0,-0.3333333333333333,1,0.002
7,0,-0.3333333333333333,1,0.002
7,1,0.3333333333333333,1,0.002
7,0,-0.6666666666666666,0,0.2139999999999999
7,1,0.6666666666666666,1,0.2019999999999999
7,1,1.0,1,0.002
7,0,-0.6666666666666666,1,0.002
7,1,0.6666666666666666,1,0.2319999999999999
7,1,0.6666666666666666,1,0.1619999999999999
7,1,1.0,1,0.2199999999999999
7,0,-0.6666666666666666,1,0.27
7,1,0.6666666666666666,0,0.2339999999999999
7,0,-1.0,0,0.0699999999999998
7,1,1.0,1,0.1180000000000001
7,0,-0.3333333333333333,0,0.1659999999999999
7,0,-1.0,0,0.046
7,1,1.0,1,0.1939999999999999
7,0,-0.3333333333333333,1,0.3500000000000001
7,1,0.3333333333333333,1,0.002
7,0,-0.3333333333333333,1,0.002
7,1,1.0,1,0.2199999999999999
7,0,-1.0,0,0.276
7,0,-0.6666666666666666,1,0.084
7,1,0.3333333333333333,1,0.002
7,1,1.0,1,0.1180000000000001
7,0,-1.0,0,0.274
7,1,1.0,1,0.3400000000000001
7,0,-0.3333333333333333,1,0.3320000000000001
7,0,-1.0,0,0.266
7,0,-0.6666666666666666,1,0.2179999999999999
7,1,0.6666666666666666,1,0.1619999999999999
7,1,0.3333333333333333,1,0.262
7,1,0.6666666666666666,1,0.2059999999999999
7,0,-1.0,1,0.002
7,0,-1.0,1,0.076
7,0,-0.3333333333333333,1,0.002
7,1,1.0,1,0.002
7,1,1.0,1,0.3959999999999999
7,1,1.0,1,0.476
7,1,1.0,1,0.262
7,1,1.0,1,0.546
7,1,0.3333333333333333,1,0.322
7,0,-0.3333333333333333,1,0.002
7,0,-0.3333333333333333,0,0.2139999999999999
7,1,0.3333333333333333,1,0.242
7,0,-0.3333333333333333,1,0.002
7,0,-1.0,1,0.034
7,0,-0.6666666666666666,1,0.002
7,0,-0.3333333333333333,1,0.002
7,0,-0.6666666666666666,1,0.002
7,1,0.3333333333333333,1,0.038
7,1,0.3333333333333333,0,0.04
7,0,-1.0,0,0.062
7,1,0.3333333333333333,1,0.1399999999999999
7,0,-1.0,0,0.2239999999999999
7,1,0.6666666666666666,1,0.3999999999999999
7,0,-0.6666666666666666,0,0.4319999999999999
7,1,0.3333333333333333,1,0.014
7,1,0.6666666666666666,1,0.238
7,0,-0.3333333333333333,0,0.1440000000000001
7,0,-0.3333333333333333,1,0.1180000000000001
7,1,0.3333333333333333,1,0.058
7,0,-0.6666666666666666,0,0.0739999999999998
7,1,1.0,1,0.052
7,1,1.0,1,0.488
7,1,0.6666666666666666,0,0.308
7,0,-1.0,0,0.1659999999999999
7,0,-0.3333333333333333,0,0.1259999999999999
7,0,-1.0,0,0.1939999999999999
7,1,0.3333333333333333,1,0.002
7,1,1.0,1,0.002
7,1,1.0,1,0.3480000000000001
7,0,-0.3333333333333333,1,0.002
7,1,0.3333333333333333,1,0.002
7,1,0.3333333333333333,1,0.088
7,1,0.3333333333333333,1,0.002
7,1,0.3333333333333333,1,0.002
7,1,0.6666666666666666,1,0.056
7,0,-0.3333333333333333,1,0.074
7,0,-1.0,0,0.1139999999999998
7,1,0.3333333333333333,1,0.002
7,1,1.0,1,0.002
7,1,0.3333333333333333,1,0.002
7,1,1.0,1,0.002
7,1,0.3333333333333333,1,0.002
7,0,-0.3333333333333333,0,0.038
7,1,0.6666666666666666,1,0.002
7,1,1.0,1,0.006
7,1,0.3333333333333333,1,0.002
7,1,1.0,0,0.04
7,0,-1.0,0,0.036
7,1,0.6666666666666666,1,0.1180000000000001
7,0,-0.3333333333333333,1,0.002
7,1,0.6666666666666666,1,0.248
7,0,-0.6666666666666666,1,0.248
7,1,1.0,1,0.044
7,1,1.0,1,0.252
7,1,0.3333333333333333,1,0.308
7,0,-1.0,0,0.4499999999999999
7,0,-0.6666666666666666,0,0.278
7,0,-0.3333333333333333,1,0.002
7,0,-0.6666666666666666,0,0.0859999999999998
7,0,-0.6666666666666666,0,0.2259999999999999
7,0,-0.6666666666666666,0,0.056
7,0,-0.3333333333333333,1,0.002
7,0,-0.3333333333333333,1,0.032
7,1,1.0,1,0.1519999999999999
7,0,-1.0,0,0.004
7,1,0.3333333333333333,1,0.002
7,1,0.6666666666666666,1,0.002
7,0,-0.6666666666666666,1,0.002
7,0,-1.0,0,0.088
7,1,0.3333333333333333,1,0.4059999999999999
7,0,-0.6666666666666666,0,0.01
7,1,0.6666666666666666,0,0.314
7,0,-0.3333333333333333,1,0.1519999999999999
7,1,0.6666666666666666,1,0.002
7,0,-1.0,1,0.002
7,1,1.0,1,0.002
7,0,-1.0,1,0.002
7,0,-1.0,1,0.002
7,1,1.0,1,0.002
7,1,1.0,1,0.1100000000000001
7,0,-0.6666666666666666,1,0.002
7,0,-0.6666666666666666,0,0.08
7,0,-0.3333333333333333,1,0.1120000000000001
7,1,0.6666666666666666,1,0.046
7,1,0.6666666666666666,1,0.034
7,0,-0.3333333333333333,0,0.1680000000000001
7,1,0.6666666666666666,1,0.2099999999999999
7,1,1.0,1,0.2139999999999999
7,0,-1.0,1,0.002
7,0,-0.6666666666666666,0,0.072
7,0,-0.6666666666666666,1,0.002
7,1,0.6666666666666666,1,0.2279999999999999
7,0,-0.3333333333333333,1,0.3919999999999999
7,1,1.0,1,0.4359999999999999
7,1,1.0,1,0.546
7,0,-0.3333333333333333,0,0.5680000000000001
7,1,0.6666666666666666,1,0.6200000000000001
7,1,0.3333333333333333,1,0.4379999999999999
7,1,0.3333333333333333,1,0.002
7,0,-0.3333333333333333,1,0.062
7,1,0.6666666666666666,1,0.094
7,1,0.3333333333333333,1,0.522
7,1,1.0,1,0.4359999999999999
7,0,-0.6666666666666666,1,0.014
7,0,-0.3333333333333333,1,0.002
7,0,-1.0,1,0.2179999999999999
7,0,-0.6666666666666666,0,0.2339999999999999
7,1,0.6666666666666666,0,0.2079999999999999
7,0,-1.0,0,0.1280000000000001
7,1,1.0,1,0.704
7,1,1.0,1,0.2259999999999999
7,1,0.6666666666666666,1,0.4399999999999999
7,0,-1.0,0,0.018
7,0,-0.3333333333333333,1,0.002
7,1,1.0,1,0.1979999999999999
7,0,-1.0,0,0.8140000000000001
7,0,-0.6666666666666666,1,0.1679999999999999
7,1,0.6666666666666666,1,0.096
7,0,-0.6666666666666666,0,0.026
7,0,-0.3333333333333333,0,0.1179999999999998
7,0,-0.3333333333333333,1,0.002
7,1,1.0,1,0.3979999999999999
7,1,0.6666666666666666,1,0.6399999999999999
7,0,-0.6666666666666666,0,0.8
7,0,-0.6666666666666666,0,0.516
7,1,1.0,1,0.002
7,1,0.6666666666666666,1,0.1719999999999999
7,0,-1.0,0,0.1219999999999998
7,0,-0.6666666666666666,0,0.1760000000000001
7,1,0.3333333333333333,1,0.4519999999999999
7,0,-0.6666666666666666,0,0.31
7,0,-1.0,0,0.28
7,1,0.6666666666666666,1,0.012
7,1,0.3333333333333333,0,0.2199999999999999
7,1,1.0,1,0.068
7,1,0.6666666666666666,1,0.002
7,0,-0.3333333333333333,1,0.002
7,1,0.3333333333333333,1,0.1599999999999999
7,0,-1.0,0,0.252
7,0,-1.0,1,0.002
7,0,-0.3333333333333333,0,0.1919999999999999
7,1,1.0,1,0.4019999999999999
7,1,0.3333333333333333,1,0.4479999999999999
7,1,1.0,1,0.2199999999999999
7,1,1.0,1,0.47
7,0,-0.3333333333333333,0,0.4559999999999999
7,0,-0.6666666666666666,0,0.1959999999999999
7,0,-0.6666666666666666,0,0.4020000000000001
7,1,1.0,1,0.002
7,0,-0.3333333333333333,1,0.002
7,0,-1.0,0,0.5939999999999999
7,1,0.6666666666666666,0,0.908
7,1,0.3333333333333333,0,0.054
7,0,-0.3333333333333333,0,0.03
7,0,-0.3333333333333333,0,0.24
7,0,-0.6666666666666666,1,0.01
7,0,-0.3333333333333333,0,0.2299999999999999
7,1,0.3333333333333333,1,0.004
7,0,-1.0,0,0.294
7,0,-1.0,0,0.1459999999999999
7,0,-0.3333333333333333,0,0.1379999999999999
7,1,0.3333333333333333,1,0.002
7,0,-0.3333333333333333,0,0.0979999999999998
7,1,1.0,1,0.1439999999999999
7,1,0.6666666666666666,1,0.304
7,1,0.3333333333333333,1,0.27
7,0,-1.0,1,0.082
7,0,-0.6666666666666666,1,0.002
7,1,0.3333333333333333,1,0.1060000000000001
7,1,0.6666666666666666,1,0.09
7,1,0.3333333333333333,1,0.002
7,1,1.0,1,0.2059999999999999
7,1,1.0,1,0.246
7,0,-0.3333333333333333,0,0.002
7,0,-0.6666666666666666,1,0.278
7,0,-0.3333333333333333,1,0.002
7,1,0.3333333333333333,1,0.018
7,0,-0.3333333333333333,1,0.04
7,0,-0.3333333333333333,0,0.1099999999999998
7,1,0.3333333333333333,0,0.1059999999999998
7,1,0.3333333333333333,1,0.05
7,1,0.3333333333333333,1,0.4219999999999999
7,0,-0.6666666666666666,0,0.5
7,0,-0.6666666666666666,0,0.0699999999999998
7,0,-0.3333333333333333,0,0.4180000000000001
7,0,-0.3333333333333333,0,0.4079999999999999
7,1,0.3333333333333333,1,0.5920000000000001
7,1,0.3333333333333333,1,0.1399999999999999
7,1,0.3333333333333333,1,0.002
7,1,1.0,1,0.276
7,0,-0.6666666666666666,0,0.1859999999999999
7,0,-1.0,0,0.3199999999999998
7,1,0.6666666666666666,1,0.5940000000000001
7,1,0.6666666666666666,0,0.0739999999999998
7,0,-0.6666666666666666,1,0.002
7,0,-0.6666666666666666,1,0.088
7,0,-0.6666666666666666,1,0.06
7,0,-0.3333333333333333,0,0.1440000000000001
7,1,0.6666666666666666,1,0.318
7,1,0.3333333333333333,1,0.002
7,0,-0.3333333333333333,0,0.1840000000000001
7,0,-0.6666666666666666,1,0.002
7,0,-0.3333333333333333,0,0.1899999999999999
7,0,-1.0,0,0.1800000000000001
7,0,-0.3333333333333333,0,0.1339999999999999
7,1,0.6666666666666666,0,0.2299999999999999
7,1,0.6666666666666666,1,0.002
7,0,-0.6666666666666666,0,0.02
7,1,1.0,1,0.2319999999999999
7,1,0.6666666666666666,1,0.1439999999999999
7,0,-1.0,0,0.1899999999999999
7,0,-0.6666666666666666,1,0.002
7,0,-0.6666666666666666,0,0.058
7,0,-1.0,0,0.1139999999999998
7,0,-0.6666666666666666,1,0.244
7,0,-1.0,0,0.1379999999999999
7,1,0.3333333333333333,0,0.004
7,0,-0.3333333333333333,1,0.056
7,0,-1.0,0,0.1419999999999999
7,0,-0.6666666666666666,1,0.002
7,0,-0.6666666666666666,0,0.076
7,1,1.0,1,0.002
7,1,1.0,1,0.002
7,0,-1.0,1,0.002
7,1,1.0,1,0.298
7,0,-1.0,0,0.2059999999999999
7,1,1.0,1,0.3520000000000001
7,1,0.6666666666666666,1,0.1659999999999999
7,1,0.6666666666666666,1,0.1439999999999999
7,0,-0.3333333333333333,1,0.1879999999999999
7,1,1.0,1,0.1279999999999999
7,0,-0.6666666666666666,0,0.056
7,1,0.6666666666666666,1,0.088
7,1,0.6666666666666666,1,0.272
7,0,-0.6666666666666666,0,0.512
7,0,-0.3333333333333333,1,0.002
7,1,0.6666666666666666,1,1.0
7,0,-0.3333333333333333,1,0.002
7,1,0.6666666666666666,1,0.552
7,1,1.0,1,0.3700000000000001
7,1,1.0,1,0.5760000000000001
7,1,1.0,1,0.788
7,0,-0.6666666666666666,1,0.006
7,1,1.0,1,1.0
7,0,-0.3333333333333333,1,0.31
7,1,0.6666666666666666,1,0.298
7,1,1.0,1,0.6000000000000001
7,1,1.0,1,0.6679999999999999
7,1,1.0,1,0.52
7,0,-0.3333333333333333,0,0.294
7,1,1.0,1,0.694
7,0,-1.0,0,1.0
7,0,-0.6666666666666666,1,0.002
7,1,1.0,1,0.4319999999999999
7,1,0.3333333333333333,1,0.002
7,1,0.6666666666666666,1,0.1639999999999999
7,0,-0.6666666666666666,1,0.002
7,0,-0.6666666666666666,0,0.1800000000000001
7,0,-0.3333333333333333,0,0.0859999999999998
7,0,-0.6666666666666666,0,0.0939999999999998
7,1,1.0,1,0.044
7,0,-0.6666666666666666,0,0.0659999999999998
7,1,0.3333333333333333,1,0.002
7,0,-0.6666666666666666,1,0.002
7,1,0.6666666666666666,1,0.002
7,0,-0.3333333333333333,1,0.096
7,0,-1.0,0,0.1819999999999999
7,0,-0.6666666666666666,0,0.036
7,1,0.6666666666666666,1,0.002
7,0,-0.3333333333333333,0,0.0859999999999998
7,0,-1.0,0,0.0819999999999998
7,0,-0.3333333333333333,0,0.1280000000000001
7,0,-1.0,0,0.2199999999999999
7,0,-1.0,1,0.012
7,1,0.6666666666666666,1,0.1419999999999999
7,1,0.6666666666666666,1,0.002
7,0,-0.6666666666666666,1,0.002
7,0,-0.3333333333333333,1,0.002
7,0,-0.3333333333333333,1,0.002
7,0,-1.0,0,0.05
7,1,0.3333333333333333,1,0.2179999999999999
7,0,-0.6666666666666666,0,0.012
7,0,-0.6666666666666666,1,0.002
7,1,0.6666666666666666,1,0.286
7,1,0.3333333333333333,1,0.002
7,1,1.0,1,0.1579999999999999
7,0,-1.0,0,0.4319999999999999
7,1,0.3333333333333333,1,0.6639999999999999
7,1,0.6666666666666666,1,0.4159999999999999
7,1,1.0,1,0.766
7,0,-0.3333333333333333,0,0.312
7,0,-0.6666666666666666,1,0.3640000000000001
7,1,0.3333333333333333,1,0.038
7,1,0.6666666666666666,1,0.054
7,0,-0.3333333333333333,1,0.01
7,1,0.6666666666666666,1,0.2339999999999999
7,0,-1.0,0,0.046
7,1,0.3333333333333333,1,0.098
7,0,-0.6666666666666666,1,0.002
7,1,0.6666666666666666,1,0.3380000000000001
7,1,0.6666666666666666,1,0.094
7,1,1.0,1,0.4219999999999999
7,0,-0.3333333333333333,1,0.002
7,1,0.6666666666666666,1,0.1859999999999999
7,0,-1.0,0,0.29
7,1,1.0,1,0.002
7,1,0.6666666666666666,1,0.4279999999999999
7,0,-0.3333333333333333,1,0.002
7,1,1.0,1,0.1339999999999999
7,0,-0.3333333333333333,0,0.064
7,0,-1.0,0,0.552
7,1,0.6666666666666666,1,0.71
7,0,-0.3333333333333333,1,0.002
7,1,1.0,1,0.514
7,1,1.0,1,0.3740000000000001
7,1,1.0,1,0.99
7,1,1.0,1,0.4079999999999999
7,0,-1.0,1,0.064
7,0,-1.0,0,0.298
7,0,-0.3333333333333333,1,0.002
7,1,1.0,1,0.3899999999999999
7,1,1.0,1,0.002
7,0,-0.6666666666666666,1,0.002
7,0,-1.0,0,0.33
7,0,-1.0,0,0.092
7,0,-0.6666666666666666,0,0.104
7,0,-0.3333333333333333,1,0.1220000000000001
7,0,-0.3333333333333333,1,0.002
7,1,1.0,1,0.1180000000000001
7,1,0.6666666666666666,1,0.002
7,1,0.3333333333333333,1,0.322
7,0,-1.0,0,0.2139999999999999
7,1,0.3333333333333333,1,0.31
7,1,1.0,1,0.306
7,0,-0.6666666666666666,1,0.4159999999999999
7,0,-1.0,0,0.314
7,1,1.0,1,0.5720000000000001
7,1,0.6666666666666666,1,0.102
7,1,0.3333333333333333,0,0.002
7,1,0.6666666666666666,1,0.026
7,0,-0.6666666666666666,0,0.0
7,1,0.3333333333333333,1,0.002
7,0,-1.0,0,0.1320000000000001
7,1,0.3333333333333333,1,0.012
7,0,-0.6666666666666666,0,0.072
7,1,1.0,1,0.054
7,0,-0.3333333333333333,1,0.002
7,0,-0.6666666666666666,0,0.1959999999999999
7,0,-1.0,0,0.284
7,1,0.3333333333333333,1,0.002
7,1,1.0,0,0.03
7,1,1.0,1,0.1799999999999999
7,1,1.0,1,0.768
7,1,1.0,1,0.482
7,0,-0.3333333333333333,1,0.518
7,0,-1.0,0,0.4499999999999999
7,0,-0.3333333333333333,0,0.3540000000000001
7,1,0.6666666666666666,0,0.038
7,1,0.6666666666666666,1,0.1519999999999999
7,0,-0.6666666666666666,1,0.07
7,0,-0.6666666666666666,0,0.064
7,1,0.6666666666666666,1,0.08
7,0,-1.0,0,0.322
7,1,0.3333333333333333,1,0.1319999999999999
7,1,1.0,1,0.002
7,1,0.3333333333333333,1,0.002
7,1,1.0,1,0.014
7,1,0.3333333333333333,1,0.002
7,0,-0.6666666666666666,1,0.002
7,0,-1.0,1,0.002
7,1,0.3333333333333333,0,0.042
7,0,-0.3333333333333333,0,0.022
7,0,-0.6666666666666666,0,0.08
7,1,1.0,0,0.022
7,1,0.3333333333333333,0,0.044
8,1,0.3333333333333333,1,0.1999999999999999
8,0,-0.3333333333333333,1,0.3979999999999999
8,1,1.0,1,0.4119999999999999
8,0,-0.3333333333333333,0,0.4020000000000001
8,0,-0.6666666666666666,1,0.3939999999999999
8,0,-0.6666666666666666,0,0.4060000000000001
8,1,0.6666666666666666,0,0.5960000000000001
8,1,1.0,1,0.794
8,1,0.6666666666666666,0,0.1919999999999999
8,1,1.0,1,0.81
8,1,1.0,1,0.5840000000000001
8,1,1.0,1,0.5980000000000001
8,0,-0.3333333333333333,1,0.6140000000000001
8,0,-1.0,0,0.4039999999999999
8,1,0.3333333333333333,1,0.1839999999999999
8,1,1.0,1,0.5960000000000001
8,0,-1.0,1,0.1879999999999999
8,1,0.3333333333333333,1,0.2059999999999999
8,0,-0.3333333333333333,1,0.1919999999999999
8,0,-0.3333333333333333,1,0.1839999999999999
8,0,-0.3333333333333333,0,0.2039999999999999
8,1,0.6666666666666666,1,0.1899999999999999
8,0,-0.3333333333333333,1,0.3939999999999999
8,0,-1.0,1,0.2079999999999999
8,1,0.6666666666666666,1,0.1919999999999999
8,0,-1.0,0,0.2079999999999999
8,1,1.0,0,0.1979999999999999
8,0,-0.3333333333333333,1,0.2099999999999999
8,1,1.0,1,0.008
8,0,-0.3333333333333333,0,0.1819999999999999
8,0,-1.0,0,0.3959999999999999
8,1,1.0,1,0.2079999999999999
8,0,-0.6666666666666666,0,0.798
8,1,1.0,1,0.5940000000000001
8,1,0.3333333333333333,0,0.3879999999999999
8,1,0.6666666666666666,1,0.3919999999999999
8,1,1.0,1,0.4019999999999999
8,1,0.6666666666666666,1,0.4079999999999999
8,0,-1.0,0,0.5979999999999999
8,1,1.0,1,0.1919999999999999
8,1,0.3333333333333333,0,0.1939999999999999
8,0,-1.0,0,0.5900000000000001
8,1,0.3333333333333333,1,0.6060000000000001
8,0,-0.3333333333333333,0,0.3959999999999999
8,0,-0.6666666666666666,0,0.6240000000000001
8,1,1.0,1,1.0
8,0,-1.0,0,0.998
8,0,-0.6666666666666666,0,0.982
8,0,-1.0,0,0.794
8,1,0.6666666666666666,0,0.2079999999999999
8,0,-0.3333333333333333,0,0.2259999999999999
8,1,0.3333333333333333,0,0.1299999999999999
8,0,-0.6666666666666666,0,0.1640000000000001
8,1,0.3333333333333333,1,0.3999999999999999
8,1,1.0,1,0.984
8,0,-0.3333333333333333,0,0.3199999999999998
8,0,-0.3333333333333333,0,0.746
8,1,1.0,1,0.772
8,1,0.6666666666666666,1,0.01
8,1,0.3333333333333333,1,0.1319999999999999
8,0,-0.3333333333333333,1,0.1599999999999999
8,0,-0.6666666666666666,0,0.522
8,0,-1.0,0,0.8319999999999999
8,1,0.3333333333333333,0,0.91
8,1,0.3333333333333333,0,0.8639999999999999
8,0,-1.0,0,0.6779999999999999
8,0,-0.6666666666666666,0,0.256
8,0,-0.3333333333333333,1,0.25
8,1,0.3333333333333333,1,0.078
8,1,0.3333333333333333,0,0.3420000000000001
8,1,0.3333333333333333,0,0.262
8,0,-1.0,0,0.088
8,1,0.6666666666666666,0,0.2119999999999999
8,0,-1.0,1,0.4059999999999999
8,0,-0.6666666666666666,1,0.4079999999999999
8,1,0.6666666666666666,1,0.4219999999999999
8,0,-0.6666666666666666,1,0.3819999999999999
8,1,0.6666666666666666,1,0.6499999999999999
8,1,0.6666666666666666,1,0.3540000000000001
8,1,1.0,1,0.8380000000000001
8,0,-0.6666666666666666,0,0.488
8,0,-1.0,0,0.4499999999999999
8,0,-0.6666666666666666,0,0.518
8,0,-0.3333333333333333,0,0.74
8,1,0.3333333333333333,0,0.01
8,1,0.6666666666666666,1,0.4199999999999999
8,0,-0.6666666666666666,1,0.298
8,1,0.3333333333333333,1,0.2059999999999999
8,1,0.6666666666666666,0,0.3959999999999999
8,1,1.0,1,0.2099999999999999
8,1,1.0,1,0.4219999999999999
8,1,0.6666666666666666,1,0.5980000000000001
8,1,1.0,1,0.1939999999999999
8,1,1.0,1,0.3999999999999999
8,0,-1.0,1,0.1839999999999999
8,1,0.3333333333333333,1,0.5720000000000001
8,1,0.3333333333333333,1,0.2099999999999999
8,1,0.6666666666666666,1,0.79
8,1,1.0,1,0.1259999999999999
8,0,-0.3333333333333333,0,0.042
8,1,0.6666666666666666,1,0.2119999999999999
8,1,0.6666666666666666,1,0.002
8,1,0.6666666666666666,1,0.1599999999999999
8,0,-1.0,0,0.0699999999999998
8,1,1.0,1,0.1100000000000001
8,0,-1.0,0,0.4340000000000001
8,0,-0.6666666666666666,0,0.6179999999999999
8,1,0.3333333333333333,1,0.1180000000000001
8,0,-1.0,0,0.5800000000000001
8,1,1.0,1,0.776
8,1,0.3333333333333333,1,0.756
8,0,-1.0,0,0.6459999999999999
8,0,-0.3333333333333333,1,0.1279999999999999
8,0,-0.3333333333333333,0,0.248
8,0,-1.0,0,0.28
8,1,1.0,1,0.1599999999999999
8,0,-1.0,0,0.6859999999999999
8,0,-0.6666666666666666,0,0.518
8,1,0.6666666666666666,0,0.1160000000000001
8,0,-1.0,0,0.484
8,0,-1.0,0,0.474
8,0,-1.0,1,0.492
8,1,1.0,1,0.8700000000000001
8,1,0.3333333333333333,1,0.498
8,0,-0.3333333333333333,0,0.484
8,0,-0.6666666666666666,1,0.326
8,0,-1.0,0,0.004
8,1,1.0,0,0.4060000000000001
8,0,-0.3333333333333333,0,0.076
8,0,-0.6666666666666666,1,0.1279999999999999
8,0,-0.6666666666666666,1,0.2219999999999999
8,0,-1.0,1,0.4299999999999999
8,0,-0.3333333333333333,0,0.2179999999999999
8,0,-0.3333333333333333,0,0.4079999999999999
8,0,-0.3333333333333333,1,0.1919999999999999
8,0,-0.3333333333333333,0,0.076
8,0,-0.3333333333333333,1,0.048
8,0,-0.6666666666666666,0,0.1680000000000001
8,1,0.3333333333333333,0,0.276
8,1,0.3333333333333333,0,0.1579999999999999
8,1,0.3333333333333333,0,0.1379999999999999
8,1,1.0,0,0.532
8,0,-1.0,1,0.078
8,0,-1.0,0,0.1560000000000001
8,0,-1.0,1,0.1160000000000001
8,1,1.0,1,0.302
8,1,0.6666666666666666,1,0.72
8,0,-0.3333333333333333,0,0.474
8,0,-0.6666666666666666,1,0.294
8,0,-1.0,0,0.542
8,1,1.0,1,0.3979999999999999
8,1,1.0,1,0.706
8,1,1.0,1,0.71
8,1,0.3333333333333333,1,0.1599999999999999
8,0,-0.6666666666666666,0,0.478
8,0,-0.6666666666666666,1,0.1679999999999999
8,1,0.6666666666666666,1,0.514
8,0,-0.3333333333333333,0,0.6520000000000001
8,1,1.0,1,0.6659999999999999
8,1,0.6666666666666666,1,0.1619999999999999
8,1,1.0,1,0.4519999999999999
8,1,0.6666666666666666,1,0.8700000000000001
8,0,-0.6666666666666666,0,0.8460000000000001
8,0,-0.3333333333333333,0,0.55
8,1,1.0,1,0.978
8,1,1.0,1,0.6419999999999999
8,0,-0.6666666666666666,0,0.6779999999999999
8,1,0.3333333333333333,1,0.4499999999999999
8,1,0.6666666666666666,0,0.526
8,1,0.6666666666666666,1,0.6279999999999999
8,1,1.0,1,0.6100000000000001
8,0,-1.0,0,0.6379999999999999
8,1,0.3333333333333333,1,0.496
8,1,1.0,1,0.8919999999999999
8,0,-0.6666666666666666,1,0.272
8,1,0.3333333333333333,0,0.302
8,0,-0.3333333333333333,0,0.1179999999999998
8,0,-0.6666666666666666,0,0.6299999999999999
8,1,1.0,1,0.726
8,0,-1.0,0,0.8220000000000001
8,1,0.6666666666666666,1,0.75
8,1,1.0,1,0.8979999999999999
8,0,-1.0,0,0.51
8,0,-1.0,0,0.77
8,1,1.0,0,0.3239999999999998
8,0,-0.3333333333333333,0,0.284
8,0,-1.0,0,0.6859999999999999
8,1,1.0,1,0.4439999999999999
8,0,-1.0,0,0.51
8,1,1.0,1,0.746
8,1,1.0,1,0.476
8,1,0.6666666666666666,1,0.6439999999999999
8,1,1.0,1,0.5680000000000001
8,1,0.3333333333333333,1,0.3740000000000001
8,1,0.6666666666666666,1,0.308
8,0,-1.0,0,0.3319999999999998
8,0,-1.0,0,0.3340000000000001
8,1,0.3333333333333333,1,0.54
8,0,-1.0,0,0.758
8,1,0.6666666666666666,1,0.4399999999999999
8,0,-0.6666666666666666,0,0.3580000000000001
8,0,-0.6666666666666666,0,0.532
8,0,-0.3333333333333333,1,0.292
8,1,0.6666666666666666,1,0.248
8,0,-0.6666666666666666,0,0.294
8,1,1.0,1,0.1459999999999999
8,1,1.0,1,0.534
8,1,0.3333333333333333,1,0.732
8,0,-1.0,1,0.4559999999999999
8,0,-0.3333333333333333,1,0.096
8,0,-1.0,0,0.4119999999999999
8,1,1.0,1,0.32
8,1,0.3333333333333333,1,0.25
8,0,-1.0,0,0.6779999999999999
8,0,-0.3333333333333333,1,0.25
8,1,0.6666666666666666,1,0.4179999999999999
8,0,-1.0,0,1.0
8,1,0.6666666666666666,1,0.4559999999999999
8,1,1.0,1,0.954
8,1,0.3333333333333333,1,1.0
8,1,1.0,1,0.956
8,0,-0.6666666666666666,0,0.6099999999999999
8,0,-1.0,0,0.31
8,1,0.3333333333333333,1,0.3899999999999999
8,1,0.3333333333333333,1,0.09
8,0,-0.6666666666666666,0,0.318
8,0,-1.0,0,0.56
8,0,-0.3333333333333333,0,0.474
8,0,-0.3333333333333333,0,0.512
8,0,-0.6666666666666666,1,0.074
8,0,-1.0,0,0.08
8,1,1.0,0,0.6139999999999999
8,1,0.6666666666666666,0,0.4359999999999999
8,0,-0.6666666666666666,0,0.308
8,0,-0.6666666666666666,0,0.1120000000000001
8,1,0.6666666666666666,0,0.8780000000000001
8,1,1.0,0,0.4459999999999999
8,1,0.3333333333333333,0,0.1139999999999998
8,0,-1.0,1,0.1259999999999999
8,1,0.6666666666666666,0,0.05
8,1,0.6666666666666666,1,0.1100000000000001
8,1,1.0,0,0.266
8,0,-0.3333333333333333,1,0.1839999999999999
8,0,-0.6666666666666666,0,0.486
8,0,-0.6666666666666666,1,0.3600000000000001
8,1,0.6666666666666666,1,0.086
8,1,1.0,1,0.1200000000000001
8,1,0.3333333333333333,1,0.312
8,0,-0.6666666666666666,1,0.1659999999999999
8,0,-0.6666666666666666,0,0.6759999999999999
8,0,-0.6666666666666666,1,0.1220000000000001
8,1,0.3333333333333333,0,0.256
8,0,-1.0,0,0.4140000000000001
8,1,0.6666666666666666,1,0.008
8,0,-0.3333333333333333,1,0.1180000000000001
8,1,1.0,1,0.1599999999999999
8,0,-0.3333333333333333,0,0.4100000000000001
8,0,-1.0,1,0.1220000000000001
8,0,-0.6666666666666666,1,0.3
8,1,0.6666666666666666,1,0.1919999999999999
8,0,-0.3333333333333333,0,0.104
8,1,0.3333333333333333,1,0.328
8,1,0.6666666666666666,0,0.1280000000000001
8,1,0.3333333333333333,1,0.318
8,0,-1.0,0,0.6539999999999999
8,0,-1.0,0,0.994
8,0,-0.3333333333333333,0,0.4579999999999999
8,1,0.6666666666666666,0,0.4140000000000001
8,1,0.6666666666666666,1,0.1200000000000001
8,0,-1.0,0,0.254
8,1,0.3333333333333333,0,0.292
8,0,-0.3333333333333333,1,0.018
8,0,-0.6666666666666666,0,0.262
8,0,-1.0,0,0.3
8,0,-0.6666666666666666,0,0.3460000000000001
8,1,0.6666666666666666,1,0.242
8,1,0.3333333333333333,1,0.1359999999999999
8,1,1.0,0,0.1120000000000001
8,0,-1.0,1,0.4019999999999999
8,1,0.3333333333333333,1,0.4179999999999999
8,1,0.3333333333333333,0,0.276
8,0,-0.6666666666666666,0,0.3940000000000001
8,0,-0.6666666666666666,1,0.284
8,1,0.6666666666666666,0,0.4319999999999999
8,0,-0.3333333333333333,0,0.1339999999999999
8,0,-0.6666666666666666,0,0.24
8,1,0.6666666666666666,0,0.33
8,0,-0.6666666666666666,0,0.076
8,0,-1.0,0,0.3460000000000001
8,0,-0.3333333333333333,1,0.098
8,0,-1.0,0,0.472
8,1,1.0,1,0.322
8,1,0.3333333333333333,1,0.244
8,0,-0.3333333333333333,0,0.282
8,1,0.3333333333333333,1,0.312
8,1,1.0,1,0.266
8,0,-1.0,0,0.3239999999999998
8,0,-1.0,0,0.5979999999999999
8,0,-1.0,0,0.6859999999999999
8,0,-0.6666666666666666,0,0.05
8,1,0.3333333333333333,1,0.2059999999999999
8,1,0.3333333333333333,1,0.294
8,0,-0.3333333333333333,0,0.48
8,1,0.3333333333333333,1,0.2119999999999999
8,0,-1.0,0,0.1979999999999999
8,0,-0.3333333333333333,0,0.3860000000000001
8,0,-0.3333333333333333,0,0.2059999999999999
8,1,1.0,1,0.55
8,1,1.0,1,0.1180000000000001
8,0,-0.6666666666666666,0,0.78
8,1,0.6666666666666666,0,0.512
8,1,0.6666666666666666,1,0.504
8,0,-0.6666666666666666,1,0.6080000000000001
8,0,-0.6666666666666666,0,0.308
8,0,-0.6666666666666666,1,0.3460000000000001
8,1,0.3333333333333333,0,0.4559999999999999
8,1,1.0,1,0.308
8,0,-1.0,0,0.548
8,0,-1.0,0,0.3479999999999998
8,1,1.0,1,0.694
8,0,-1.0,0,0.4579999999999999
8,1,0.3333333333333333,1,0.544
8,0,-1.0,0,0.5900000000000001
8,1,1.0,1,0.544
8,0,-0.3333333333333333,1,0.268
8,1,0.6666666666666666,1,0.4659999999999999
8,0,-0.3333333333333333,0,0.484
8,0,-1.0,0,0.51
8,1,0.6666666666666666,0,0.506
8,1,0.3333333333333333,1,0.694
8,1,0.6666666666666666,1,0.6859999999999999
8,1,0.6666666666666666,1,0.762
8,0,-1.0,0,0.088
8,0,-1.0,0,0.918
8,0,-0.6666666666666666,0,0.688
8,1,0.6666666666666666,0,0.77
8,0,-0.3333333333333333,0,0.762
8,0,-1.0,0,0.8519999999999999
8,0,-0.3333333333333333,0,0.51
8,0,-0.6666666666666666,0,0.33
8,1,1.0,1,0.498
8,1,1.0,1,0.6419999999999999
8,1,0.6666666666666666,0,0.722
8,0,-1.0,0,0.8879999999999999
8,0,-0.3333333333333333,0,0.546
8,1,1.0,1,0.688
8,1,0.3333333333333333,0,0.6699999999999999
8,1,0.6666666666666666,1,0.472
8,1,1.0,1,0.5660000000000001
8,1,0.6666666666666666,1,0.518
8,1,1.0,1,0.542
8,0,-0.3333333333333333,0,0.6200000000000001
8,0,-0.6666666666666666,0,0.51
8,0,-1.0,0,0.6799999999999999
8,1,1.0,1,0.6379999999999999
8,1,1.0,1,0.2119999999999999
8,0,-0.3333333333333333,1,0.246
8,0,-0.6666666666666666,1,0.1599999999999999
8,1,0.3333333333333333,0,0.326
8,1,0.6666666666666666,1,0.1619999999999999
8,1,1.0,1,0.1459999999999999
8,0,-0.6666666666666666,0,0.308
8,0,-0.6666666666666666,1,0.098
8,0,-1.0,0,0.6259999999999999
8,1,1.0,1,0.296
8,0,-0.3333333333333333,1,0.1679999999999999
8,1,0.6666666666666666,0,0.724
8,0,-1.0,0,0.748
8,1,1.0,0,0.4599999999999999
8,1,1.0,1,0.972
8,1,1.0,1,0.8360000000000001
8,1,1.0,1,0.282
8,0,-1.0,0,0.516
8,0,-0.3333333333333333,0,0.4199999999999999
8,0,-0.6666666666666666,0,0.6499999999999999
8,1,1.0,1,0.6200000000000001
8,0,-1.0,0,0.6000000000000001
8,1,0.6666666666666666,1,0.4039999999999999
8,1,0.3333333333333333,1,0.2259999999999999
8,0,-1.0,0,0.8140000000000001
8,0,-0.3333333333333333,0,0.4199999999999999
8,1,1.0,1,0.4019999999999999
8,0,-0.3333333333333333,0,0.4079999999999999
8,0,-0.6666666666666666,0,0.6179999999999999
8,0,-0.6666666666666666,0,0.6179999999999999
8,1,0.3333333333333333,0,0.804
8,0,-1.0,0,0.6520000000000001
8,0,-0.3333333333333333,1,0.3360000000000001
8,0,-0.3333333333333333,0,0.5800000000000001
8,1,1.0,1,0.3939999999999999
8,0,-0.3333333333333333,0,0.4579999999999999
8,0,-0.3333333333333333,0,0.4599999999999999
8,0,-1.0,0,0.4539999999999999
8,1,0.6666666666666666,0,0.242
8,1,0.6666666666666666,0,0.1600000000000001
8,1,0.3333333333333333,1,0.238
8,1,0.3333333333333333,1,0.7
8,0,-0.6666666666666666,1,0.238
8,1,0.3333333333333333,1,0.5680000000000001
8,1,1.0,1,0.98
8,1,0.6666666666666666,1,0.518
8,1,0.3333333333333333,1,0.264
8,1,0.3333333333333333,1,0.4579999999999999
8,0,-0.3333333333333333,0,0.0779999999999998
8,1,0.6666666666666666,1,0.328
8,1,1.0,1,0.922
8,1,0.3333333333333333,1,0.29
8,0,-0.6666666666666666,1,0.2339999999999999
8,0,-1.0,0,0.5720000000000001
8,1,0.6666666666666666,1,0.284
8,1,1.0,1,0.1459999999999999
8,0,-0.6666666666666666,0,0.2199999999999999
8,0,-0.3333333333333333,1,0.082
8,1,0.3333333333333333,1,0.1339999999999999
8,1,0.3333333333333333,1,0.2019999999999999
8,1,1.0,0,0.2219999999999999
8,0,-0.6666666666666666,1,0.4619999999999999
8,0,-0.3333333333333333,0,0.28
8,0,-1.0,0,0.33
8,1,0.3333333333333333,0,0.2139999999999999
8,1,0.3333333333333333,1,0.3320000000000001
8,1,1.0,1,0.3400000000000001
8,0,-0.6666666666666666,1,0.1499999999999999
8,0,-0.6666666666666666,0,0.524
8,1,1.0,0,0.006
8,1,1.0,1,0.4599999999999999
8,0,-1.0,0,0.8999999999999999
8,1,0.6666666666666666,1,0.1559999999999999
8,0,-0.3333333333333333,1,0.516
8,1,0.3333333333333333,1,0.04
8,1,0.6666666666666666,1,0.1299999999999999
8,1,0.3333333333333333,0,0.1459999999999999
8,1,0.6666666666666666,1,0.1120000000000001
8,0,-0.3333333333333333,1,0.326
8,0,-0.3333333333333333,0,0.322
8,0,-0.3333333333333333,0,0.4519999999999999
8,0,-1.0,0,0.702
8,0,-0.6666666666666666,1,0.3520000000000001
8,1,1.0,0,0.3719999999999999
8,0,-0.3333333333333333,0,0.4319999999999999
8,0,-0.6666666666666666,0,0.5660000000000001
8,0,-1.0,0,0.806
8,1,0.3333333333333333,1,0.74
8,1,1.0,1,0.4619999999999999
8,0,-0.3333333333333333,1,0.54
8,1,0.6666666666666666,1,0.2079999999999999
8,0,-0.3333333333333333,1,0.238
8,1,0.6666666666666666,0,0.038
8,0,-0.6666666666666666,0,0.08
8,1,1.0,1,0.1859999999999999
8,0,-1.0,0,0.6679999999999999
8,0,-1.0,0,0.8719999999999999
8,1,0.3333333333333333,0,0.042
8,0,-1.0,0,0.244
8,0,-0.3333333333333333,0,0.308
8,0,-0.3333333333333333,0,0.3820000000000001
8,0,-1.0,0,0.4279999999999999
8,1,0.3333333333333333,1,0.3640000000000001
8,0,-0.6666666666666666,1,0.1879999999999999
8,0,-0.3333333333333333,1,0.004
8,1,0.6666666666666666,1,0.028
8,1,0.6666666666666666,1,0.482
8,0,-0.6666666666666666,0,0.766
8,1,0.3333333333333333,1,0.514
8,0,-1.0,0,0.3919999999999999
8,1,1.0,1,0.308
8,0,-1.0,0,0.6419999999999999
8,0,-1.0,0,0.762
8,0,-1.0,0,0.49
8,1,0.3333333333333333,0,0.5800000000000001
8,1,0.3333333333333333,0,0.3780000000000001
8,1,0.6666666666666666,1,0.06
8,0,-0.3333333333333333,0,0.3980000000000001
8,0,-0.3333333333333333,0,0.3359999999999998
8,0,-0.3333333333333333,0,0.258
8,0,-1.0,0,0.31
8,0,-0.3333333333333333,1,0.3660000000000001
8,1,0.3333333333333333,1,0.002
8,0,-0.6666666666666666,0,0.2159999999999999
8,0,-0.3333333333333333,1,0.318
8,0,-1.0,0,0.6240000000000001
8,0,-1.0,0,0.4659999999999999
8,1,0.6666666666666666,1,0.558
8,0,-0.6666666666666666,1,0.002
8,1,0.6666666666666666,1,0.4219999999999999
8,0,-1.0,0,0.8340000000000001
8,0,-0.6666666666666666,0,0.278
8,1,1.0,0,0.492
8,0,-1.0,0,0.534
8,0,-0.3333333333333333,1,0.548
8,0,-1.0,0,0.3559999999999998
8,0,-0.6666666666666666,0,0.1800000000000001
8,1,0.6666666666666666,1,0.4139999999999999
8,1,0.6666666666666666,1,0.4199999999999999
8,1,0.6666666666666666,1,0.4279999999999999
8,0,-0.3333333333333333,1,0.314
8,0,-1.0,0,0.3580000000000001
8,0,-0.3333333333333333,0,0.262
8,1,0.3333333333333333,1,0.49
8,0,-0.6666666666666666,1,0.1839999999999999
8,1,1.0,1,0.32
8,0,-0.3333333333333333,0,0.264
8,1,1.0,1,0.3460000000000001
8,0,-0.3333333333333333,0,0.93
8,1,0.6666666666666666,1,0.8999999999999999
8,0,-0.3333333333333333,1,0.282
8,0,-1.0,1,0.3819999999999999
8,0,-0.6666666666666666,0,0.4279999999999999
8,1,0.3333333333333333,1,0.002
8,1,1.0,1,0.1519999999999999
8,1,0.3333333333333333,1,0.2119999999999999
8,0,-0.6666666666666666,0,0.308
8,0,-0.6666666666666666,0,0.4279999999999999
8,0,-0.6666666666666666,0,0.488
8,0,-0.3333333333333333,0,0.5700000000000001
8,0,-1.0,0,0.5780000000000001
8,1,0.6666666666666666,1,0.4579999999999999
8,0,-0.6666666666666666,0,0.702
8,0,-0.6666666666666666,0,0.6759999999999999
8,0,-0.3333333333333333,0,0.4419999999999999
8,0,-1.0,0,0.4419999999999999
8,0,-0.3333333333333333,1,0.4679999999999999
8,1,0.6666666666666666,0,0.506
8,0,-0.6666666666666666,0,0.296
8,1,0.6666666666666666,1,0.302
8,1,1.0,1,0.3759999999999999
8,1,0.6666666666666666,1,0.536
8,1,1.0,1,0.3380000000000001
8,1,0.6666666666666666,1,0.5720000000000001
8,1,1.0,1,0.5800000000000001
8,1,1.0,1,0.1419999999999999
8,0,-0.6666666666666666,1,0.2159999999999999
8,1,0.3333333333333333,1,0.1479999999999999
8,1,1.0,1,0.516
8,0,-1.0,0,0.2179999999999999
8,0,-0.3333333333333333,0,0.3439999999999998
8,0,-0.3333333333333333,1,0.1879999999999999
8,1,0.6666666666666666,1,0.1999999999999999
8,1,0.6666666666666666,1,0.2039999999999999
8,0,-1.0,0,0.318
8,1,0.3333333333333333,0,0.3439999999999998
8,1,1.0,1,0.4519999999999999
8,1,0.6666666666666666,1,0.502
8,0,-1.0,1,0.1240000000000001
8,1,1.0,0,0.28
8,1,0.6666666666666666,1,0.1419999999999999
8,1,0.3333333333333333,0,0.326
8,0,-0.6666666666666666,1,0.07
8,0,-0.6666666666666666,0,0.1219999999999998
8,0,-0.3333333333333333,0,0.088
8,0,-0.6666666666666666,1,0.302
8,0,-0.6666666666666666,1,0.24
8,1,0.6666666666666666,0,0.272
8,0,-0.3333333333333333,0,0.526
8,0,-1.0,0,0.3719999999999999
8,0,-0.6666666666666666,1,0.688
8,1,0.6666666666666666,1,0.722
8,0,-0.3333333333333333,0,0.282
8,0,-1.0,0,0.1160000000000001
8,0,-0.3333333333333333,0,0.3940000000000001
8,0,-0.6666666666666666,1,0.47
8,0,-1.0,0,0.3900000000000001
8,0,-0.6666666666666666,0,0.294
8,1,1.0,1,0.4139999999999999
8,1,0.6666666666666666,1,0.5760000000000001
8,0,-0.6666666666666666,0,0.5640000000000001
8,1,0.6666666666666666,1,0.328
8,0,-0.6666666666666666,0,0.2239999999999999
8,1,0.6666666666666666,1,0.1879999999999999
8,0,-1.0,0,0.4679999999999999
8,0,-0.3333333333333333,1,0.286
8,0,-0.6666666666666666,1,0.1599999999999999
8,1,0.3333333333333333,0,0.286
8,0,-1.0,1,0.3380000000000001
8,0,-1.0,0,0.5979999999999999
8,0,-0.3333333333333333,1,0.32
8,1,1.0,0,0.002
8,1,0.3333333333333333,1,0.282
8,0,-0.6666666666666666,0,0.0699999999999998
8,1,0.6666666666666666,1,0.3999999999999999
8,0,-0.3333333333333333,1,0.3660000000000001
8,0,-1.0,0,0.088
8,1,1.0,1,0.966
8,1,1.0,1,0.268
8,0,-1.0,0,0.4439999999999999
8,1,0.6666666666666666,0,0.1019999999999998
8,0,-1.0,0,0.8140000000000001
8,0,-1.0,0,0.1259999999999999
8,0,-0.3333333333333333,0,0.542
8,1,1.0,1,0.3759999999999999
8,0,-0.6666666666666666,0,0.272
8,1,1.0,1,0.3899999999999999
8,0,-0.3333333333333333,1,0.3879999999999999
8,1,0.3333333333333333,0,0.2159999999999999
8,1,0.3333333333333333,0,0.292
8,1,1.0,1,0.484
8,1,1.0,1,0.696
8,1,0.6666666666666666,0,0.51
8,0,-0.3333333333333333,1,0.1279999999999999
8,0,-1.0,1,0.1160000000000001
8,1,0.6666666666666666,1,0.1080000000000001
8,0,-0.6666666666666666,1,0.252
8,1,0.6666666666666666,1,0.3320000000000001
8,0,-0.3333333333333333,1,0.244
8,0,-0.6666666666666666,0,0.2279999999999999
8,0,-1.0,0,0.288
8,0,-0.6666666666666666,0,0.2259999999999999
8,0,-0.3333333333333333,1,0.5980000000000001
8,0,-0.3333333333333333,0,0.304
8,1,0.3333333333333333,1,0.1240000000000001
8,1,0.3333333333333333,1,0.32
8,1,0.3333333333333333,0,0.1760000000000001
8,0,-1.0,1,0.1979999999999999
8,1,0.3333333333333333,0,0.056
8,0,-0.6666666666666666,1,0.1359999999999999
8,1,0.6666666666666666,1,0.3560000000000001
8,1,0.3333333333333333,1,0.246
8,0,-1.0,0,0.288
8,0,-1.0,0,0.5720000000000001
8,1,1.0,1,0.478
8,0,-0.3333333333333333,1,0.3620000000000001
8,1,1.0,1,0.272
8,0,-0.3333333333333333,1,0.1160000000000001
8,1,0.3333333333333333,1,0.1479999999999999
8,0,-0.6666666666666666,0,0.1440000000000001
8,1,0.3333333333333333,1,0.288
8,1,1.0,1,0.322
8,1,1.0,1,0.72
8,0,-1.0,1,0.068
8,1,0.3333333333333333,0,0.3239999999999998
8,1,0.6666666666666666,1,0.514
8,0,-0.6666666666666666,0,0.4619999999999999
8,1,1.0,1,0.1080000000000001
8,0,-0.6666666666666666,0,0.3599999999999999
8,1,0.3333333333333333,1,0.1419999999999999
8,1,0.6666666666666666,0,0.3820000000000001
8,1,1.0,0,0.29
8,0,-0.6666666666666666,1,0.328
8,0,-0.6666666666666666,1,0.1279999999999999
8,1,1.0,1,0.058
8,1,0.6666666666666666,0,0.0939999999999998
8,0,-0.6666666666666666,0,0.504
8,0,-0.3333333333333333,1,0.072
8,1,0.3333333333333333,1,0.1140000000000001
8,0,-0.3333333333333333,0,0.49
8,1,0.3333333333333333,0,0.1400000000000001
8,0,-1.0,0,0.5700000000000001
8,1,1.0,1,0.8200000000000001
8,0,-0.3333333333333333,1,0.086
8,1,1.0,0,0.002
8,0,-0.6666666666666666,0,0.1779999999999999
8,0,-1.0,1,0.706
8,1,1.0,1,0.6339999999999999
8,1,0.3333333333333333,1,0.272
8,0,-1.0,1,0.066
8,1,0.3333333333333333,0,0.1
8,0,-0.3333333333333333,1,0.1399999999999999
8,0,-0.6666666666666666,0,0.262
8,1,1.0,1,0.4139999999999999
8,0,-0.6666666666666666,0,0.2079999999999999
8,1,0.6666666666666666,1,0.292
8,1,0.6666666666666666,1,0.1339999999999999
8,0,-1.0,0,0.278
8,0,-0.6666666666666666,0,0.286
8,0,-0.3333333333333333,1,0.4659999999999999
8,1,1.0,1,0.758
8,0,-1.0,0,0.78
8,0,-0.3333333333333333,1,0.1899999999999999
8,0,-1.0,0,0.1539999999999999
8,0,-0.3333333333333333,0,0.252
8,1,1.0,0,0.1879999999999999
8,1,1.0,1,0.6439999999999999
8,1,1.0,1,0.4019999999999999
8,0,-0.6666666666666666,1,0.1879999999999999
8,1,0.3333333333333333,1,0.286
8,0,-1.0,0,0.062
8,1,1.0,1,0.546
8,1,0.3333333333333333,1,0.2279999999999999
8,0,-1.0,0,0.4639999999999999
8,0,-0.6666666666666666,0,0.252
8,1,0.6666666666666666,1,0.512
8,1,0.3333333333333333,1,0.1080000000000001
8,0,-0.6666666666666666,0,0.4619999999999999
8,0,-0.3333333333333333,1,0.254
8,1,0.6666666666666666,1,0.1639999999999999
8,1,0.3333333333333333,1,0.068
8,1,0.6666666666666666,1,0.1739999999999999
8,0,-0.3333333333333333,0,0.1640000000000001
8,0,-1.0,0,0.0699999999999998
8,0,-0.3333333333333333,1,0.1080000000000001
8,0,-0.6666666666666666,0,0.554
8,1,1.0,1,0.4499999999999999
8,0,-0.3333333333333333,0,0.1299999999999999
8,0,-0.3333333333333333,1,0.1359999999999999
8,1,0.3333333333333333,1,0.294
8,0,-0.6666666666666666,1,0.1659999999999999
8,1,1.0,0,0.1080000000000001
8,0,-0.3333333333333333,1,0.1120000000000001
8,0,-1.0,1,0.092
8,0,-1.0,1,0.044
8,0,-0.6666666666666666,1,0.1659999999999999
8,0,-1.0,0,0.724
8,0,-1.0,1,0.1100000000000001
8,0,-0.6666666666666666,0,0.318
8,1,0.3333333333333333,0,0.4559999999999999
8,0,-0.6666666666666666,0,0.236
8,1,0.3333333333333333,0,0.068
8,0,-1.0,0,0.806
8,1,1.0,1,0.262
8,1,0.6666666666666666,1,0.292
8,0,-0.3333333333333333,0,0.25
8,1,0.3333333333333333,1,0.1459999999999999
8,0,-1.0,0,0.476
8,0,-0.6666666666666666,0,0.2059999999999999
8,1,0.6666666666666666,1,0.1739999999999999
8,0,-1.0,0,0.4199999999999999
8,0,-1.0,0,0.3900000000000001
8,1,0.3333333333333333,1,0.2339999999999999
8,0,-0.3333333333333333,1,0.072
8,1,0.3333333333333333,1,0.1379999999999999
8,1,1.0,1,0.3680000000000001
8,1,0.6666666666666666,1,0.3740000000000001
8,0,-0.3333333333333333,0,0.256
8,0,-1.0,0,0.3980000000000001
8,1,0.3333333333333333,0,0.2119999999999999
8,1,1.0,1,0.6459999999999999
8,1,1.0,1,0.3640000000000001
8,1,0.3333333333333333,1,0.932
8,1,1.0,1,0.3640000000000001
8,1,0.6666666666666666,1,0.298
8,1,0.6666666666666666,1,0.268
8,1,1.0,1,0.298
8,0,-0.3333333333333333,1,0.2079999999999999
8,0,-1.0,1,0.1319999999999999
8,1,0.6666666666666666,1,0.06
8,1,1.0,1,0.506
8,1,1.0,1,0.286
8,0,-0.6666666666666666,0,0.6099999999999999
8,0,-0.6666666666666666,0,0.254
8,0,-0.3333333333333333,0,0.6219999999999999
8,1,0.3333333333333333,0,0.3159999999999998
8,1,0.6666666666666666,1,0.048
8,1,1.0,1,0.3600000000000001
8,0,-0.3333333333333333,0,0.5700000000000001
8,1,1.0,1,0.716
8,0,-1.0,0,0.6819999999999999
8,0,-0.3333333333333333,1,0.502
8,0,-0.3333333333333333,0,0.05
8,0,-0.6666666666666666,1,0.1140000000000001
8,1,0.3333333333333333,0,0.318
8,1,1.0,1,0.2219999999999999
8,1,1.0,1,0.3859999999999999
8,0,-0.6666666666666666,1,0.1259999999999999
8,1,0.6666666666666666,1,0.3660000000000001
8,1,1.0,1,0.48
8,1,1.0,1,0.4239999999999999
8,1,0.6666666666666666,1,0.246
8,1,1.0,0,0.3540000000000001
8,1,1.0,1,0.6839999999999999
8,0,-0.6666666666666666,0,0.1
8,1,0.6666666666666666,1,0.1359999999999999
8,1,0.3333333333333333,1,0.006
8,0,-1.0,0,0.794
8,0,-0.3333333333333333,0,0.498
8,1,0.3333333333333333,0,0.31
8,0,-1.0,0,0.4499999999999999
8,1,1.0,1,0.47
8,1,1.0,1,0.2139999999999999
8,1,0.6666666666666666,1,0.1839999999999999
8,0,-0.3333333333333333,0,0.3399999999999998
8,0,-0.3333333333333333,0,0.27
8,1,0.3333333333333333,0,0.3639999999999999
8,0,-0.6666666666666666,0,0.4379999999999999
8,1,0.6666666666666666,1,0.476
8,0,-0.6666666666666666,0,0.4319999999999999
8,0,-1.0,1,0.24
8,1,0.6666666666666666,1,0.3919999999999999
8,1,1.0,1,0.26
8,0,-1.0,0,0.29
8,0,-1.0,0,0.306
8,1,1.0,0,0.278
8,1,0.6666666666666666,1,0.4179999999999999
8,1,1.0,1,0.6499999999999999
8,0,-1.0,0,0.4300000000000001
8,0,-1.0,0,0.54
8,0,-0.3333333333333333,0,0.4499999999999999
8,1,0.6666666666666666,1,0.3600000000000001
8,0,-1.0,1,0.312
8,0,-1.0,0,0.6560000000000001
8,1,0.6666666666666666,1,0.066
8,1,0.6666666666666666,0,0.1400000000000001
8,1,1.0,1,0.308
8,1,0.6666666666666666,1,0.088
8,1,1.0,0,0.1999999999999999
8,1,0.6666666666666666,1,0.3560000000000001
8,0,-1.0,0,0.742
8,0,-0.3333333333333333,1,0.284
8,0,-0.6666666666666666,0,0.1360000000000001
8,0,-1.0,0,1.0
8,0,-0.6666666666666666,0,0.914
9,0,-0.3333333333333333,1,0.06
9,1,0.6666666666666666,1,0.1859999999999999
9,1,0.6666666666666666,1,1.0
9,0,-1.0,0,0.688
9,0,-0.3333333333333333,0,0.8240000000000001
9,1,1.0,1,1.0
9,0,-0.6666666666666666,0,0.708
9,0,-0.6666666666666666,0,0.552
9,1,0.6666666666666666,1,1.0
9,0,-1.0,0,1.0
9,1,0.6666666666666666,1,1.0
9,0,-1.0,0,1.0
9,0,-1.0,0,0.3460000000000001
9,0,-1.0,0,0.3599999999999999
9,0,-0.3333333333333333,0,0.1440000000000001
9,1,1.0,1,0.6539999999999999
9,0,-1.0,0,1.0
9,1,1.0,1,1.0
9,1,0.6666666666666666,1,0.966
9,0,-0.3333333333333333,0,1.0
9,1,1.0,0,0.1120000000000001
9,1,1.0,1,1.0
9,0,-1.0,0,0.796
9,1,0.3333333333333333,1,1.0
9,0,-0.6666666666666666,0,1.0
9,1,0.6666666666666666,1,0.3660000000000001
9,1,0.3333333333333333,1,0.1120000000000001
9,0,-1.0,1,0.3720000000000001
9,1,0.6666666666666666,1,0.6060000000000001
9,0,-0.3333333333333333,0,0.998
9,0,-0.3333333333333333,0,0.326
9,1,0.6666666666666666,1,0.696
9,1,1.0,1,0.036
9,0,-0.6666666666666666,0,1.0
9,0,-0.3333333333333333,0,0.5780000000000001
9,1,0.6666666666666666,1,0.498
9,1,0.3333333333333333,0,0.4119999999999999
9,0,-1.0,0,0.47
9,0,-1.0,0,0.702
9,0,-0.3333333333333333,0,0.26
9,0,-0.3333333333333333,0,0.3900000000000001
9,0,-0.6666666666666666,0,1.0
9,0,-1.0,0,1.0
9,1,0.3333333333333333,0,0.326
9,1,1.0,1,1.0
9,1,0.3333333333333333,1,0.318
9,1,1.0,1,1.0
9,0,-1.0,0,1.0
9,0,-0.3333333333333333,0,0.0659999999999998
9,0,-0.3333333333333333,0,0.1979999999999999
9,1,0.3333333333333333,1,1.0
9,1,0.6666666666666666,0,0.526
9,0,-1.0,0,1.0
9,0,-0.3333333333333333,1,0.302
9,1,1.0,1,1.0
9,0,-1.0,0,0.27
9,1,0.3333333333333333,0,0.2119999999999999
9,1,0.3333333333333333,1,0.3580000000000001
9,0,-0.3333333333333333,0,0.306
9,0,-0.6666666666666666,0,1.0
9,0,-0.6666666666666666,0,1.0
9,0,-0.3333333333333333,0,1.0
9,0,-0.3333333333333333,1,0.5700000000000001
9,1,1.0,1,0.31
9,0,-0.3333333333333333,0,1.0
9,1,0.6666666666666666,1,0.1779999999999999
9,1,0.6666666666666666,1,1.0
9,0,-1.0,0,1.0
9,0,-0.3333333333333333,1,0.6319999999999999
9,1,0.3333333333333333,1,1.0
9,1,0.6666666666666666,1,0.3
9,1,0.6666666666666666,1,1.0
9,1,0.3333333333333333,1,0.754
9,1,1.0,1,1.0
9,1,0.6666666666666666,1,1.0
9,0,-1.0,0,0.3700000000000001
9,0,-1.0,1,0.318
9,1,0.6666666666666666,1,1.0
9,1,0.6666666666666666,0,0.49
9,0,-0.6666666666666666,1,0.296
9,1,1.0,1,1.0
9,0,-1.0,0,1.0
9,1,0.3333333333333333,1,1.0
9,1,0.3333333333333333,1,1.0
9,1,1.0,1,1.0
9,0,-1.0,0,1.0
9,1,1.0,1,1.0
9,1,1.0,1,1.0
9,1,0.6666666666666666,1,1.0
9,0,-1.0,0,1.0
9,1,0.3333333333333333,0,0.3239999999999998
9,1,0.3333333333333333,1,1.0
9,0,-1.0,0,1.0
9,0,-0.6666666666666666,0,1.0
9,1,0.6666666666666666,1,1.0
9,1,0.6666666666666666,1,0.3360000000000001
9,0,-1.0,0,1.0
9,1,0.3333333333333333,1,1.0
9,0,-0.6666666666666666,0,0.3439999999999998
9,0,-1.0,0,1.0
9,0,-0.6666666666666666,0,1.0
9,0,-1.0,0,1.0
9,0,-0.3333333333333333,1,1.0
9,0,-0.3333333333333333,1,0.4619999999999999
9,1,0.3333333333333333,1,1.0
9,0,-0.6666666666666666,0,1.0
9,0,-0.3333333333333333,1,1.0
9,1,0.3333333333333333,1,0.1160000000000001
9,0,-0.3333333333333333,0,0.6459999999999999
9,1,0.6666666666666666,1,0.776
9,1,1.0,1,1.0
9,1,0.3333333333333333,1,0.284
9,0,-0.3333333333333333,0,1.0
9,0,-0.6666666666666666,0,0.3839999999999999
9,1,0.3333333333333333,1,1.0
9,0,-1.0,0,1.0
9,0,-1.0,0,1.0
9,1,0.6666666666666666,1,0.718
9,0,-1.0,0,1.0
9,1,0.6666666666666666,1,1.0
9,1,0.3333333333333333,1,1.0
9,0,-0.6666666666666666,0,1.0
9,1,0.6666666666666666,1,1.0
9,0,-0.3333333333333333,0,0.5700000000000001
9,1,0.6666666666666666,1,0.25
9,0,-1.0,0,1.0
9,1,0.6666666666666666,1,0.284
9,1,1.0,1,0.476
9,1,1.0,1,1.0
9,1,0.6666666666666666,0,0.304
9,1,0.6666666666666666,1,1.0
9,1,1.0,1,1.0
9,0,-0.6666666666666666,0,0.02
9,0,-0.6666666666666666,0,0.3159999999999998
9,0,-1.0,0,0.522
9,0,-0.6666666666666666,0,1.0
9,0,-0.6666666666666666,0,1.0
9,0,-1.0,0,0.1879999999999999
9,0,-0.3333333333333333,0,0.4020000000000001
9,1,0.3333333333333333,1,0.3320000000000001
9,1,1.0,1,1.0
9,1,0.6666666666666666,0,0.4020000000000001
9,0,-0.6666666666666666,1,0.6639999999999999
9,1,0.3333333333333333,0,0.1539999999999999
9,0,-0.3333333333333333,1,0.1519999999999999
9,0,-1.0,0,1.0
9,0,-1.0,0,1.0
9,1,1.0,1,0.4039999999999999
9,1,0.6666666666666666,1,0.6379999999999999
9,1,0.6666666666666666,1,1.0
9,0,-0.3333333333333333,1,0.516
9,0,-0.3333333333333333,0,0.6099999999999999
9,0,-0.3333333333333333,0,1.0
9,0,-0.6666666666666666,0,0.8
9,1,0.6666666666666666,1,1.0
9,1,1.0,1,1.0
9,0,-1.0,0,1.0
9,0,-0.3333333333333333,1,0.51
9,1,0.3333333333333333,1,0.786
9,1,0.6666666666666666,1,1.0
9,1,0.6666666666666666,0,0.1419999999999999
9,1,1.0,1,0.1899999999999999
9,1,1.0,1,1.0
9,1,1.0,1,1.0
9,0,-0.6666666666666666,0,1.0
9,0,-0.6666666666666666,1,0.4199999999999999
9,0,-0.6666666666666666,0,0.5680000000000001
9,0,-1.0,1,0.1459999999999999
9,0,-0.3333333333333333,1,0.702
9,0,-0.3333333333333333,0,0.3860000000000001
9,1,0.3333333333333333,1,0.4079999999999999
9,0,-0.3333333333333333,0,1.0
9,0,-1.0,0,1.0
9,0,-0.6666666666666666,0,0.246
9,1,0.6666666666666666,0,0.4399999999999999
9,0,-1.0,0,0.026
9,1,0.3333333333333333,0,0.1979999999999999
9,0,-0.6666666666666666,1,0.4219999999999999
9,1,0.3333333333333333,0,0.084
9,1,0.3333333333333333,1,0.552
9,0,-0.3333333333333333,0,0.512
9,0,-1.0,0,1.0
9,0,-0.6666666666666666,0,1.0
9,0,-0.6666666666666666,0,1.0
9,1,1.0,1,1.0
9,0,-0.6666666666666666,0,0.536
9,1,0.3333333333333333,1,0.4139999999999999
9,0,-0.3333333333333333,0,1.0
9,1,1.0,0,0.3159999999999998
9,1,0.3333333333333333,1,0.1619999999999999
9,0,-1.0,0,0.6120000000000001
9,0,-0.6666666666666666,0,1.0
9,0,-1.0,0,1.0
9,1,0.6666666666666666,1,0.768
9,1,0.3333333333333333,0,0.5700000000000001
9,0,-1.0,0,0.1379999999999999
9,1,0.3333333333333333,1,1.0
9,0,-0.6666666666666666,1,0.1619999999999999
9,0,-0.6666666666666666,1,0.4199999999999999
9,1,0.6666666666666666,1,0.6639999999999999
9,0,-0.3333333333333333,1,0.276
9,0,-0.3333333333333333,1,0.242
9,1,1.0,1,0.6299999999999999
9,1,1.0,1,1.0
9,0,-0.3333333333333333,0,0.74
9,1,0.3333333333333333,1,1.0
9,1,0.6666666666666666,1,1.0
9,0,-1.0,1,0.5820000000000001
9,0,-0.6666666666666666,0,0.4159999999999999
9,0,-1.0,0,0.2119999999999999
9,0,-0.3333333333333333,0,0.3839999999999999
9,1,1.0,1,0.4659999999999999
9,0,-0.3333333333333333,0,0.1720000000000001
9,0,-0.6666666666666666,0,1.0
9,1,0.6666666666666666,1,1.0
9,0,-0.6666666666666666,0,1.0
9,1,0.3333333333333333,0,0.486
9,0,-0.6666666666666666,1,0.2119999999999999
9,0,-0.3333333333333333,0,1.0
9,1,0.6666666666666666,1,1.0
9,0,-1.0,0,1.0
9,0,-1.0,0,1.0
9,1,0.6666666666666666,1,1.0
9,0,-0.6666666666666666,1,0.6719999999999999
9,1,0.3333333333333333,1,1.0
9,0,-1.0,0,1.0
9,1,0.6666666666666666,1,0.6160000000000001
9,0,-0.3333333333333333,1,1.0
9,0,-0.6666666666666666,0,1.0
9,0,-0.6666666666666666,1,0.4039999999999999
9,1,0.3333333333333333,0,0.2139999999999999
9,0,-0.6666666666666666,0,0.6139999999999999
9,0,-0.3333333333333333,0,0.058
9,1,0.3333333333333333,1,0.6020000000000001
9,1,0.6666666666666666,0,0.6139999999999999
9,0,-0.6666666666666666,0,0.0699999999999998
9,0,-0.3333333333333333,0,1.0
9,1,0.3333333333333333,1,0.4299999999999999
9,1,0.6666666666666666,1,0.1619999999999999
9,1,1.0,1,1.0
9,0,-1.0,0,0.6040000000000001
9,1,0.3333333333333333,0,0.08
9,0,-1.0,0,1.0
9,0,-1.0,0,0.5820000000000001
9,1,0.3333333333333333,0,0.0979999999999998
9,1,1.0,1,0.494
9,0,-1.0,0,0.6779999999999999
9,1,1.0,1,1.0
9,1,1.0,1,0.51
9,1,0.3333333333333333,1,1.0
9,1,0.6666666666666666,1,0.074
9,0,-1.0,0,0.8160000000000001
9,0,-0.6666666666666666,0,0.534
9,0,-1.0,0,1.0
9,0,-1.0,0,0.6759999999999999
9,1,1.0,1,1.0
9,1,0.6666666666666666,0,0.488
9,1,0.3333333333333333,1,0.6499999999999999
9,0,-1.0,0,1.0
9,0,-1.0,0,0.554
9,1,1.0,1,1.0
9,1,1.0,1,1.0
9,1,0.6666666666666666,1,0.1060000000000001
9,1,1.0,1,0.746
9,0,-0.3333333333333333,0,1.0
9,1,0.3333333333333333,0,0.318
9,1,0.6666666666666666,1,0.6080000000000001
9,1,1.0,1,0.3819999999999999
9,0,-0.3333333333333333,0,0.06
9,0,-1.0,0,1.0
9,1,0.3333333333333333,1,1.0
9,1,1.0,1,1.0
9,0,-0.3333333333333333,1,0.6759999999999999
9,0,-0.6666666666666666,0,0.8620000000000001
9,1,1.0,1,1.0
9,1,0.3333333333333333,0,0.736
9,0,-0.6666666666666666,0,0.776
9,0,-0.3333333333333333,0,0.8
9,0,-1.0,0,1.0
9,1,1.0,0,0.5800000000000001
9,1,0.6666666666666666,0,0.0779999999999998
9,0,-1.0,0,1.0
9,0,-0.6666666666666666,0,0.3519999999999998
9,0,-0.3333333333333333,1,0.6359999999999999
9,1,0.6666666666666666,0,1.0
9,1,0.6666666666666666,1,1.0
9,0,-1.0,0,1.0
9,0,-0.3333333333333333,0,1.0
9,0,-0.3333333333333333,0,1.0
9,1,0.3333333333333333,1,0.3440000000000001
9,0,-0.3333333333333333,0,0.3399999999999998
9,1,0.6666666666666666,0,0.0819999999999998
9,0,-0.3333333333333333,1,0.6599999999999999
9,0,-1.0,1,0.07
9,0,-0.3333333333333333,0,0.52
9,1,0.3333333333333333,0,0.7
9,0,-0.3333333333333333,0,0.81
9,0,-0.3333333333333333,0,0.802
9,0,-0.6666666666666666,0,1.0
9,0,-0.6666666666666666,0,0.1800000000000001
9,0,-0.6666666666666666,0,1.0
9,0,-1.0,0,0.794
9,1,0.3333333333333333,1,0.942
9,0,-0.3333333333333333,0,1.0
9,1,0.3333333333333333,1,0.52
9,0,-1.0,0,1.0
9,1,0.3333333333333333,1,1.0
9,0,-0.3333333333333333,0,0.522
9,1,0.3333333333333333,1,0.316
9,1,0.3333333333333333,1,0.044
9,0,-0.3333333333333333,0,0.3719999999999999
9,1,1.0,1,1.0
9,0,-0.3333333333333333,0,0.8319999999999999
9,1,0.3333333333333333,1,0.758
9,0,-0.6666666666666666,0,0.6480000000000001
9,0,-1.0,0,1.0
9,0,-0.6666666666666666,0,0.712
9,0,-0.3333333333333333,1,0.6739999999999999
9,0,-0.6666666666666666,0,1.0
9,1,1.0,1,1.0
9,0,-0.3333333333333333,0,0.6839999999999999
9,1,1.0,1,0.8160000000000001
9,1,0.3333333333333333,0,0.53
9,1,0.6666666666666666,1,1.0
9,0,-0.6666666666666666,0,1.0
9,0,-0.6666666666666666,0,1.0
9,0,-0.6666666666666666,0,0.4319999999999999
9,0,-0.3333333333333333,0,0.4479999999999999
9,0,-1.0,0,0.482
9,1,1.0,1,0.752
9,1,1.0,0,0.6719999999999999
9,1,0.3333333333333333,1,1.0
9,0,-0.6666666666666666,0,0.04
9,0,-0.3333333333333333,0,0.496
9,1,0.3333333333333333,1,0.998
9,1,0.3333333333333333,0,0.3439999999999998
9,0,-0.6666666666666666,0,0.73
9,1,1.0,1,1.0
9,1,0.6666666666666666,1,0.3380000000000001
9,0,-0.3333333333333333,1,0.326
9,0,-0.6666666666666666,0,0.3639999999999999
9,0,-0.6666666666666666,0,1.0
9,1,0.3333333333333333,1,0.53
9,0,-1.0,0,0.53
9,0,-0.3333333333333333,0,0.08
9,1,0.3333333333333333,1,1.0
9,1,0.3333333333333333,1,0.4599999999999999
9,1,0.3333333333333333,0,0.4319999999999999
9,0,-0.3333333333333333,0,0.4639999999999999
9,0,-0.6666666666666666,0,0.6019999999999999
9,0,-1.0,0,1.0
9,0,-0.3333333333333333,0,0.3439999999999998
9,0,-0.3333333333333333,0,0.1520000000000001
9,0,-0.3333333333333333,0,0.776
9,0,-1.0,0,0.6080000000000001
9,1,0.6666666666666666,1,0.1220000000000001
9,1,0.3333333333333333,1,0.8260000000000001
9,1,1.0,0,0.504
9,1,0.6666666666666666,1,1.0
9,1,0.6666666666666666,0,0.042
9,0,-1.0,0,1.0
9,0,-0.6666666666666666,0,0.762
9,0,-1.0,0,1.0
9,1,1.0,1,0.776
9,0,-0.3333333333333333,0,1.0
9,1,0.6666666666666666,1,1.0
9,1,0.3333333333333333,1,1.0
9,1,0.3333333333333333,1,1.0
9,0,-0.3333333333333333,1,0.514
9,0,-0.3333333333333333,1,0.058
9,0,-0.6666666666666666,0,1.0
9,1,0.6666666666666666,1,1.0
9,0,-1.0,0,0.54
9,0,-0.6666666666666666,1,0.4379999999999999
9,0,-0.3333333333333333,1,1.0
9,1,1.0,1,0.1879999999999999
9,1,0.3333333333333333,1,0.762
9,0,-0.3333333333333333,0,0.1659999999999999
9,0,-0.3333333333333333,0,0.1699999999999999
9,1,0.3333333333333333,1,1.0
9,0,-0.3333333333333333,1,0.6439999999999999
9,0,-0.6666666666666666,1,0.242
9,0,-1.0,0,1.0
9,1,1.0,1,1.0
9,1,1.0,1,1.0
9,1,0.3333333333333333,1,0.4599999999999999
9,1,0.3333333333333333,1,0.692
9,0,-1.0,0,1.0
9,0,-0.3333333333333333,1,0.09
9,1,0.6666666666666666,1,1.0
9,1,1.0,1,1.0
9,1,1.0,1,1.0
9,0,-1.0,0,1.0
9,1,1.0,1,1.0
9,1,0.3333333333333333,1,0.3360000000000001
9,0,-0.3333333333333333,1,0.1359999999999999
9,0,-0.3333333333333333,1,0.062
9,1,0.6666666666666666,1,0.51
9,0,-1.0,0,0.3380000000000001
9,1,1.0,1,1.0
9,0,-0.6666666666666666,1,0.102
9,0,-0.6666666666666666,1,0.2099999999999999
9,0,-1.0,0,1.0
9,1,1.0,1,1.0
9,1,0.6666666666666666,1,1.0
9,0,-0.3333333333333333,1,0.6259999999999999
9,0,-0.6666666666666666,0,1.0
9,0,-0.6666666666666666,0,1.0
9,0,-1.0,0,1.0
9,1,1.0,1,0.246
9,1,1.0,1,1.0
9,0,-0.6666666666666666,1,0.6319999999999999
9,0,-0.3333333333333333,0,0.3799999999999999
9,0,-1.0,1,1.0
9,1,0.3333333333333333,1,1.0
9,1,0.3333333333333333,1,0.49
9,0,-0.6666666666666666,0,0.556
9,0,-1.0,0,0.698
9,0,-0.6666666666666666,0,0.064
9,0,-1.0,0,1.0
9,0,-1.0,0,0.9220000000000002
9,0,-0.6666666666666666,0,1.0
9,0,-0.3333333333333333,1,1.0
9,1,1.0,0,0.1120000000000001
9,1,0.3333333333333333,0,0.4459999999999999
9,0,-0.6666666666666666,0,1.0
9,0,-0.6666666666666666,1,0.556
9,1,0.6666666666666666,1,0.6539999999999999
9,0,-0.3333333333333333,1,0.514
9,1,1.0,1,1.0
9,0,-1.0,0,1.0
9,0,-0.6666666666666666,0,0.532
9,1,1.0,1,0.268
9,0,-0.6666666666666666,1,1.0
9,1,0.6666666666666666,1,0.716
9,1,1.0,1,1.0
9,0,-0.6666666666666666,0,1.0
9,0,-1.0,0,0.266
9,0,-1.0,1,0.556
9,0,-0.3333333333333333,1,0.1140000000000001
9,0,-1.0,0,1.0
9,0,-0.3333333333333333,0,0.1219999999999998
9,0,-0.3333333333333333,1,0.6160000000000001
9,0,-0.6666666666666666,0,0.4519999999999999
9,0,-0.6666666666666666,0,1.0
9,0,-1.0,0,0.1419999999999999
9,0,-1.0,1,0.244
9,0,-0.3333333333333333,0,0.2039999999999999
9,0,-0.3333333333333333,0,0.6059999999999999
9,0,-0.6666666666666666,0,1.0
9,1,0.6666666666666666,1,0.4679999999999999
9,1,1.0,1,1.0
9,1,0.3333333333333333,1,0.1060000000000001
9,1,0.3333333333333333,1,0.8
9,1,1.0,1,0.6140000000000001
9,0,-0.3333333333333333,0,1.0
9,1,0.6666666666666666,1,1.0
9,0,-1.0,0,1.0
9,0,-0.6666666666666666,1,0.068
9,0,-0.6666666666666666,0,0.1939999999999999
9,0,-0.6666666666666666,0,0.6019999999999999
9,0,-0.6666666666666666,0,0.51
9,1,1.0,1,0.1999999999999999
9,0,-0.6666666666666666,0,0.786
9,1,1.0,1,0.6100000000000001
9,1,0.6666666666666666,1,0.1479999999999999
9,1,1.0,1,0.3919999999999999
9,1,0.3333333333333333,1,1.0
9,0,-1.0,0,1.0
9,0,-0.3333333333333333,0,0.3999999999999999
9,0,-0.3333333333333333,1,0.1459999999999999
9,1,0.6666666666666666,1,0.078
9,0,-1.0,0,0.244
9,0,-0.6666666666666666,0,0.0659999999999998
9,1,0.6666666666666666,1,0.1419999999999999
9,0,-0.3333333333333333,0,0.1099999999999998
9,1,1.0,1,0.248
9,0,-1.0,0,0.8500000000000001
9,1,1.0,1,1.0
9,1,1.0,1,1.0
9,0,-0.6666666666666666,0,1.0
9,0,-0.6666666666666666,0,0.694
9,0,-1.0,0,1.0
9,1,1.0,1,1.0
9,1,0.3333333333333333,1,1.0
9,0,-1.0,0,1.0
9,0,-1.0,0,0.1659999999999999
9,0,-0.3333333333333333,0,0.2019999999999999
9,0,-0.6666666666666666,0,0.4039999999999999
9,1,0.3333333333333333,0,0.472
9,1,1.0,1,0.3320000000000001
9,1,0.3333333333333333,1,0.8580000000000001
9,1,1.0,1,1.0
9,0,-1.0,0,1.0
9,0,-0.3333333333333333,0,1.0
9,0,-1.0,0,1.0
9,0,-1.0,0,1.0
9,1,0.6666666666666666,1,1.0
9,0,-1.0,0,1.0
9,1,0.6666666666666666,1,0.694
9,0,-1.0,0,1.0
9,0,-0.6666666666666666,0,0.512
9,0,-0.3333333333333333,1,0.298
9,1,1.0,1,1.0
9,1,0.6666666666666666,1,0.1339999999999999
9,1,0.6666666666666666,0,0.3879999999999999
9,0,-0.6666666666666666,0,1.0
9,1,1.0,1,1.0
9,1,0.3333333333333333,1,0.2179999999999999
9,1,0.3333333333333333,1,0.072
9,1,0.6666666666666666,1,1.0
9,0,-1.0,0,1.0
9,0,-1.0,0,1.0
9,0,-1.0,0,1.0
9,0,-0.3333333333333333,0,0.8
9,1,0.3333333333333333,1,0.242
9,1,0.3333333333333333,1,1.0
9,1,0.6666666666666666,1,0.554
9,0,-0.6666666666666666,0,1.0
9,0,-0.6666666666666666,0,1.0
9,0,-1.0,0,1.0
9,0,-1.0,0,0.5820000000000001
9,1,1.0,1,0.788
9,0,-0.3333333333333333,0,0.8719999999999999
9,0,-0.6666666666666666,1,0.6479999999999999
9,0,-0.3333333333333333,1,0.272
9,1,1.0,1,0.09
9,1,0.3333333333333333,1,0.1879999999999999
9,1,0.3333333333333333,1,0.3899999999999999
9,0,-0.6666666666666666,0,0.766
9,0,-0.3333333333333333,0,0.276
9,1,1.0,1,1.0
9,1,0.3333333333333333,0,0.774
9,1,1.0,1,1.0
9,0,-1.0,0,1.0
9,0,-1.0,0,0.3439999999999998
9,0,-0.3333333333333333,0,0.6059999999999999
9,1,0.3333333333333333,1,1.0
9,0,-1.0,0,0.262
9,0,-0.3333333333333333,1,0.3380000000000001
9,0,-1.0,0,0.538
9,1,1.0,0,0.1099999999999998
9,1,0.6666666666666666,1,0.3320000000000001
9,0,-0.6666666666666666,0,0.504
9,0,-0.6666666666666666,0,0.6659999999999999
9,0,-1.0,0,0.988
9,0,-1.0,0,1.0
9,0,-0.6666666666666666,0,0.1480000000000001
9,1,0.6666666666666666,1,1.0
9,0,-0.3333333333333333,1,0.066
9,1,0.6666666666666666,1,0.2339999999999999
9,0,-0.3333333333333333,1,0.4099999999999999
9,1,0.3333333333333333,0,0.286
9,1,1.0,0,0.048
9,0,-1.0,0,0.718
9,0,-0.3333333333333333,0,0.4499999999999999
9,0,-0.3333333333333333,1,0.264
9,0,-1.0,0,1.0
9,0,-0.3333333333333333,1,0.494
9,0,-1.0,1,0.274
9,1,0.3333333333333333,1,1.0
9,1,0.6666666666666666,1,0.1499999999999999
9,0,-1.0,0,0.6139999999999999
9,0,-0.6666666666666666,1,0.272
9,0,-0.3333333333333333,0,0.6099999999999999
9,1,0.6666666666666666,1,0.704
9,0,-0.3333333333333333,0,1.0
9,0,-1.0,0,1.0
9,1,0.6666666666666666,1,1.0
9,1,1.0,1,1.0
9,0,-0.6666666666666666,0,1.0
9,0,-0.3333333333333333,0,1.0
9,0,-1.0,0,0.718
9,0,-0.6666666666666666,0,0.8220000000000001
9,0,-1.0,0,1.0
9,1,0.3333333333333333,1,0.3500000000000001
9,1,1.0,1,0.754
9,1,0.3333333333333333,1,0.956
9,1,0.6666666666666666,1,1.0
9,1,0.3333333333333333,0,0.2039999999999999
9,1,0.6666666666666666,1,0.5820000000000001
9,0,-1.0,0,1.0
9,1,1.0,0,0.054
9,1,1.0,1,0.94
9,1,1.0,1,1.0
9,1,1.0,1,1.0
9,0,-0.3333333333333333,1,0.312
9,0,-1.0,0,0.1720000000000001
9,0,-1.0,0,1.0
9,0,-0.6666666666666666,0,0.792
9,0,-1.0,0,1.0
9,0,-0.6666666666666666,0,1.0
9,1,0.6666666666666666,1,0.304
9,1,0.6666666666666666,1,0.8
9,0,-0.3333333333333333,0,1.0
9,0,-0.3333333333333333,0,0.476
9,1,0.6666666666666666,0,0.81
9,1,1.0,0,1.0
9,1,0.6666666666666666,1,0.546
9,1,0.3333333333333333,0,0.264
9,1,0.6666666666666666,1,0.302
9,1,1.0,1,1.0
9,1,0.6666666666666666,1,0.3380000000000001
9,0,-1.0,0,1.0
9,0,-0.3333333333333333,1,0.806
9,1,0.6666666666666666,1,1.0
9,0,-0.6666666666666666,0,0.52
9,0,-0.6666666666666666,0,0.4220000000000001
9,0,-0.3333333333333333,1,0.096
9,0,-0.6666666666666666,0,0.278
9,1,1.0,0,0.296
9,1,1.0,0,0.4100000000000001
9,1,0.6666666666666666,1,0.3939999999999999
9,0,-1.0,0,1.0
9,1,1.0,1,1.0
9,1,1.0,1,1.0
9,1,1.0,1,0.1919999999999999
9,1,0.6666666666666666,1,0.3560000000000001
9,1,0.3333333333333333,1,0.808
9,0,-0.6666666666666666,1,0.1719999999999999
9,1,1.0,1,0.906
9,1,0.6666666666666666,1,0.1080000000000001
9,0,-0.3333333333333333,0,0.1659999999999999
9,0,-1.0,0,1.0
9,1,0.3333333333333333,1,0.1779999999999999
9,1,0.6666666666666666,1,0.692
9,1,0.3333333333333333,1,1.0
9,1,0.6666666666666666,1,0.1240000000000001
9,0,-1.0,0,0.3679999999999999
9,0,-1.0,0,0.1720000000000001
9,1,0.3333333333333333,0,0.784
9,1,0.6666666666666666,1,0.016
9,0,-1.0,1,0.092
9,0,-0.3333333333333333,1,0.264
9,1,0.6666666666666666,1,0.068
9,0,-1.0,0,0.3900000000000001
9,0,-0.3333333333333333,0,0.1160000000000001
9,0,-0.3333333333333333,1,0.56
9,0,-0.6666666666666666,0,0.6339999999999999
9,1,0.3333333333333333,1,1.0
9,1,1.0,1,1.0
9,0,-0.3333333333333333,1,0.1479999999999999
9,0,-1.0,0,1.0
9,0,-0.3333333333333333,0,1.0
9,1,0.3333333333333333,1,0.046
9,0,-0.3333333333333333,0,0.1320000000000001
9,0,-1.0,0,1.0
9,1,0.6666666666666666,1,1.0
9,0,-1.0,0,0.3420000000000001
9,0,-0.6666666666666666,0,0.4619999999999999
9,1,0.6666666666666666,1,0.8220000000000001
9,0,-1.0,0,0.6059999999999999
9,0,-0.3333333333333333,0,0.092
9,0,-0.6666666666666666,0,0.5880000000000001
9,0,-0.3333333333333333,0,0.776
9,1,0.3333333333333333,0,0.038
9,0,-0.6666666666666666,1,0.4139999999999999
9,1,0.3333333333333333,1,0.054
9,0,-0.3333333333333333,0,1.0
9,0,-1.0,0,1.0
9,1,0.6666666666666666,1,0.2019999999999999
9,1,0.3333333333333333,1,0.936
9,1,0.3333333333333333,0,0.696
9,0,-0.3333333333333333,1,0.072
9,0,-0.3333333333333333,0,0.558
9,1,0.3333333333333333,1,0.1080000000000001
9,1,0.6666666666666666,1,0.4379999999999999
9,1,1.0,1,0.8540000000000001
9,0,-0.6666666666666666,1,0.1180000000000001
9,0,-1.0,1,0.3520000000000001
9,0,-0.3333333333333333,0,0.044
9,0,-0.3333333333333333,1,0.09
9,0,-1.0,1,0.044
9,0,-0.3333333333333333,0,0.2219999999999999
9,0,-0.6666666666666666,0,0.6779999999999999
9,1,0.3333333333333333,1,0.752
9,1,1.0,1,0.992
9,1,0.6666666666666666,1,0.1799999999999999
9,0,-0.3333333333333333,1,0.304
9,1,0.3333333333333333,1,0.092
9,1,1.0,1,0.55
9,0,-0.3333333333333333,1,0.3420000000000001
9,0,-1.0,0,1.0
9,1,0.6666666666666666,1,1.0
9,1,0.6666666666666666,1,1.0
9,0,-1.0,0,1.0
9,1,0.3333333333333333,0,0.4020000000000001
9,0,-0.3333333333333333,1,0.1799999999999999
9,0,-0.6666666666666666,1,0.8140000000000001
9,1,1.0,1,1.0
9,0,-0.6666666666666666,0,1.0
9,0,-1.0,0,1.0
9,1,1.0,0,0.2159999999999999
9,1,0.6666666666666666,1,0.4359999999999999
9,1,0.6666666666666666,1,0.712
9,0,-0.3333333333333333,1,0.046
9,1,0.3333333333333333,1,0.282
9,1,1.0,1,1.0
9,0,-0.3333333333333333,0,0.2199999999999999
9,1,0.6666666666666666,1,1.0
9,0,-1.0,0,1.0
9,0,-0.3333333333333333,1,0.812
9,0,-0.3333333333333333,0,0.1400000000000001
9,1,0.6666666666666666,1,1.0
9,0,-0.3333333333333333,0,0.0939999999999998
9,0,-0.3333333333333333,1,0.1999999999999999
9,0,-0.6666666666666666,0,0.6200000000000001
9,0,-0.3333333333333333,1,0.248
9,1,0.6666666666666666,1,0.494
9,1,1.0,1,1.0
9,1,0.3333333333333333,0,0.4079999999999999
9,0,-1.0,0,1.0
9,1,1.0,1,1.0
9,1,0.3333333333333333,1,0.074
9,0,-0.3333333333333333,0,0.554
9,1,1.0,1,1.0
9,1,0.6666666666666666,1,0.3879999999999999
9,1,1.0,1,0.8779999999999999
9,0,-0.6666666666666666,0,0.4559999999999999
9,0,-1.0,0,0.5900000000000001
9,1,0.3333333333333333,1,0.4559999999999999
9,0,-0.6666666666666666,0,0.4279999999999999
9,1,0.6666666666666666,1,0.74
9,0,-1.0,0,0.2079999999999999
9,0,-0.6666666666666666,0,0.3420000000000001
9,0,-0.3333333333333333,0,0.2179999999999999
9,1,1.0,1,0.716
9,1,0.3333333333333333,1,0.3899999999999999
9,0,-0.3333333333333333,1,1.0
9,1,0.6666666666666666,1,1.0
9,1,0.3333333333333333,1,0.092
9,0,-0.3333333333333333,0,0.4079999999999999
9,1,0.3333333333333333,1,0.1359999999999999
9,0,-1.0,0,1.0
9,1,1.0,1,1.0
9,1,0.6666666666666666,0,0.064
9,1,1.0,1,0.734
9,0,-0.6666666666666666,1,0.8460000000000001
9,0,-0.6666666666666666,0,0.1320000000000001
9,1,0.3333333333333333,1,1.0
9,1,0.6666666666666666,1,0.1539999999999999
9,0,-0.6666666666666666,1,0.6040000000000001
9,1,0.3333333333333333,1,0.272
9,1,0.3333333333333333,0,0.3860000000000001
9,1,0.6666666666666666,1,1.0
9,1,0.3333333333333333,1,0.3799999999999999
9,0,-0.3333333333333333,0,0.3940000000000001
9,1,0.6666666666666666,1,0.8400000000000001
9,0,-0.3333333333333333,0,0.1179999999999998
9,0,-0.3333333333333333,0,0.3700000000000001
9,1,0.3333333333333333,1,0.4159999999999999
9,1,0.6666666666666666,1,0.5660000000000001
9,0,-0.3333333333333333,0,0.4260000000000001
9,1,0.6666666666666666,0,0.072
9,0,-0.3333333333333333,1,0.534
9,1,1.0,1,0.802
9,0,-1.0,0,1.0
9,0,-0.6666666666666666,0,0.0699999999999998
9,0,-0.3333333333333333,0,0.1779999999999999
9,0,-1.0,0,0.6520000000000001
9,1,0.3333333333333333,1,0.4479999999999999
9,1,0.6666666666666666,1,1.0
9,1,1.0,1,0.792
9,0,-0.6666666666666666,0,0.3319999999999998
9,1,1.0,1,1.0
9,0,-0.6666666666666666,0,0.6440000000000001
9,1,0.6666666666666666,1,1.0
9,1,0.3333333333333333,1,1.0
9,1,0.3333333333333333,1,0.064
9,0,-0.6666666666666666,0,0.4499999999999999
9,0,-1.0,0,1.0
9,0,-1.0,0,1.0
9,1,1.0,1,1.0
9,1,1.0,1,0.052
9,0,-1.0,0,1.0
9,1,0.6666666666666666,1,0.1559999999999999
9,0,-0.3333333333333333,0,1.0
9,1,0.3333333333333333,1,0.3660000000000001
9,1,1.0,1,0.28
9,0,-0.3333333333333333,0,0.8999999999999999
9,1,0.6666666666666666,1,0.072
9,0,-0.6666666666666666,1,0.4339999999999999
9,1,0.6666666666666666,1,0.2259999999999999
9,0,-1.0,0,1.0
9,0,-1.0,0,1.0
9,0,-1.0,0,1.0
9,1,0.6666666666666666,0,0.26
9,1,1.0,1,1.0
9,0,-1.0,0,0.4459999999999999
9,1,1.0,1,0.918
9,1,0.6666666666666666,0,0.0699999999999998
9,1,1.0,1,0.916
9,0,-0.6666666666666666,1,0.3520000000000001
9,1,1.0,1,0.4459999999999999
9,0,-0.3333333333333333,0,1.0
9,0,-0.3333333333333333,1,0.078
9,1,0.3333333333333333,1,0.6319999999999999
9,0,-0.6666666666666666,1,0.1080000000000001
9,1,0.3333333333333333,1,1.0
9,1,0.3333333333333333,1,1.0
10,0,-0.3333333333333333,0,0.3780000000000001
10,1,0.6666666666666666,1,0.5740000000000001
10,0,-0.3333333333333333,0,0.4039999999999999
10,1,1.0,1,0.8779999999999999
10,0,-1.0,0,0.73
10,1,0.6666666666666666,1,0.026
10,1,1.0,1,0.8700000000000001
10,0,-0.3333333333333333,1,0.4159999999999999
10,1,0.3333333333333333,1,0.296
10,0,-0.6666666666666666,0,0.942
10,0,-1.0,0,0.954
10,0,-0.3333333333333333,0,0.932
10,1,0.3333333333333333,0,0.314
10,1,1.0,1,0.8480000000000001
10,0,-0.6666666666666666,0,0.8580000000000001
10,1,0.3333333333333333,1,0.4519999999999999
10,0,-0.6666666666666666,0,0.502
10,0,-1.0,0,0.502
10,1,0.3333333333333333,0,0.6299999999999999
10,1,0.6666666666666666,1,0.722
10,0,-0.6666666666666666,0,0.5900000000000001
10,1,0.6666666666666666,1,0.6439999999999999
10,0,-0.6666666666666666,0,0.6859999999999999
10,0,-1.0,0,0.946
10,1,1.0,1,0.74
10,1,0.3333333333333333,1,0.6859999999999999
10,0,-0.6666666666666666,0,0.6560000000000001
10,0,-1.0,0,0.786
10,1,1.0,1,0.744
10,1,1.0,1,0.8700000000000001
10,1,1.0,1,0.8460000000000001
10,1,0.3333333333333333,1,0.782
10,0,-0.3333333333333333,1,0.806
10,1,1.0,1,0.8460000000000001
10,0,-1.0,0,0.782
10,1,0.3333333333333333,1,0.754
10,1,0.6666666666666666,0,0.95
10,1,0.6666666666666666,1,0.2219999999999999
10,1,0.3333333333333333,0,0.54
10,0,-1.0,0,0.8620000000000001
10,1,0.3333333333333333,1,0.918
10,1,1.0,1,0.742
10,0,-0.6666666666666666,0,0.244
10,1,0.6666666666666666,1,0.4599999999999999
10,1,0.3333333333333333,1,0.74
10,0,-1.0,0,0.544
10,1,1.0,1,0.806
10,0,-0.3333333333333333,1,0.036
10,1,0.6666666666666666,1,0.704
10,0,-1.0,0,0.908
10,0,-0.3333333333333333,1,0.4059999999999999
10,0,-0.3333333333333333,0,0.77
10,0,-1.0,0,0.812
10,1,0.3333333333333333,0,0.6819999999999999
10,0,-1.0,0,0.974
10,0,-0.3333333333333333,0,0.506
10,1,0.3333333333333333,1,0.6719999999999999
10,1,0.6666666666666666,1,0.488
10,1,0.3333333333333333,1,0.4459999999999999
10,0,-0.3333333333333333,0,0.722
10,0,-0.3333333333333333,1,0.526
10,1,1.0,1,0.696
10,0,-0.6666666666666666,0,0.544
10,0,-0.3333333333333333,0,0.6160000000000001
10,0,-0.3333333333333333,0,0.792
10,0,-1.0,0,0.956
10,0,-1.0,0,0.812
10,0,-1.0,0,0.8200000000000001
10,1,1.0,1,0.8680000000000001
10,0,-1.0,0,0.8639999999999999
10,0,-0.3333333333333333,0,0.912
10,0,-0.3333333333333333,0,0.8780000000000001
10,0,-0.3333333333333333,1,0.506
10,0,-0.3333333333333333,0,1.0
10,0,-0.6666666666666666,1,0.074
10,1,0.6666666666666666,1,0.914
10,1,1.0,1,0.3640000000000001
10,1,0.6666666666666666,0,0.796
10,0,-0.6666666666666666,1,0.3979999999999999
10,0,-0.3333333333333333,1,0.096
10,0,-0.6666666666666666,0,1.0
10,0,-1.0,0,0.49
10,1,0.3333333333333333,0,0.302
10,0,-0.6666666666666666,0,0.4479999999999999
10,1,1.0,1,0.776
10,0,-1.0,1,0.044
10,1,0.3333333333333333,0,0.038
10,0,-1.0,0,0.92
10,0,-1.0,0,0.9260000000000002
10,0,-0.6666666666666666,0,0.01
10,0,-0.6666666666666666,0,0.988
10,0,-0.3333333333333333,0,0.794
10,1,0.3333333333333333,1,0.002
10,1,1.0,1,0.8819999999999999
10,1,0.3333333333333333,0,0.3999999999999999
10,1,0.6666666666666666,1,0.3400000000000001
10,1,0.3333333333333333,1,0.002
10,0,-0.3333333333333333,1,0.1599999999999999
10,0,-0.6666666666666666,0,0.8240000000000001
10,0,-1.0,1,0.4679999999999999
10,1,0.3333333333333333,1,0.536
10,1,1.0,1,0.8320000000000001
10,0,-0.3333333333333333,0,0.496
10,1,0.6666666666666666,1,0.4199999999999999
10,1,1.0,1,0.916
10,1,0.6666666666666666,1,0.8799999999999999
10,0,-1.0,0,0.6520000000000001
10,1,0.3333333333333333,1,0.002
10,1,0.6666666666666666,1,0.308
10,0,-0.6666666666666666,0,0.2099999999999999
10,1,0.3333333333333333,1,0.5740000000000001
10,0,-1.0,0,0.508
10,1,0.6666666666666666,1,0.536
10,1,0.3333333333333333,0,0.732
10,0,-0.3333333333333333,0,0.71
10,0,-0.3333333333333333,0,0.6339999999999999
10,0,-0.6666666666666666,0,0.4220000000000001
10,0,-0.6666666666666666,0,0.5740000000000001
10,1,0.6666666666666666,0,0.3599999999999999
10,0,-0.3333333333333333,0,0.2239999999999999
10,0,-0.6666666666666666,0,0.526
10,0,-0.6666666666666666,0,0.524
10,0,-1.0,0,0.5880000000000001
10,0,-1.0,0,0.766
10,0,-1.0,0,0.75
10,0,-1.0,0,0.77
10,1,0.3333333333333333,0,0.798
10,1,0.6666666666666666,1,0.5800000000000001
10,0,-0.6666666666666666,0,0.724
10,1,1.0,1,0.696
10,0,-1.0,0,0.6379999999999999
10,1,1.0,1,0.728
10,0,-0.6666666666666666,0,0.8160000000000001
10,0,-0.6666666666666666,0,0.724
10,1,1.0,1,0.024
10,1,0.3333333333333333,0,0.282
10,1,0.3333333333333333,0,0.6659999999999999
10,0,-0.6666666666666666,0,0.726
10,1,0.6666666666666666,0,0.724
10,1,0.6666666666666666,0,0.1299999999999999
10,1,0.3333333333333333,0,0.044
10,0,-1.0,0,0.248
10,0,-0.3333333333333333,0,0.2099999999999999
10,0,-1.0,0,0.6320000000000001
10,1,0.6666666666666666,1,0.742
10,1,0.3333333333333333,1,0.728
10,0,-1.0,0,0.8420000000000001
10,0,-0.3333333333333333,1,0.554
10,0,-0.6666666666666666,0,0.964
10,1,1.0,1,1.0
10,0,-1.0,0,0.3980000000000001
10,0,-0.3333333333333333,0,0.796
10,1,1.0,1,0.772
10,0,-0.3333333333333333,1,0.002
10,1,1.0,0,0.258
10,1,0.6666666666666666,1,0.3540000000000001
10,1,0.6666666666666666,1,0.8180000000000001
10,0,-0.3333333333333333,1,0.002
10,0,-0.6666666666666666,0,0.786
10,1,0.6666666666666666,1,0.002
10,0,-1.0,0,0.774
10,1,0.3333333333333333,0,0.062
10,0,-0.3333333333333333,1,0.002
10,0,-1.0,0,0.034
10,1,0.3333333333333333,1,0.1879999999999999
10,0,-0.6666666666666666,0,0.794
10,1,1.0,1,0.6140000000000001
10,1,0.3333333333333333,0,1.0
10,1,0.3333333333333333,0,0.736
10,1,1.0,1,0.538
10,1,1.0,1,0.1160000000000001
10,1,0.6666666666666666,1,0.3360000000000001
10,1,1.0,1,0.246
10,0,-1.0,1,0.002
10,0,-0.3333333333333333,0,0.3479999999999998
10,0,-1.0,1,0.4579999999999999
10,0,-0.6666666666666666,1,0.002
10,1,1.0,1,0.272
10,1,0.3333333333333333,1,0.286
10,1,1.0,1,0.3360000000000001
10,1,1.0,1,0.742
10,0,-1.0,0,0.5740000000000001
10,0,-1.0,0,0.8740000000000001
10,1,0.6666666666666666,0,0.778
10,0,-1.0,0,0.8200000000000001
10,1,1.0,0,0.4319999999999999
10,0,-1.0,0,0.1999999999999999
10,0,-0.3333333333333333,0,0.488
10,0,-1.0,0,0.784
10,0,-0.6666666666666666,0,0.7
10,0,-0.6666666666666666,0,0.692
10,1,0.3333333333333333,0,0.1240000000000001
10,0,-0.3333333333333333,0,0.042
10,0,-0.6666666666666666,0,0.726
10,0,-0.3333333333333333,0,0.6280000000000001
10,0,-0.6666666666666666,0,0.726
10,0,-1.0,0,0.6560000000000001
10,0,-0.3333333333333333,0,0.736
10,1,1.0,1,0.73
10,1,1.0,1,0.49
10,0,-1.0,0,1.0
10,1,0.3333333333333333,1,0.998
10,0,-1.0,0,0.8759999999999999
10,0,-0.6666666666666666,0,0.3860000000000001
10,1,0.3333333333333333,1,0.806
10,1,0.3333333333333333,0,0.3199999999999998
10,0,-0.3333333333333333,0,0.038
10,1,1.0,1,0.8979999999999999
10,1,0.3333333333333333,1,0.002
10,1,1.0,1,0.974
10,1,1.0,1,0.946
10,0,-0.6666666666666666,1,0.074
10,1,0.6666666666666666,1,1.0
10,0,-0.6666666666666666,0,1.0
10,1,0.3333333333333333,1,1.0
10,1,1.0,1,1.0
10,0,-0.3333333333333333,0,1.0
10,0,-0.6666666666666666,0,0.272
10,1,1.0,1,1.0
10,1,0.3333333333333333,1,1.0
10,1,1.0,1,1.0
10,0,-1.0,0,0.528
10,1,1.0,1,1.0
10,1,0.6666666666666666,0,0.4639999999999999
10,1,0.6666666666666666,1,0.6679999999999999
10,0,-0.3333333333333333,0,1.0
10,0,-0.3333333333333333,1,1.0
10,1,1.0,1,0.6100000000000001
10,0,-1.0,0,1.0
10,1,0.3333333333333333,1,1.0
10,1,0.3333333333333333,0,0.1339999999999999
10,0,-0.3333333333333333,1,0.002
10,1,0.6666666666666666,1,0.524
10,1,0.3333333333333333,0,0.6799999999999999
10,1,0.3333333333333333,1,1.0
10,1,1.0,1,1.0
10,1,0.3333333333333333,1,0.4319999999999999
10,1,0.3333333333333333,1,1.0
10,0,-1.0,0,0.476
10,0,-0.6666666666666666,0,0.276
10,0,-0.3333333333333333,0,0.6560000000000001
10,0,-0.3333333333333333,0,0.4379999999999999
10,0,-0.6666666666666666,1,1.0
10,1,0.6666666666666666,0,0.1800000000000001
10,1,0.3333333333333333,1,0.552
10,1,0.6666666666666666,1,0.516
10,1,0.3333333333333333,1,0.6399999999999999
10,0,-0.6666666666666666,0,0.3799999999999999
10,0,-0.3333333333333333,0,0.6299999999999999
10,1,1.0,1,0.8260000000000001
10,1,0.6666666666666666,1,0.502
10,0,-0.6666666666666666,0,0.768
10,0,-0.6666666666666666,0,0.4559999999999999
10,0,-1.0,0,0.5760000000000001
10,0,-0.6666666666666666,1,0.526
10,1,0.3333333333333333,0,0.33
10,1,0.6666666666666666,1,0.4639999999999999
10,1,0.6666666666666666,1,0.3879999999999999
10,0,-0.3333333333333333,0,0.3820000000000001
10,0,-0.3333333333333333,0,0.8660000000000001
10,1,0.6666666666666666,1,0.718
10,0,-1.0,0,0.936
10,0,-0.3333333333333333,0,0.9220000000000002
10,1,0.6666666666666666,0,0.302
10,0,-0.3333333333333333,0,0.3860000000000001
10,0,-0.6666666666666666,1,0.5800000000000001
10,1,0.3333333333333333,1,0.282
10,0,-0.3333333333333333,1,0.1060000000000001
10,0,-1.0,0,0.694
10,0,-0.3333333333333333,1,0.4079999999999999
10,1,0.3333333333333333,1,0.3799999999999999
10,1,0.6666666666666666,1,1.0
10,0,-0.3333333333333333,0,0.1360000000000001
10,1,0.3333333333333333,1,0.6519999999999999
10,0,-1.0,0,0.5880000000000001
10,0,-1.0,0,0.6779999999999999
10,0,-1.0,0,0.4379999999999999
10,1,1.0,1,0.5920000000000001
10,1,0.3333333333333333,0,0.6299999999999999
10,1,0.6666666666666666,0,0.286
10,0,-0.3333333333333333,1,0.6200000000000001
10,0,-0.6666666666666666,1,0.058
10,0,-0.3333333333333333,0,0.1419999999999999
10,1,1.0,1,0.486
10,0,-1.0,0,0.3460000000000001
10,1,0.3333333333333333,1,0.5840000000000001
10,0,-1.0,0,0.536
10,1,0.3333333333333333,1,0.6379999999999999
10,1,0.3333333333333333,1,0.49
10,0,-0.6666666666666666,0,0.6360000000000001
10,1,0.3333333333333333,1,0.558
10,0,-1.0,0,0.558
10,0,-1.0,0,0.5800000000000001
10,1,0.3333333333333333,0,0.506
10,1,1.0,1,0.546
10,1,0.3333333333333333,1,0.308
10,0,-1.0,1,0.4519999999999999
10,1,1.0,1,0.4459999999999999
10,1,1.0,1,0.2019999999999999
10,0,-0.3333333333333333,1,0.058
10,0,-1.0,0,0.5700000000000001
10,1,1.0,1,0.5900000000000001
10,1,1.0,1,0.508
10,0,-0.3333333333333333,1,0.6040000000000001
10,0,-0.6666666666666666,0,0.4399999999999999
10,1,0.3333333333333333,0,0.1419999999999999
10,1,1.0,1,0.4439999999999999
10,0,-1.0,0,0.4379999999999999
10,0,-0.6666666666666666,1,0.4239999999999999
10,0,-1.0,0,0.8780000000000001
10,1,0.6666666666666666,1,0.714
10,1,1.0,1,0.6419999999999999
10,1,1.0,1,0.6519999999999999
10,1,1.0,1,0.8919999999999999
10,1,1.0,1,0.8400000000000001
10,0,-0.3333333333333333,0,0.54
10,1,1.0,1,0.538
10,0,-1.0,0,0.78
10,1,0.6666666666666666,1,0.6040000000000001
10,0,-1.0,0,0.528
10,0,-0.3333333333333333,0,0.3660000000000001
10,0,-0.3333333333333333,0,0.552
10,1,0.6666666666666666,1,0.8979999999999999
10,0,-0.6666666666666666,0,0.308
10,1,0.6666666666666666,1,0.002
10,0,-0.6666666666666666,0,0.506
10,1,1.0,1,0.47
10,0,-1.0,0,0.4199999999999999
10,0,-0.3333333333333333,0,0.6120000000000001
10,1,0.6666666666666666,1,0.776
10,1,0.3333333333333333,1,0.6259999999999999
10,0,-1.0,0,0.8340000000000001
10,0,-1.0,0,0.8959999999999999
10,1,1.0,1,0.3580000000000001
10,1,0.6666666666666666,1,0.474
10,0,-0.6666666666666666,0,0.694
10,1,1.0,0,0.8140000000000001
10,1,0.3333333333333333,1,0.304
10,1,0.6666666666666666,1,0.702
10,1,0.3333333333333333,1,0.036
10,1,0.3333333333333333,1,0.002
10,1,1.0,1,0.6060000000000001
10,0,-0.3333333333333333,0,0.53
10,1,0.3333333333333333,0,0.6560000000000001
10,0,-0.3333333333333333,0,0.6139999999999999
10,0,-1.0,0,0.694
10,0,-0.6666666666666666,0,0.4239999999999999
10,0,-1.0,0,0.544
10,1,1.0,1,0.702
10,1,1.0,1,0.776
10,0,-0.6666666666666666,0,0.696
10,0,-0.3333333333333333,0,0.98
10,0,-0.3333333333333333,0,0.306
10,0,-0.3333333333333333,0,0.554
10,0,-1.0,0,0.8879999999999999
10,1,0.3333333333333333,1,0.3999999999999999
10,0,-0.3333333333333333,0,0.5960000000000001
10,0,-0.3333333333333333,0,0.5760000000000001
10,1,0.6666666666666666,1,0.94
10,1,1.0,1,0.3779999999999999
10,1,0.6666666666666666,1,1.0
10,0,-1.0,0,1.0
10,1,0.3333333333333333,1,1.0
10,1,0.3333333333333333,1,0.484
10,0,-1.0,1,0.4359999999999999
10,0,-1.0,0,0.472
10,0,-1.0,0,1.0
10,1,1.0,1,0.8919999999999999
10,0,-0.3333333333333333,1,0.014
10,0,-1.0,0,0.512
10,1,0.3333333333333333,0,0.1939999999999999
10,1,1.0,1,0.8600000000000001
10,0,-0.3333333333333333,0,0.038
10,0,-0.6666666666666666,0,0.052
10,1,1.0,1,0.1979999999999999
10,1,0.3333333333333333,0,0.1760000000000001
10,0,-0.3333333333333333,0,0.236
10,0,-1.0,0,1.0
10,1,1.0,0,1.0
10,0,-0.6666666666666666,0,1.0
10,0,-0.6666666666666666,0,1.0
10,1,1.0,1,0.712
10,0,-0.6666666666666666,1,0.6459999999999999
10,1,0.3333333333333333,1,0.478
10,0,-1.0,0,0.8820000000000001
10,0,-0.6666666666666666,0,0.95
10,1,1.0,1,0.954
10,0,-0.3333333333333333,1,0.8480000000000001
10,1,0.3333333333333333,1,0.8740000000000001
10,0,-0.6666666666666666,0,1.0
10,1,1.0,1,1.0
10,1,0.6666666666666666,1,0.5760000000000001
10,0,-1.0,0,0.94
10,1,0.6666666666666666,1,0.514
10,0,-0.6666666666666666,0,0.714
10,1,1.0,1,0.8740000000000001
10,1,0.6666666666666666,1,0.806
10,1,0.3333333333333333,1,0.56
10,1,1.0,1,0.8340000000000001
10,0,-0.6666666666666666,1,0.5680000000000001
10,1,1.0,1,0.8180000000000001
10,1,0.6666666666666666,1,0.964
10,0,-0.6666666666666666,0,0.758
10,0,-0.3333333333333333,1,0.526
10,0,-0.3333333333333333,1,0.482
10,1,0.3333333333333333,1,0.4519999999999999
10,0,-1.0,0,0.958
10,0,-1.0,0,0.8860000000000001
10,1,1.0,1,0.998
10,1,0.3333333333333333,1,1.0
10,0,-1.0,1,1.0
10,1,0.3333333333333333,1,0.73
10,1,0.3333333333333333,1,0.6539999999999999
10,1,0.3333333333333333,1,0.1599999999999999
10,0,-1.0,1,0.33
10,1,0.3333333333333333,1,0.1899999999999999
10,0,-0.3333333333333333,0,0.33
10,1,1.0,1,0.512
10,1,1.0,1,0.72
10,1,0.3333333333333333,1,0.508
10,1,1.0,1,0.6439999999999999
10,0,-0.3333333333333333,0,0.6080000000000001
10,0,-1.0,0,0.8660000000000001
10,0,-0.3333333333333333,0,0.762
10,0,-0.6666666666666666,0,0.916
10,1,1.0,1,0.996
10,1,1.0,1,0.8140000000000001
10,1,0.6666666666666666,1,1.0
10,0,-0.3333333333333333,0,0.732
10,0,-0.3333333333333333,0,0.734
10,0,-0.6666666666666666,0,0.688
10,0,-0.3333333333333333,1,0.06
10,1,0.6666666666666666,1,0.1539999999999999
10,1,1.0,1,0.6419999999999999
10,1,0.3333333333333333,1,0.32
10,0,-0.3333333333333333,1,0.068
10,0,-0.3333333333333333,0,0.0899999999999998
10,1,1.0,1,0.804
10,0,-1.0,0,0.6799999999999999
10,0,-0.6666666666666666,0,0.51
10,0,-0.3333333333333333,1,0.056
10,0,-0.6666666666666666,0,0.046
10,0,-1.0,0,0.972
10,0,-0.6666666666666666,0,0.072
10,0,-1.0,0,1.0
10,0,-0.6666666666666666,0,1.0
10,0,-0.6666666666666666,0,1.0
10,0,-0.3333333333333333,0,1.0
10,1,0.3333333333333333,0,0.268
10,1,0.6666666666666666,1,0.5920000000000001
10,1,0.6666666666666666,1,0.1299999999999999
10,0,-0.3333333333333333,0,0.2279999999999999
10,1,0.6666666666666666,1,0.478
10,0,-1.0,0,0.734
10,0,-0.3333333333333333,0,0.6839999999999999
10,1,0.6666666666666666,1,0.556
10,1,1.0,1,0.6339999999999999
10,1,0.6666666666666666,1,0.6699999999999999
10,0,-0.6666666666666666,0,0.71
10,0,-1.0,0,0.946
10,0,-1.0,0,1.0
10,1,0.3333333333333333,1,1.0
10,1,0.6666666666666666,1,1.0
10,1,0.3333333333333333,0,0.6280000000000001
10,0,-0.6666666666666666,1,0.4239999999999999
10,1,0.3333333333333333,0,0.33
10,1,0.6666666666666666,1,0.002
10,0,-0.6666666666666666,0,0.996
10,0,-0.6666666666666666,1,0.002
10,1,0.3333333333333333,1,0.002
10,0,-0.6666666666666666,0,0.272
10,0,-1.0,0,0.756
10,1,0.3333333333333333,1,0.3680000000000001
10,0,-0.6666666666666666,0,0.946
10,0,-0.3333333333333333,1,0.002
10,0,-0.6666666666666666,1,0.002
10,1,0.3333333333333333,1,0.002
10,1,0.3333333333333333,1,0.4479999999999999
10,0,-0.3333333333333333,0,0.48
10,0,-0.3333333333333333,0,0.4239999999999999
10,0,-0.6666666666666666,0,0.974
10,1,1.0,1,1.0
10,0,-0.3333333333333333,1,1.0
10,0,-0.6666666666666666,0,0.3700000000000001
10,0,-0.3333333333333333,0,0.3900000000000001
10,1,0.3333333333333333,1,0.236
10,1,0.3333333333333333,1,0.2239999999999999
10,0,-1.0,0,0.93
10,1,0.3333333333333333,0,0.2139999999999999
10,1,0.3333333333333333,1,0.1359999999999999
10,0,-1.0,1,0.1100000000000001
10,0,-1.0,0,0.2299999999999999
10,1,0.6666666666666666,1,0.1939999999999999
10,0,-0.6666666666666666,0,0.8260000000000001
10,1,0.6666666666666666,1,0.088
10,1,1.0,1,0.2119999999999999
10,0,-0.6666666666666666,0,1.0
10,1,0.3333333333333333,1,0.022
10,1,1.0,0,0.5800000000000001
10,1,0.3333333333333333,1,0.314
10,1,1.0,1,0.4239999999999999
10,1,0.6666666666666666,1,0.72
10,0,-0.6666666666666666,0,0.4100000000000001
10,0,-0.6666666666666666,1,0.3779999999999999
10,0,-1.0,0,0.266
10,0,-0.3333333333333333,0,0.504
10,0,-0.6666666666666666,0,0.4539999999999999
10,0,-1.0,0,0.734
10,0,-0.6666666666666666,0,0.26
10,1,0.6666666666666666,1,0.73
10,1,0.3333333333333333,1,0.938
10,0,-0.3333333333333333,0,0.3999999999999999
10,1,1.0,1,0.4239999999999999
10,1,0.3333333333333333,1,0.6040000000000001
10,0,-0.3333333333333333,1,0.5760000000000001
10,1,1.0,1,0.698
10,1,0.6666666666666666,1,0.6699999999999999
10,1,0.3333333333333333,1,1.0
10,1,0.3333333333333333,1,1.0
10,1,0.3333333333333333,1,0.4679999999999999
10,1,0.6666666666666666,1,0.1100000000000001
10,1,1.0,1,0.694
10,1,1.0,1,0.3720000000000001
10,1,1.0,1,0.726
10,1,1.0,1,0.6659999999999999
10,0,-1.0,0,0.55
10,1,0.6666666666666666,1,0.5720000000000001
10,0,-0.6666666666666666,0,0.6379999999999999
10,1,0.6666666666666666,1,1.0
10,1,0.6666666666666666,1,1.0
10,1,0.6666666666666666,1,1.0
10,1,0.6666666666666666,1,1.0
10,0,-0.3333333333333333,0,0.246
10,1,1.0,1,0.002
10,0,-0.3333333333333333,1,0.048
10,1,1.0,1,0.6279999999999999
10,0,-0.3333333333333333,0,0.2099999999999999
10,1,0.6666666666666666,1,0.726
10,0,-0.6666666666666666,1,0.1979999999999999
10,1,1.0,1,0.3360000000000001
10,0,-0.3333333333333333,1,0.1080000000000001
10,1,0.6666666666666666,1,0.306
10,0,-0.3333333333333333,1,0.5640000000000001
10,0,-0.3333333333333333,0,1.0
10,1,1.0,1,0.4039999999999999
10,1,0.3333333333333333,1,0.3740000000000001
10,1,0.3333333333333333,1,0.6639999999999999
10,1,0.6666666666666666,1,0.086
10,0,-0.3333333333333333,0,0.54
10,0,-0.3333333333333333,1,0.002
10,0,-0.6666666666666666,1,0.1599999999999999
10,0,-0.6666666666666666,1,0.1200000000000001
10,0,-1.0,0,0.74
10,1,0.3333333333333333,0,0.9220000000000002
10,1,0.3333333333333333,1,0.32
10,0,-0.3333333333333333,0,0.806
10,0,-0.3333333333333333,0,0.2139999999999999
10,0,-0.6666666666666666,0,0.74
10,0,-1.0,1,0.4579999999999999
10,1,0.6666666666666666,1,0.5760000000000001
10,1,0.3333333333333333,1,0.6240000000000001
10,1,0.3333333333333333,0,0.24
10,0,-0.6666666666666666,0,0.928
10,1,1.0,0,0.812
10,1,0.3333333333333333,1,0.326
10,0,-0.3333333333333333,0,0.6000000000000001
10,0,-0.3333333333333333,0,0.3940000000000001
10,0,-1.0,0,1.0
10,1,0.3333333333333333,0,1.0
10,0,-0.6666666666666666,0,0.1080000000000001
10,1,0.6666666666666666,1,0.534
10,1,0.3333333333333333,1,0.002
10,1,0.6666666666666666,1,0.1959999999999999
10,0,-0.6666666666666666,0,0.298
10,1,0.6666666666666666,0,0.3460000000000001
10,1,0.6666666666666666,1,0.266
10,0,-1.0,0,1.0
10,0,-0.3333333333333333,0,0.928
10,0,-0.6666666666666666,0,0.706
10,0,-1.0,1,0.002
10,1,0.6666666666666666,1,0.792
10,1,1.0,1,1.0
10,1,0.6666666666666666,1,0.5820000000000001
10,1,0.6666666666666666,1,0.758
10,0,-0.3333333333333333,0,0.51
10,0,-0.6666666666666666,1,0.3759999999999999
10,1,0.3333333333333333,1,0.3919999999999999
10,1,0.3333333333333333,0,0.3500000000000001
10,1,0.3333333333333333,1,0.75
10,1,0.3333333333333333,1,0.526
10,0,-0.6666666666666666,0,0.5840000000000001
10,1,0.6666666666666666,1,0.498
10,1,1.0,1,0.726
10,1,0.3333333333333333,1,0.72
10,1,1.0,1,0.91
10,1,1.0,1,0.8680000000000001
10,0,-0.3333333333333333,0,0.6719999999999999
10,1,0.6666666666666666,1,1.0
10,1,0.3333333333333333,0,1.0
10,1,1.0,1,1.0
10,1,1.0,1,0.2099999999999999
10,0,-0.3333333333333333,0,0.2159999999999999
10,0,-0.6666666666666666,1,0.328
10,1,0.6666666666666666,0,0.024
10,1,0.6666666666666666,1,0.008
10,0,-0.6666666666666666,0,0.504
10,0,-0.6666666666666666,0,0.5900000000000001
10,1,1.0,1,0.242
10,0,-0.6666666666666666,0,0.294
10,0,-0.6666666666666666,0,0.476
10,1,0.3333333333333333,0,0.4180000000000001
10,1,0.6666666666666666,1,0.1679999999999999
10,0,-0.6666666666666666,0,0.2239999999999999
10,1,0.6666666666666666,1,0.486
10,0,-0.6666666666666666,0,0.8439999999999999
10,0,-0.3333333333333333,0,0.05
10,0,-0.6666666666666666,0,0.1400000000000001
10,0,-0.3333333333333333,0,0.1160000000000001
10,0,-0.3333333333333333,0,0.712
10,1,0.3333333333333333,1,0.6779999999999999
10,1,0.6666666666666666,1,0.3360000000000001
10,0,-0.3333333333333333,0,0.476
10,0,-0.6666666666666666,0,0.73
10,1,1.0,1,0.4219999999999999
10,0,-0.3333333333333333,0,0.5800000000000001
10,0,-0.3333333333333333,1,0.4379999999999999
10,1,1.0,1,0.002
10,1,0.6666666666666666,1,0.1479999999999999
10,0,-0.3333333333333333,0,0.1699999999999999
10,1,0.3333333333333333,1,0.1279999999999999
10,1,0.3333333333333333,1,0.1499999999999999
10,1,0.3333333333333333,1,0.1719999999999999
10,1,0.6666666666666666,0,0.1959999999999999
10,0,-1.0,1,0.794
10,0,-0.6666666666666666,0,1.0
10,1,0.3333333333333333,0,1.0
10,1,0.3333333333333333,0,1.0
10,0,-0.6666666666666666,0,0.8220000000000001
10,0,-0.3333333333333333,0,1.0
10,0,-1.0,1,0.002
10,1,0.3333333333333333,0,1.0
10,0,-0.3333333333333333,1,0.296
10,1,0.3333333333333333,1,0.6060000000000001
10,0,-1.0,0,1.0
10,1,0.6666666666666666,1,1.0
10,1,0.6666666666666666,0,1.0
10,0,-0.6666666666666666,1,0.002
10,1,0.3333333333333333,1,0.002
10,0,-0.3333333333333333,0,0.478
10,1,0.3333333333333333,0,0.03
10,0,-0.6666666666666666,0,0.508
10,1,0.6666666666666666,1,0.736
10,0,-0.3333333333333333,0,0.472
10,1,0.6666666666666666,0,0.28
10,1,1.0,1,0.912
10,1,0.3333333333333333,1,0.994
10,0,-0.6666666666666666,0,0.756
10,1,0.3333333333333333,0,0.6259999999999999
10,1,0.3333333333333333,1,0.8480000000000001
10,1,1.0,1,0.952
10,1,0.6666666666666666,1,0.702
10,0,-0.3333333333333333,0,0.272
10,0,-0.3333333333333333,0,0.4459999999999999
10,1,1.0,1,0.806
10,1,0.6666666666666666,0,0.0699999999999998
10,0,-0.3333333333333333,0,0.758
10,0,-0.6666666666666666,0,1.0
10,1,1.0,1,1.0
10,0,-0.6666666666666666,0,0.25
10,0,-0.6666666666666666,1,0.4659999999999999
10,1,0.3333333333333333,1,0.532
10,1,0.6666666666666666,1,0.532
10,1,0.6666666666666666,1,0.282
10,1,0.6666666666666666,1,0.6120000000000001
10,1,0.3333333333333333,1,0.6639999999999999
10,0,-0.6666666666666666,0,0.478
10,1,0.6666666666666666,1,1.0
10,1,0.6666666666666666,1,1.0
10,0,-1.0,0,0.94
10,0,-1.0,0,0.772
10,0,-0.6666666666666666,0,0.3359999999999998
10,0,-0.6666666666666666,0,0.096
10,0,-0.6666666666666666,0,1.0
10,1,0.3333333333333333,1,0.2199999999999999
10,0,-1.0,0,0.5860000000000001
10,0,-1.0,0,0.946
10,1,0.6666666666666666,1,0.8819999999999999
10,0,-0.6666666666666666,1,0.286
10,0,-1.0,0,0.95
10,0,-1.0,0,0.6480000000000001
10,1,1.0,1,1.0
10,0,-1.0,0,1.0
10,1,0.6666666666666666,0,0.0859999999999998
10,0,-0.3333333333333333,0,0.2019999999999999
10,0,-0.6666666666666666,0,1.0
10,1,0.3333333333333333,0,1.0
10,1,1.0,1,1.0
10,1,0.6666666666666666,1,1.0
10,1,0.3333333333333333,0,0.246
10,1,1.0,1,0.8839999999999999
10,1,1.0,1,1.0
10,1,1.0,1,1.0
10,0,-0.6666666666666666,0,0.2199999999999999
10,0,-0.3333333333333333,0,0.8220000000000001
10,0,-0.6666666666666666,0,0.25
10,1,1.0,1,0.702
10,1,0.3333333333333333,1,0.238
10,1,1.0,1,0.2159999999999999
10,0,-1.0,0,0.6440000000000001
10,0,-0.3333333333333333,1,0.3380000000000001
10,0,-0.3333333333333333,0,0.312
10,1,0.3333333333333333,0,0.326
10,1,0.3333333333333333,1,0.3740000000000001
10,0,-1.0,0,0.6779999999999999
10,0,-1.0,0,1.0
10,0,-0.6666666666666666,0,1.0
10,0,-0.6666666666666666,0,1.0
10,0,-0.6666666666666666,0,1.0
10,1,1.0,1,1.0
10,0,-0.3333333333333333,0,1.0
10,1,1.0,1,1.0
10,1,0.6666666666666666,1,1.0
10,1,0.3333333333333333,1,0.1240000000000001
10,1,1.0,1,0.2319999999999999
10,1,1.0,1,1.0
10,1,0.6666666666666666,0,0.516
10,0,-0.3333333333333333,0,0.93
10,0,-0.6666666666666666,0,0.732
10,1,1.0,1,0.532
10,0,-0.6666666666666666,0,0.762
10,1,0.3333333333333333,1,0.808
10,1,1.0,1,0.6579999999999999
10,1,0.6666666666666666,1,0.506
10,0,-0.6666666666666666,1,0.292
10,1,1.0,1,0.548
10,0,-1.0,0,0.2239999999999999
10,0,-1.0,0,0.728
10,1,1.0,1,0.924
10,0,-0.3333333333333333,0,0.958
10,1,1.0,1,0.918
10,1,1.0,1,0.8160000000000001
10,0,-1.0,1,0.6259999999999999
10,0,-1.0,0,1.0
10,0,-1.0,0,1.0
10,0,-0.3333333333333333,1,0.006
10,1,1.0,1,0.5
10,1,0.3333333333333333,1,0.8640000000000001
10,1,1.0,1,0.8480000000000001
10,0,-1.0,0,0.266
10,1,1.0,1,0.726
10,0,-0.6666666666666666,0,0.4199999999999999
10,0,-0.6666666666666666,0,0.77
10,1,0.6666666666666666,1,0.6759999999999999
10,1,0.6666666666666666,1,0.4159999999999999
10,1,0.3333333333333333,1,0.48
10,1,0.6666666666666666,1,0.8400000000000001
10,1,1.0,1,0.768
10,1,0.3333333333333333,1,0.728
10,1,0.6666666666666666,1,0.07
10,1,0.6666666666666666,1,0.1140000000000001
10,1,0.6666666666666666,1,0.3919999999999999
10,0,-1.0,1,0.1819999999999999
10,1,1.0,1,0.266
10,1,0.3333333333333333,0,0.3
10,0,-0.3333333333333333,1,0.3540000000000001
10,0,-1.0,0,0.6499999999999999
10,0,-0.3333333333333333,1,0.304
10,1,0.3333333333333333,0,0.4439999999999999
10,1,0.3333333333333333,0,0.6819999999999999
10,0,-0.6666666666666666,0,0.758
10,0,-0.3333333333333333,0,0.812
10,0,-1.0,0,0.8780000000000001
10,0,-1.0,0,0.808
10,1,1.0,1,0.514
10,1,0.6666666666666666,1,0.738
10,1,0.6666666666666666,0,0.712
10,1,1.0,1,0.4539999999999999
10,0,-0.6666666666666666,1,0.052
10,1,1.0,1,0.5740000000000001
10,0,-0.3333333333333333,0,0.746
10,0,-0.3333333333333333,1,0.538
10,1,0.6666666666666666,1,0.052
10,1,0.6666666666666666,1,0.5940000000000001
10,0,-1.0,0,0.4619999999999999
10,1,0.3333333333333333,1,0.52
10,1,1.0,1,0.722
10,1,0.6666666666666666,1,0.6040000000000001
10,1,1.0,1,0.5980000000000001
10,1,0.6666666666666666,1,0.5740000000000001
10,1,0.6666666666666666,1,0.6140000000000001
10,0,-0.3333333333333333,1,0.3939999999999999
10,0,-1.0,0,0.1259999999999999
10,1,0.6666666666666666,0,0.1
10,0,-0.6666666666666666,1,0.096
10,1,0.3333333333333333,1,0.6180000000000001
10,0,-0.3333333333333333,0,0.6360000000000001
10,1,0.3333333333333333,1,0.002
10,1,1.0,1,0.548
10,0,-0.3333333333333333,1,0.002
10,0,-0.6666666666666666,0,0.31
11,0,-0.3333333333333333,0,0.1800000000000001
11,1,1.0,0,0.004
11,0,-1.0,0,0.996
11,0,-0.3333333333333333,0,1.0
11,1,0.6666666666666666,1,1.0
11,0,-0.3333333333333333,0,0.998
11,1,1.0,0,0.1879999999999999
11,0,-0.3333333333333333,1,0.016
11,0,-1.0,0,0.994
11,0,-1.0,0,1.0
11,0,-0.3333333333333333,0,1.0
11,0,-0.6666666666666666,0,1.0
11,0,-0.3333333333333333,0,1.0
11,0,-0.3333333333333333,0,1.0
11,1,0.3333333333333333,0,0.982
11,0,-0.3333333333333333,0,0.988
11,1,0.6666666666666666,0,0.4039999999999999
11,1,1.0,0,0.954
11,0,-1.0,0,1.0
11,0,-0.6666666666666666,0,1.0
11,1,0.3333333333333333,0,0.8
11,0,-0.6666666666666666,0,1.0
11,0,-0.3333333333333333,0,0.994
11,1,0.6666666666666666,0,1.0
11,0,-1.0,0,0.992
11,0,-1.0,0,0.4119999999999999
11,1,0.6666666666666666,0,0.776
11,1,0.6666666666666666,0,0.6099999999999999
11,0,-0.6666666666666666,0,0.254
11,1,1.0,0,0.3399999999999998
11,0,-0.3333333333333333,0,0.4419999999999999
11,1,1.0,1,0.998
11,1,0.3333333333333333,1,0.1759999999999999
11,1,0.3333333333333333,1,0.326
11,1,0.6666666666666666,1,0.004
11,1,1.0,0,0.012
11,0,-0.6666666666666666,0,1.0
11,1,0.3333333333333333,0,0.038
11,1,0.3333333333333333,0,0.994
11,1,0.3333333333333333,0,0.1919999999999999
11,0,-0.3333333333333333,0,1.0
11,0,-1.0,0,0.998
11,0,-1.0,0,0.992
11,0,-0.6666666666666666,0,0.986
11,0,-0.3333333333333333,0,1.0
11,1,0.3333333333333333,0,0.058
11,0,-0.3333333333333333,0,1.0
11,0,-1.0,0,1.0
11,1,0.6666666666666666,1,0.4679999999999999
11,0,-0.6666666666666666,0,0.992
11,0,-1.0,0,1.0
11,0,-0.3333333333333333,0,0.992
11,0,-0.6666666666666666,1,1.0
11,0,-0.3333333333333333,0,1.0
11,0,-0.3333333333333333,0,0.972
11,1,1.0,0,0.1819999999999999
11,1,0.6666666666666666,0,0.988
11,0,-0.6666666666666666,0,0.996
11,1,1.0,0,0.0939999999999998
11,1,0.6666666666666666,0,0.1019999999999998
11,0,-0.6666666666666666,0,1.0
11,1,1.0,1,1.0
11,0,-0.6666666666666666,0,0.806
11,0,-1.0,0,0.99
11,1,1.0,1,1.0
11,0,-0.6666666666666666,0,0.1120000000000001
11,1,0.3333333333333333,0,0.538
11,1,0.6666666666666666,1,0.6519999999999999
11,1,1.0,0,0.708
11,1,0.3333333333333333,0,0.0939999999999998
11,1,0.6666666666666666,0,0.056
11,0,-0.3333333333333333,0,1.0
11,0,-0.6666666666666666,0,0.986
11,0,-0.6666666666666666,0,1.0
11,1,1.0,1,0.98
11,0,-0.3333333333333333,0,1.0
11,0,-0.6666666666666666,0,1.0
11,0,-0.6666666666666666,0,0.1899999999999999
11,1,1.0,1,1.0
11,0,-0.3333333333333333,0,1.0
11,1,0.6666666666666666,1,0.022
11,0,-0.3333333333333333,0,0.986
11,1,1.0,1,0.5840000000000001
11,0,-1.0,1,0.088
11,0,-0.6666666666666666,0,1.0
11,0,-0.3333333333333333,0,1.0
11,0,-0.6666666666666666,0,0.1539999999999999
11,0,-0.3333333333333333,0,0.962
11,0,-1.0,0,1.0
11,0,-0.6666666666666666,1,0.004
11,0,-0.6666666666666666,0,0.284
11,0,-0.3333333333333333,0,0.99
11,0,-0.6666666666666666,1,0.2099999999999999
11,1,0.3333333333333333,1,0.006
11,0,-0.3333333333333333,0,1.0
11,0,-0.6666666666666666,0,0.012
11,1,0.3333333333333333,0,0.1899999999999999
11,0,-0.6666666666666666,0,1.0
11,0,-0.3333333333333333,0,0.8479999999999999
11,0,-1.0,0,1.0
11,1,0.6666666666666666,0,0.014
11,0,-0.6666666666666666,0,1.0
11,0,-1.0,0,0.992
11,1,0.6666666666666666,1,1.0
11,0,-0.3333333333333333,0,1.0
11,0,-1.0,0,0.976
11,1,1.0,0,0.3239999999999998
11,0,-1.0,0,1.0
11,1,0.3333333333333333,1,0.002
11,0,-0.6666666666666666,0,0.992
11,1,1.0,0,1.0
11,1,0.3333333333333333,0,0.2119999999999999
11,1,0.6666666666666666,1,0.016
11,1,1.0,1,1.0
11,1,0.6666666666666666,1,0.992
11,1,0.6666666666666666,1,1.0
11,1,0.6666666666666666,0,1.0
11,1,0.6666666666666666,0,0.236
11,0,-0.3333333333333333,0,0.3839999999999999
11,1,0.6666666666666666,1,1.0
11,1,1.0,1,1.0
11,0,-0.3333333333333333,0,0.3420000000000001
11,1,1.0,1,1.0
11,0,-0.3333333333333333,0,0.986
11,0,-0.6666666666666666,1,0.01
11,0,-0.3333333333333333,0,0.994
11,1,0.3333333333333333,0,0.5680000000000001
11,0,-0.3333333333333333,0,0.1840000000000001
11,0,-0.6666666666666666,0,0.018
11,1,0.6666666666666666,1,1.0
11,1,0.6666666666666666,0,0.01
11,1,0.6666666666666666,0,0.008
11,1,0.6666666666666666,1,0.26
11,0,-0.3333333333333333,1,0.1459999999999999
11,0,-0.6666666666666666,1,1.0
11,1,1.0,0,0.2139999999999999
11,0,-1.0,0,0.98
11,1,0.3333333333333333,0,0.994
11,1,0.6666666666666666,0,0.998
11,1,0.6666666666666666,1,0.1739999999999999
11,1,0.6666666666666666,1,0.2299999999999999
11,0,-0.3333333333333333,0,0.012
11,1,0.6666666666666666,1,0.02
11,0,-0.3333333333333333,1,1.0
11,0,-1.0,0,0.2119999999999999
11,1,0.3333333333333333,1,0.3740000000000001
11,1,0.6666666666666666,0,0.014
11,0,-0.3333333333333333,0,0.004
11,1,0.3333333333333333,0,0.3340000000000001
11,1,1.0,1,0.964
11,0,-0.3333333333333333,0,0.016
11,1,0.6666666666666666,0,0.99
11,1,0.3333333333333333,1,0.014
11,0,-0.6666666666666666,0,0.3580000000000001
11,1,1.0,1,1.0
11,0,-0.3333333333333333,1,0.004
11,0,-0.6666666666666666,0,0.992
11,1,0.3333333333333333,1,1.0
11,1,0.6666666666666666,0,0.982
11,1,1.0,0,1.0
11,0,-0.3333333333333333,1,1.0
11,0,-0.6666666666666666,0,1.0
11,1,0.3333333333333333,0,0.976
11,0,-0.6666666666666666,0,1.0
11,0,-0.3333333333333333,0,0.8940000000000001
11,0,-1.0,0,0.996
11,1,1.0,1,1.0
11,1,1.0,1,0.238
11,1,0.6666666666666666,1,0.3839999999999999
11,1,0.3333333333333333,0,0.3380000000000001
11,1,1.0,0,1.0
11,0,-0.6666666666666666,0,1.0
11,0,-0.6666666666666666,0,0.002
11,1,0.3333333333333333,0,0.016
11,0,-0.3333333333333333,0,0.008
11,1,0.6666666666666666,0,0.99
11,0,-0.3333333333333333,0,1.0
11,1,0.6666666666666666,1,0.73
11,0,-0.3333333333333333,0,0.006
11,1,0.6666666666666666,0,0.98
11,1,1.0,1,0.026
11,0,-1.0,1,0.012
11,0,-1.0,0,0.982
11,1,0.6666666666666666,0,0.0
11,0,-0.3333333333333333,0,0.1840000000000001
11,1,1.0,0,0.01
11,1,0.6666666666666666,1,0.2139999999999999
11,0,-1.0,0,0.968
11,0,-0.3333333333333333,0,0.1099999999999998
11,0,-0.6666666666666666,1,0.1399999999999999
11,0,-0.6666666666666666,0,0.0
11,1,0.3333333333333333,0,0.016
11,1,0.3333333333333333,1,0.1359999999999999
11,0,-0.3333333333333333,0,0.1579999999999999
11,1,0.6666666666666666,1,1.0
11,1,0.6666666666666666,0,0.014
11,1,0.3333333333333333,0,0.1539999999999999
11,1,1.0,1,0.2299999999999999
11,0,-1.0,0,1.0
11,1,1.0,1,0.1439999999999999
11,0,-0.6666666666666666,0,1.0
11,0,-0.6666666666666666,0,0.976
11,0,-1.0,0,1.0
11,0,-0.3333333333333333,0,1.0
11,0,-0.3333333333333333,0,1.0
11,1,0.6666666666666666,0,1.0
11,0,-0.3333333333333333,0,1.0
11,1,0.6666666666666666,0,0.5780000000000001
11,0,-0.3333333333333333,1,0.752
11,1,0.6666666666666666,0,1.0
11,1,0.3333333333333333,0,0.2319999999999999
11,1,0.3333333333333333,0,1.0
11,0,-1.0,0,0.946
11,0,-0.3333333333333333,0,0.988
11,0,-0.3333333333333333,0,1.0
11,0,-1.0,0,1.0
11,1,0.6666666666666666,0,1.0
11,1,0.3333333333333333,0,1.0
11,1,0.3333333333333333,0,0.996
11,0,-1.0,0,1.0
11,1,0.6666666666666666,0,0.6339999999999999
11,1,1.0,0,1.0
11,0,-1.0,0,1.0
11,0,-1.0,0,1.0
11,0,-0.6666666666666666,0,1.0
11,0,-0.3333333333333333,0,0.99
11,1,1.0,1,0.002
11,0,-0.3333333333333333,0,1.0
11,0,-0.6666666666666666,0,0.6000000000000001
11,1,0.6666666666666666,1,0.014
11,1,0.3333333333333333,0,0.1919999999999999
11,0,-1.0,0,1.0
11,0,-0.6666666666666666,0,1.0
11,1,0.3333333333333333,0,0.992
11,0,-0.6666666666666666,0,0.4300000000000001
11,0,-0.6666666666666666,0,0.5
11,1,1.0,1,0.084
11,0,-0.3333333333333333,0,0.012
11,0,-0.6666666666666666,0,0.542
11,0,-1.0,0,0.034
11,0,-1.0,0,0.2199999999999999
11,1,0.3333333333333333,0,0.24
11,0,-0.6666666666666666,0,1.0
11,1,1.0,1,1.0
11,1,1.0,1,0.1719999999999999
11,0,-0.3333333333333333,0,1.0
11,0,-0.6666666666666666,1,0.3779999999999999
11,0,-0.3333333333333333,0,0.978
11,0,-0.3333333333333333,0,1.0
11,1,1.0,1,0.282
11,0,-0.3333333333333333,0,0.004
11,1,1.0,1,1.0
11,0,-0.6666666666666666,0,0.018
11,1,0.3333333333333333,0,0.988
11,1,1.0,1,0.034
11,1,0.3333333333333333,1,0.038
11,0,-0.6666666666666666,0,0.062
11,0,-1.0,1,0.008
11,1,0.3333333333333333,1,0.1479999999999999
11,1,1.0,0,0.012
11,1,1.0,1,1.0
11,1,0.6666666666666666,0,1.0
11,1,0.3333333333333333,1,1.0
11,1,0.3333333333333333,1,0.064
11,1,0.6666666666666666,0,0.1760000000000001
11,0,-1.0,0,0.984
11,0,-0.3333333333333333,0,1.0
11,1,0.3333333333333333,0,0.992
11,0,-0.6666666666666666,0,0.984
11,1,0.3333333333333333,0,0.998
11,1,1.0,1,1.0
11,1,0.6666666666666666,0,0.992
11,0,-0.3333333333333333,0,1.0
11,1,0.3333333333333333,0,0.988
11,1,0.6666666666666666,1,0.4079999999999999
11,1,1.0,1,1.0
11,1,1.0,0,1.0
11,1,1.0,0,1.0
11,0,-1.0,0,1.0
11,0,-0.6666666666666666,0,1.0
11,1,0.3333333333333333,0,1.0
11,1,1.0,0,0.8319999999999999
11,1,0.6666666666666666,0,0.296
11,0,-0.6666666666666666,0,0.1139999999999998
11,0,-0.3333333333333333,0,0.974
11,0,-1.0,0,1.0
11,1,0.3333333333333333,0,0.3860000000000001
11,0,-0.3333333333333333,0,1.0
11,0,-0.6666666666666666,0,0.728
11,0,-1.0,0,1.0
11,0,-1.0,0,0.1560000000000001
11,1,1.0,1,0.322
11,0,-0.6666666666666666,0,0.6659999999999999
11,1,0.3333333333333333,1,0.244
11,1,0.3333333333333333,1,0.062
11,0,-0.6666666666666666,0,0.4340000000000001
11,1,1.0,1,0.754
11,0,-0.6666666666666666,0,0.8140000000000001
11,1,1.0,1,0.4039999999999999
11,1,0.6666666666666666,1,0.316
11,0,-1.0,0,0.994
11,0,-0.6666666666666666,0,1.0
11,1,0.3333333333333333,1,0.4659999999999999
11,1,0.3333333333333333,0,0.716
11,0,-0.3333333333333333,0,0.292
11,0,-0.3333333333333333,0,1.0
11,1,1.0,0,0.268
11,0,-1.0,0,0.3540000000000001
11,0,-0.6666666666666666,0,0.8799999999999999
11,0,-0.6666666666666666,0,0.714
11,1,1.0,0,1.0
11,0,-0.3333333333333333,0,0.8940000000000001
11,1,1.0,0,0.994
11,0,-1.0,0,1.0
11,0,-1.0,0,1.0
11,0,-0.3333333333333333,0,0.1779999999999999
11,0,-1.0,0,0.246
11,1,1.0,1,0.98
11,0,-0.6666666666666666,0,0.984
11,0,-0.3333333333333333,0,0.994
11,0,-0.6666666666666666,0,1.0
11,0,-0.6666666666666666,0,0.3620000000000001
11,0,-1.0,0,0.994
11,0,-1.0,0,1.0
11,1,0.6666666666666666,0,0.06
11,0,-1.0,0,0.964
11,1,1.0,1,0.104
11,0,-0.6666666666666666,0,0.3980000000000001
11,0,-0.3333333333333333,1,1.0
11,0,-1.0,0,0.996
11,0,-0.6666666666666666,1,0.1959999999999999
11,0,-1.0,0,0.988
11,1,0.3333333333333333,0,0.0
11,1,0.3333333333333333,1,0.104
11,1,1.0,1,0.3879999999999999
11,0,-0.6666666666666666,0,0.026
11,1,0.6666666666666666,0,0.1019999999999998
11,0,-0.6666666666666666,1,0.052
11,1,0.3333333333333333,1,1.0
11,1,0.3333333333333333,0,0.016
11,0,-0.3333333333333333,1,0.002
11,1,0.3333333333333333,0,0.08
11,1,1.0,1,0.1120000000000001
11,0,-0.6666666666666666,0,0.3319999999999998
11,0,-1.0,1,0.1939999999999999
11,1,0.3333333333333333,1,0.088
11,1,1.0,1,1.0
11,0,-0.3333333333333333,0,0.318
11,0,-0.6666666666666666,1,0.326
11,0,-0.6666666666666666,1,0.004
11,1,0.3333333333333333,1,0.1959999999999999
11,1,0.6666666666666666,0,0.2239999999999999
11,1,1.0,0,0.5920000000000001
11,0,-0.3333333333333333,0,0.29
11,1,1.0,1,1.0
11,0,-0.6666666666666666,0,0.1840000000000001
11,0,-1.0,1,0.002
11,0,-0.3333333333333333,0,0.312
11,1,1.0,1,0.688
11,0,-1.0,0,1.0
11,0,-1.0,0,1.0
11,1,0.6666666666666666,1,1.0
11,0,-0.6666666666666666,0,1.0
11,0,-0.3333333333333333,1,0.002
11,0,-1.0,0,1.0
11,0,-0.3333333333333333,0,1.0
11,0,-0.3333333333333333,0,1.0
11,0,-1.0,0,1.0
11,0,-0.6666666666666666,1,1.0
11,1,1.0,0,1.0
11,0,-1.0,0,1.0
11,0,-0.3333333333333333,0,1.0
11,0,-0.6666666666666666,0,1.0
11,1,0.6666666666666666,1,0.046
11,0,-1.0,0,1.0
11,1,1.0,1,1.0
11,1,0.6666666666666666,0,1.0
11,0,-1.0,0,1.0
11,0,-0.6666666666666666,1,1.0
11,1,0.3333333333333333,0,0.02
11,0,-0.6666666666666666,0,0.29
11,0,-1.0,0,0.014
11,1,0.6666666666666666,1,0.104
11,1,0.3333333333333333,1,0.1160000000000001
11,1,1.0,0,0.6099999999999999
11,0,-0.6666666666666666,1,0.008
11,1,0.3333333333333333,0,0.512
11,0,-0.3333333333333333,0,0.474
11,0,-1.0,0,1.0
11,0,-0.3333333333333333,0,0.538
11,0,-0.6666666666666666,0,0.064
11,0,-0.6666666666666666,0,0.5820000000000001
11,0,-0.3333333333333333,0,1.0
11,1,0.6666666666666666,0,0.6080000000000001
11,1,1.0,1,0.5760000000000001
11,1,1.0,1,0.6439999999999999
11,0,-0.3333333333333333,0,0.048
11,0,-0.6666666666666666,0,0.3700000000000001
11,1,1.0,0,0.1080000000000001
11,0,-0.6666666666666666,1,0.03
11,1,0.6666666666666666,0,0.038
11,1,0.6666666666666666,1,1.0
11,0,-0.6666666666666666,0,1.0
11,0,-0.6666666666666666,0,1.0
11,0,-0.3333333333333333,1,1.0
11,0,-0.6666666666666666,0,1.0
11,0,-0.6666666666666666,0,1.0
11,1,1.0,1,1.0
11,0,-1.0,0,1.0
11,0,-1.0,0,1.0
11,1,0.3333333333333333,1,1.0
11,1,0.3333333333333333,0,0.6499999999999999
11,0,-0.3333333333333333,0,1.0
11,0,-0.6666666666666666,0,1.0
11,1,0.3333333333333333,0,1.0
11,1,0.3333333333333333,0,0.3399999999999998
11,0,-1.0,0,1.0
11,1,1.0,1,1.0
11,1,0.6666666666666666,0,1.0
11,1,0.6666666666666666,0,0.3660000000000001
11,0,-0.6666666666666666,0,1.0
11,0,-0.3333333333333333,0,1.0
11,1,1.0,0,0.246
11,0,-0.6666666666666666,0,0.1579999999999999
11,1,0.3333333333333333,0,0.1659999999999999
11,1,0.3333333333333333,0,0.034
11,0,-0.3333333333333333,0,0.534
11,0,-1.0,0,1.0
11,0,-0.6666666666666666,0,1.0
11,0,-1.0,0,0.1019999999999998
11,0,-0.6666666666666666,0,1.0
11,1,1.0,1,1.0
11,1,1.0,1,1.0
11,0,-0.6666666666666666,1,1.0
11,1,1.0,0,0.2319999999999999
11,0,-0.3333333333333333,0,1.0
11,1,1.0,0,0.034
11,0,-0.6666666666666666,1,0.33
11,1,0.6666666666666666,1,1.0
11,0,-0.3333333333333333,0,1.0
11,0,-0.3333333333333333,0,0.6139999999999999
11,1,0.3333333333333333,0,1.0
11,0,-0.3333333333333333,0,0.752
11,0,-0.3333333333333333,1,0.8500000000000001
11,1,0.6666666666666666,0,0.002
11,1,0.3333333333333333,1,0.526
11,0,-0.6666666666666666,0,0.236
11,1,0.6666666666666666,1,1.0
11,0,-1.0,1,0.002
11,0,-0.3333333333333333,1,0.002
11,1,0.3333333333333333,1,0.002
11,1,0.6666666666666666,0,0.034
11,0,-0.6666666666666666,1,0.002
11,1,0.3333333333333333,1,0.1599999999999999
11,1,0.6666666666666666,1,1.0
11,1,1.0,1,1.0
11,0,-1.0,0,1.0
11,1,0.3333333333333333,0,0.042
11,1,1.0,1,1.0
11,1,1.0,0,0.4479999999999999
11,1,0.6666666666666666,1,0.3420000000000001
11,1,0.3333333333333333,1,0.012
11,0,-0.6666666666666666,0,0.034
11,0,-1.0,0,0.042
11,0,-0.6666666666666666,0,1.0
11,1,0.6666666666666666,1,0.09
11,0,-0.3333333333333333,0,0.032
11,1,1.0,1,0.304
11,0,-1.0,0,1.0
11,1,0.6666666666666666,0,1.0
11,0,-0.3333333333333333,1,1.0
11,0,-0.6666666666666666,0,1.0
11,0,-1.0,0,0.032
11,0,-0.6666666666666666,0,1.0
11,1,0.6666666666666666,0,1.0
11,1,1.0,0,0.092
11,1,0.3333333333333333,1,0.4019999999999999
11,0,-1.0,0,0.1800000000000001
11,0,-0.3333333333333333,0,0.4340000000000001
11,0,-0.6666666666666666,0,1.0
11,1,0.3333333333333333,0,0.2039999999999999
11,0,-0.3333333333333333,0,0.044
11,1,0.6666666666666666,0,1.0
11,1,0.6666666666666666,1,1.0
11,1,0.6666666666666666,1,0.8680000000000001
11,1,0.3333333333333333,0,1.0
11,0,-0.6666666666666666,1,0.282
11,0,-1.0,0,0.266
11,1,0.3333333333333333,1,0.002
11,0,-1.0,1,0.32
11,0,-0.6666666666666666,0,0.246
11,0,-0.3333333333333333,1,0.004
11,0,-0.3333333333333333,0,0.318
11,1,1.0,1,1.0
11,0,-0.6666666666666666,0,1.0
11,1,1.0,1,0.5900000000000001
11,0,-1.0,0,0.8559999999999999
11,0,-1.0,0,1.0
11,1,0.6666666666666666,1,1.0
11,0,-1.0,0,1.0
11,1,1.0,0,0.064
11,1,0.3333333333333333,1,0.1120000000000001
11,0,-0.6666666666666666,0,1.0
11,1,0.3333333333333333,0,1.0
11,1,1.0,1,1.0
11,1,0.6666666666666666,0,1.0
11,1,1.0,1,1.0
11,1,0.3333333333333333,0,0.1579999999999999
11,0,-0.3333333333333333,0,0.3439999999999998
11,1,1.0,1,0.1699999999999999
11,1,0.3333333333333333,0,0.6440000000000001
11,0,-1.0,0,1.0
11,0,-1.0,0,1.0
11,0,-1.0,0,1.0
11,0,-0.6666666666666666,0,1.0
11,0,-1.0,0,1.0
11,1,0.3333333333333333,1,1.0
11,0,-1.0,0,1.0
11,0,-0.3333333333333333,0,1.0
11,0,-1.0,1,0.996
11,1,0.3333333333333333,1,0.1719999999999999
11,1,0.3333333333333333,0,0.4180000000000001
11,0,-1.0,0,1.0
11,1,0.3333333333333333,1,0.4019999999999999
11,0,-0.3333333333333333,0,0.3999999999999999
11,1,0.6666666666666666,1,0.494
11,0,-0.3333333333333333,0,1.0
11,0,-1.0,0,1.0
11,0,-0.6666666666666666,0,1.0
11,1,0.3333333333333333,1,1.0
11,1,0.6666666666666666,0,0.1299999999999999
11,1,1.0,1,1.0
11,1,0.3333333333333333,1,1.0
11,1,0.3333333333333333,1,0.096
11,0,-0.6666666666666666,0,1.0
11,0,-0.3333333333333333,0,1.0
11,0,-0.6666666666666666,0,1.0
11,1,0.6666666666666666,0,0.1720000000000001
11,0,-0.6666666666666666,0,1.0
11,0,-0.6666666666666666,0,1.0
11,1,0.3333333333333333,1,1.0
11,1,0.6666666666666666,1,1.0
11,1,0.6666666666666666,0,0.002
11,1,1.0,0,0.032
11,0,-0.3333333333333333,1,0.02
11,0,-0.6666666666666666,0,1.0
11,1,1.0,1,1.0
11,1,0.6666666666666666,0,1.0
11,1,0.3333333333333333,1,1.0
11,0,-0.6666666666666666,1,0.002
11,0,-1.0,1,0.036
11,1,1.0,0,0.1120000000000001
11,1,0.3333333333333333,1,0.034
11,1,1.0,1,1.0
11,0,-1.0,0,1.0
11,1,1.0,1,1.0
11,1,0.3333333333333333,1,1.0
11,0,-0.6666666666666666,0,1.0
11,0,-0.3333333333333333,1,1.0
11,1,0.6666666666666666,1,0.298
11,0,-0.3333333333333333,0,1.0
11,0,-1.0,1,0.1539999999999999
11,0,-1.0,0,1.0
11,0,-0.6666666666666666,0,1.0
11,0,-0.6666666666666666,0,1.0
11,1,1.0,0,0.3239999999999998
11,1,0.6666666666666666,1,0.3460000000000001
11,0,-0.6666666666666666,0,1.0
11,0,-0.6666666666666666,0,1.0
11,1,1.0,1,0.4139999999999999
11,0,-0.6666666666666666,0,1.0
11,0,-0.3333333333333333,0,1.0
11,1,1.0,0,0.1480000000000001
11,1,1.0,0,1.0
11,1,0.6666666666666666,0,0.104
11,0,-1.0,0,1.0
11,0,-1.0,1,0.272
11,1,0.3333333333333333,0,0.2219999999999999
11,1,0.6666666666666666,1,0.002
11,0,-0.6666666666666666,0,1.0
11,1,0.3333333333333333,1,1.0
11,1,1.0,1,0.1839999999999999
11,1,1.0,1,0.09
11,0,-1.0,0,1.0
11,0,-0.3333333333333333,0,1.0
11,1,1.0,1,1.0
11,0,-0.3333333333333333,0,1.0
11,1,0.6666666666666666,0,1.0
11,1,1.0,1,1.0
11,1,0.6666666666666666,0,1.0
11,0,-1.0,1,1.0
11,1,1.0,1,1.0
11,0,-0.6666666666666666,0,1.0
11,0,-0.6666666666666666,0,1.0
11,1,0.6666666666666666,1,0.3500000000000001
11,0,-0.6666666666666666,0,0.2099999999999999
11,0,-0.3333333333333333,0,1.0
11,0,-1.0,0,1.0
11,1,0.6666666666666666,1,1.0
11,1,1.0,1,1.0
11,0,-0.3333333333333333,0,1.0
11,0,-0.6666666666666666,0,0.4639999999999999
11,0,-0.3333333333333333,1,0.3520000000000001
11,1,0.3333333333333333,1,0.2179999999999999
11,1,0.6666666666666666,1,0.3440000000000001
11,0,-0.3333333333333333,0,0.076
11,1,0.6666666666666666,1,1.0
11,1,0.3333333333333333,1,0.526
11,0,-0.6666666666666666,1,0.758
11,0,-0.6666666666666666,0,1.0
11,1,0.6666666666666666,1,0.954
11,0,-1.0,1,0.102
11,1,0.3333333333333333,0,0.1520000000000001
11,1,1.0,1,1.0
11,0,-1.0,1,0.06
11,1,0.6666666666666666,1,0.6319999999999999
11,0,-0.3333333333333333,0,1.0
11,0,-1.0,0,1.0
11,1,0.6666666666666666,1,1.0
11,0,-0.6666666666666666,0,1.0
11,1,1.0,1,1.0
11,0,-1.0,0,0.262
11,1,0.3333333333333333,1,0.1
11,1,0.6666666666666666,1,0.06
11,1,0.6666666666666666,0,0.49
11,0,-1.0,0,1.0
11,0,-0.6666666666666666,0,1.0
11,1,0.6666666666666666,0,1.0
11,1,1.0,0,1.0
11,0,-0.6666666666666666,0,0.2119999999999999
11,0,-0.3333333333333333,0,0.1379999999999999
11,0,-0.3333333333333333,0,0.994
11,1,1.0,1,1.0
11,1,0.3333333333333333,0,1.0
11,0,-1.0,0,1.0
11,0,-0.3333333333333333,0,1.0
11,1,0.6666666666666666,1,0.6240000000000001
11,0,-0.6666666666666666,0,1.0
11,1,1.0,1,1.0
11,0,-1.0,0,1.0
11,0,-1.0,0,1.0
11,0,-1.0,0,1.0
11,1,0.3333333333333333,0,0.1360000000000001
11,0,-1.0,0,1.0
11,0,-0.6666666666666666,1,0.104
11,1,0.6666666666666666,0,0.0739999999999998
11,1,1.0,1,1.0
11,0,-1.0,0,1.0
11,0,-1.0,0,1.0
11,0,-0.3333333333333333,1,0.282
11,0,-0.3333333333333333,0,1.0
11,0,-0.3333333333333333,0,1.0
11,0,-1.0,0,0.5720000000000001
11,0,-0.3333333333333333,0,1.0
11,1,0.6666666666666666,1,1.0
11,1,1.0,1,1.0
11,1,0.3333333333333333,1,1.0
11,1,0.6666666666666666,1,1.0
11,0,-1.0,1,0.068
11,0,-1.0,0,0.274
11,1,1.0,1,1.0
11,1,1.0,0,1.0
11,1,1.0,1,0.3460000000000001
11,1,0.3333333333333333,0,1.0
11,0,-1.0,0,0.0939999999999998
11,0,-1.0,0,1.0
11,0,-0.3333333333333333,0,1.0
11,1,0.6666666666666666,0,0.286
11,0,-1.0,0,1.0
11,0,-0.3333333333333333,0,1.0
11,0,-0.3333333333333333,0,1.0
11,0,-1.0,0,1.0
11,1,0.3333333333333333,0,1.0
11,1,1.0,1,1.0
11,0,-0.6666666666666666,0,1.0
11,1,0.6666666666666666,1,0.4179999999999999
11,0,-0.3333333333333333,1,0.3660000000000001
11,1,0.6666666666666666,0,0.048
11,1,0.6666666666666666,1,1.0
11,0,-1.0,0,0.1280000000000001
11,0,-0.3333333333333333,0,0.24
11,1,0.6666666666666666,1,0.1579999999999999
11,0,-0.6666666666666666,0,1.0
11,1,0.6666666666666666,1,0.6439999999999999
11,0,-1.0,0,1.0
11,0,-0.6666666666666666,1,1.0
11,1,0.6666666666666666,1,0.328
11,1,0.6666666666666666,0,0.1099999999999998
11,0,-0.3333333333333333,0,0.3820000000000001
11,1,1.0,1,1.0
11,0,-0.3333333333333333,0,1.0
11,0,-0.6666666666666666,0,1.0
11,1,0.3333333333333333,0,0.322
11,0,-0.3333333333333333,0,1.0
11,0,-1.0,0,1.0
11,0,-1.0,0,1.0
11,1,1.0,0,0.516
11,0,-0.3333333333333333,0,1.0
11,1,0.3333333333333333,1,0.308
11,1,0.6666666666666666,1,0.262
11,0,-0.6666666666666666,1,0.1859999999999999
11,1,1.0,1,0.042
11,0,-0.6666666666666666,0,0.004
11,0,-0.6666666666666666,1,0.104
11,1,1.0,1,0.002
11,0,-0.6666666666666666,0,0.1539999999999999
11,0,-0.3333333333333333,1,0.002
11,1,0.3333333333333333,0,0.036
11,1,0.3333333333333333,0,0.0899999999999998
11,0,-1.0,1,0.002
11,0,-1.0,1,0.046
11,0,-0.3333333333333333,0,0.1019999999999998
11,0,-0.3333333333333333,0,0.042
11,1,0.3333333333333333,1,0.004
11,0,-1.0,0,0.97
11,0,-0.6666666666666666,0,1.0
11,1,1.0,1,1.0
11,1,0.3333333333333333,1,0.086
11,0,-0.6666666666666666,1,0.2179999999999999
11,1,1.0,0,0.3879999999999999
11,1,0.6666666666666666,1,0.1999999999999999
11,1,0.3333333333333333,0,0.2279999999999999
11,0,-0.3333333333333333,0,1.0
11,0,-0.3333333333333333,0,1.0
11,0,-1.0,0,1.0
11,1,1.0,1,0.262
11,1,0.3333333333333333,1,0.324
11,0,-0.6666666666666666,0,1.0
11,1,0.3333333333333333,0,0.2199999999999999
11,1,0.6666666666666666,0,1.0
11,1,0.6666666666666666,0,0.282
11,1,0.6666666666666666,1,1.0
11,1,1.0,1,1.0
11,1,0.3333333333333333,0,1.0
11,0,-0.3333333333333333,0,1.0
11,0,-0.6666666666666666,0,1.0
11,0,-0.6666666666666666,0,1.0
11,0,-0.3333333333333333,0,1.0
11,1,0.6666666666666666,1,1.0
11,1,1.0,1,1.0
11,0,-0.3333333333333333,0,1.0
11,1,1.0,1,1.0
11,0,-1.0,0,1.0
11,1,0.3333333333333333,0,1.0
11,0,-0.3333333333333333,0,1.0
11,1,0.6666666666666666,1,1.0
11,0,-0.3333333333333333,0,1.0
11,0,-0.6666666666666666,1,0.1519999999999999
11,0,-0.3333333333333333,0,1.0
11,0,-0.3333333333333333,0,1.0
11,0,-0.6666666666666666,0,0.002
11,0,-0.3333333333333333,0,1.0
11,0,-0.3333333333333333,0,1.0
11,0,-1.0,0,1.0
11,1,0.3333333333333333,0,0.4060000000000001
11,0,-1.0,1,0.078
11,1,0.6666666666666666,1,0.3420000000000001
11,1,1.0,1,1.0
11,0,-1.0,0,1.0
11,0,-0.6666666666666666,0,1.0
11,0,-0.3333333333333333,0,1.0
11,1,1.0,0,1.0
11,1,0.3333333333333333,0,1.0
11,0,-1.0,0,1.0
11,1,0.3333333333333333,0,0.0779999999999998
11,1,0.6666666666666666,0,0.056
11,0,-0.6666666666666666,0,1.0
11,1,0.3333333333333333,0,1.0
11,1,1.0,1,0.092
11,0,-0.3333333333333333,1,0.324
11,0,-0.3333333333333333,1,0.002
11,1,1.0,1,0.002
11,0,-0.3333333333333333,0,1.0
11,1,0.6666666666666666,1,1.0
11,0,-0.6666666666666666,0,0.3959999999999999
11,0,-0.3333333333333333,1,0.3899999999999999
11,1,0.3333333333333333,1,0.276
11,1,0.3333333333333333,1,0.1240000000000001
11,1,1.0,1,0.3580000000000001
11,1,0.6666666666666666,1,0.002
11,0,-0.3333333333333333,0,0.4659999999999999
11,0,-0.6666666666666666,1,1.0
11,0,-0.3333333333333333,1,0.026
11,0,-0.6666666666666666,0,1.0
11,0,-0.3333333333333333,1,0.286
11,0,-0.6666666666666666,0,1.0
11,1,0.3333333333333333,1,0.04
11,1,0.6666666666666666,1,0.1140000000000001
11,0,-1.0,0,1.0
11,1,0.6666666666666666,1,1.0
11,1,0.3333333333333333,1,0.104
11,0,-0.6666666666666666,1,0.248
11,0,-1.0,0,0.008
11,0,-0.6666666666666666,0,0.3279999999999998
11,1,1.0,1,0.002
11,1,1.0,1,1.0
11,1,0.6666666666666666,0,0.058
11,0,-0.6666666666666666,0,1.0
11,0,-0.3333333333333333,1,1.0
11,1,0.6666666666666666,0,1.0
12,0,-1.0,0,0.2179999999999999
12,1,0.6666666666666666,0,0.994
12,0,-0.3333333333333333,0,0.3460000000000001
12,0,-0.3333333333333333,0,0.4159999999999999
12,0,-0.3333333333333333,0,0.1560000000000001
12,0,-1.0,0,0.976
12,1,1.0,0,0.924
12,1,0.6666666666666666,0,0.054
12,1,0.3333333333333333,0,0.27
12,1,0.3333333333333333,1,0.2019999999999999
12,0,-0.6666666666666666,0,0.972
12,1,0.6666666666666666,0,0.33
12,0,-1.0,0,0.3759999999999999
12,1,0.6666666666666666,0,0.4359999999999999
12,0,-0.3333333333333333,1,0.326
12,1,0.3333333333333333,0,0.1919999999999999
12,1,1.0,1,0.3759999999999999
12,0,-0.6666666666666666,0,0.3660000000000001
12,0,-0.3333333333333333,1,0.002
12,1,0.3333333333333333,0,0.24
12,0,-1.0,1,0.1959999999999999
12,1,0.6666666666666666,1,0.4419999999999999
12,1,1.0,1,0.976
12,0,-1.0,1,0.976
12,1,0.3333333333333333,0,0.242
12,0,-0.3333333333333333,1,0.992
12,1,1.0,0,0.2239999999999999
12,0,-1.0,0,0.948
12,0,-0.3333333333333333,0,0.1720000000000001
12,0,-0.6666666666666666,0,0.2299999999999999
12,0,-0.3333333333333333,1,0.286
12,0,-1.0,0,0.982
12,0,-0.3333333333333333,0,0.98
12,1,0.6666666666666666,1,0.274
12,1,0.3333333333333333,1,1.0
12,1,0.6666666666666666,1,1.0
12,0,-1.0,0,0.1579999999999999
12,1,1.0,1,1.0
12,0,-0.3333333333333333,0,0.1779999999999999
12,1,0.3333333333333333,0,0.2139999999999999
12,0,-0.3333333333333333,0,0.2059999999999999
12,0,-1.0,0,0.3700000000000001
12,0,-0.3333333333333333,0,0.2059999999999999
12,1,0.6666666666666666,1,0.5980000000000001
12,1,0.3333333333333333,0,0.2059999999999999
12,1,1.0,1,0.3999999999999999
12,1,0.6666666666666666,0,0.802
12,0,-0.6666666666666666,0,0.1760000000000001
12,1,1.0,1,0.988
12,0,-1.0,0,0.6419999999999999
12,1,0.6666666666666666,1,1.0
12,1,0.6666666666666666,1,0.514
12,1,0.6666666666666666,1,0.8
12,0,-1.0,0,0.996
12,1,0.6666666666666666,1,0.988
12,1,0.3333333333333333,1,0.98
12,0,-1.0,0,0.992
12,1,0.6666666666666666,1,1.0
12,1,0.3333333333333333,1,0.972
12,1,0.3333333333333333,0,0.4599999999999999
12,0,-0.3333333333333333,1,0.3460000000000001
12,0,-0.6666666666666666,0,1.0
12,1,0.3333333333333333,1,1.0
12,0,-1.0,0,1.0
12,0,-1.0,0,0.968
12,0,-0.6666666666666666,0,1.0
12,0,-0.3333333333333333,1,0.3320000000000001
12,0,-0.3333333333333333,0,1.0
12,0,-0.6666666666666666,0,1.0
12,0,-0.6666666666666666,0,1.0
12,0,-0.3333333333333333,0,1.0
12,1,1.0,1,1.0
12,0,-0.6666666666666666,0,1.0
12,0,-1.0,0,1.0
12,1,1.0,1,1.0
12,0,-1.0,0,1.0
12,1,1.0,1,1.0
12,0,-1.0,0,1.0
12,0,-1.0,0,1.0
12,0,-0.6666666666666666,0,1.0
12,0,-0.6666666666666666,0,0.2339999999999999
12,0,-1.0,0,1.0
12,0,-0.3333333333333333,0,1.0
12,1,0.3333333333333333,0,1.0
12,0,-1.0,0,1.0
12,1,1.0,0,0.556
12,0,-1.0,0,1.0
12,0,-0.6666666666666666,0,0.5800000000000001
12,1,1.0,1,1.0
12,1,0.3333333333333333,1,0.2119999999999999
12,1,0.3333333333333333,0,0.1899999999999999
12,1,0.6666666666666666,0,1.0
12,0,-0.3333333333333333,0,0.1779999999999999
12,1,0.3333333333333333,1,1.0
12,1,1.0,1,1.0
12,0,-0.3333333333333333,1,0.1279999999999999
12,1,0.6666666666666666,0,0.1579999999999999
12,0,-0.6666666666666666,0,0.268
12,1,0.6666666666666666,1,1.0
12,1,1.0,1,1.0
12,1,1.0,1,1.0
12,1,0.6666666666666666,1,1.0
12,1,1.0,1,1.0
12,0,-0.3333333333333333,0,1.0
12,1,0.3333333333333333,1,1.0
12,1,0.3333333333333333,1,1.0
12,1,1.0,1,1.0
12,0,-0.3333333333333333,0,1.0
12,0,-0.3333333333333333,1,0.296
12,0,-0.6666666666666666,0,1.0
12,1,0.3333333333333333,1,0.1859999999999999
12,0,-1.0,0,1.0
12,0,-1.0,0,0.306
12,1,0.3333333333333333,1,0.1799999999999999
12,0,-0.3333333333333333,0,1.0
12,0,-1.0,0,0.3700000000000001
12,1,1.0,1,1.0
12,1,1.0,1,1.0
12,1,1.0,1,1.0
12,1,0.6666666666666666,1,0.6200000000000001
12,0,-1.0,0,0.002
12,0,-0.6666666666666666,1,0.002
12,0,-1.0,0,1.0
12,1,0.3333333333333333,1,0.2039999999999999
12,1,0.3333333333333333,1,0.2159999999999999
12,0,-0.3333333333333333,0,0.1779999999999999
12,1,0.3333333333333333,1,0.326
12,1,0.6666666666666666,1,1.0
12,1,0.3333333333333333,1,1.0
12,1,0.3333333333333333,1,0.002
12,0,-1.0,0,1.0
12,0,-0.3333333333333333,1,0.002
12,1,1.0,1,1.0
12,1,0.6666666666666666,1,1.0
12,1,0.3333333333333333,1,1.0
12,1,0.6666666666666666,1,1.0
12,0,-1.0,0,1.0
12,0,-0.6666666666666666,0,1.0
12,0,-0.6666666666666666,0,1.0
12,0,-0.3333333333333333,1,0.002
12,0,-0.6666666666666666,1,1.0
12,0,-1.0,0,1.0
12,1,1.0,0,0.1600000000000001
12,1,0.6666666666666666,1,0.258
12,1,0.6666666666666666,1,0.4279999999999999
12,0,-0.6666666666666666,0,0.0899999999999998
12,0,-0.3333333333333333,0,0.0979999999999998
12,0,-0.6666666666666666,0,0.096
12,1,0.6666666666666666,1,0.6599999999999999
12,1,1.0,1,1.0
12,0,-0.3333333333333333,1,0.276
12,0,-1.0,0,1.0
12,0,-1.0,0,1.0
12,1,1.0,0,0.4340000000000001
12,1,0.6666666666666666,1,1.0
12,1,1.0,1,1.0
12,1,1.0,1,0.3680000000000001
12,1,1.0,1,0.6339999999999999
12,1,1.0,1,0.72
12,0,-0.3333333333333333,0,1.0
12,1,1.0,1,1.0
12,0,-0.6666666666666666,0,0.1440000000000001
12,0,-0.3333333333333333,0,0.2139999999999999
12,1,1.0,1,1.0
12,1,0.3333333333333333,1,1.0
12,0,-0.6666666666666666,0,0.77
12,0,-0.3333333333333333,0,0.326
12,0,-0.6666666666666666,0,1.0
12,0,-0.6666666666666666,0,1.0
12,1,0.3333333333333333,1,0.296
12,1,1.0,1,1.0
12,0,-0.3333333333333333,1,1.0
12,0,-1.0,0,1.0
12,0,-0.6666666666666666,0,1.0
12,1,1.0,1,1.0
12,1,0.6666666666666666,1,0.3819999999999999
12,1,1.0,1,1.0
12,0,-0.3333333333333333,0,0.98
12,0,-0.3333333333333333,0,0.2059999999999999
12,1,0.6666666666666666,0,0.1659999999999999
12,1,0.6666666666666666,1,0.5700000000000001
12,1,0.3333333333333333,0,1.0
12,0,-0.6666666666666666,0,0.8300000000000001
12,0,-0.6666666666666666,0,0.1379999999999999
12,0,-1.0,0,0.1440000000000001
12,0,-0.3333333333333333,0,0.1579999999999999
12,0,-1.0,0,1.0
12,1,1.0,0,0.326
12,1,0.6666666666666666,1,0.544
12,1,1.0,1,0.3600000000000001
12,1,0.6666666666666666,0,0.076
12,1,0.6666666666666666,1,0.2039999999999999
12,1,0.6666666666666666,1,1.0
12,1,0.6666666666666666,1,0.8380000000000001
12,0,-0.6666666666666666,0,1.0
12,1,1.0,0,0.1019999999999998
12,1,1.0,1,1.0
12,0,-0.6666666666666666,0,0.78
12,1,1.0,1,1.0
12,0,-0.3333333333333333,1,1.0
12,1,0.3333333333333333,1,1.0
12,1,0.6666666666666666,1,1.0
12,1,1.0,1,1.0
12,1,1.0,1,1.0
12,1,0.3333333333333333,1,1.0
12,1,0.6666666666666666,1,1.0
12,0,-0.3333333333333333,0,0.2259999999999999
12,0,-0.3333333333333333,0,1.0
12,0,-0.6666666666666666,0,0.2079999999999999
12,1,0.3333333333333333,1,1.0
12,0,-0.3333333333333333,1,0.6539999999999999
12,0,-1.0,0,1.0
12,0,-1.0,0,0.258
12,0,-1.0,0,1.0
12,1,0.6666666666666666,1,0.5740000000000001
12,0,-0.3333333333333333,0,0.308
12,0,-1.0,0,0.51
12,1,0.6666666666666666,1,1.0
12,1,0.6666666666666666,1,0.282
12,1,0.3333333333333333,0,0.702
12,0,-0.3333333333333333,0,0.4140000000000001
12,0,-0.3333333333333333,0,0.0859999999999998
12,1,0.3333333333333333,1,0.4159999999999999
12,1,1.0,1,1.0
12,0,-0.3333333333333333,0,1.0
12,0,-0.3333333333333333,0,0.8940000000000001
12,0,-0.3333333333333333,0,1.0
12,0,-0.3333333333333333,1,0.506
12,0,-1.0,0,1.0
12,0,-0.6666666666666666,0,0.242
12,0,-0.6666666666666666,0,0.24
12,0,-0.6666666666666666,0,0.3519999999999998
12,0,-1.0,0,1.0
12,0,-0.3333333333333333,0,0.29
12,0,-0.3333333333333333,1,0.4399999999999999
12,0,-0.3333333333333333,0,1.0
12,0,-1.0,0,1.0
12,1,1.0,0,0.3319999999999998
12,1,1.0,1,1.0
12,0,-1.0,0,1.0
12,1,0.6666666666666666,1,0.1859999999999999
12,0,-0.6666666666666666,0,1.0
12,1,0.6666666666666666,1,1.0
12,0,-1.0,1,0.3799999999999999
12,0,-0.6666666666666666,0,0.4199999999999999
12,1,0.3333333333333333,1,0.5840000000000001
12,1,1.0,1,1.0
12,1,0.6666666666666666,1,1.0
12,1,0.3333333333333333,1,1.0
12,1,0.3333333333333333,1,1.0
12,0,-1.0,1,0.4319999999999999
12,1,0.3333333333333333,1,1.0
12,0,-0.3333333333333333,0,0.284
12,1,0.6666666666666666,1,0.6699999999999999
12,0,-1.0,0,1.0
12,0,-0.6666666666666666,0,1.0
12,1,0.6666666666666666,1,1.0
12,0,-1.0,0,0.6160000000000001
12,1,0.6666666666666666,0,0.1539999999999999
12,0,-0.6666666666666666,1,0.002
12,1,0.3333333333333333,1,1.0
12,1,1.0,1,1.0
12,0,-0.6666666666666666,0,0.326
12,0,-0.3333333333333333,0,0.1
12,0,-0.6666666666666666,1,0.558
12,0,-1.0,1,0.3400000000000001
12,1,1.0,1,0.1659999999999999
12,1,0.6666666666666666,1,1.0
12,0,-0.3333333333333333,0,1.0
12,1,1.0,1,1.0
12,0,-0.6666666666666666,0,1.0
12,0,-0.6666666666666666,0,0.4039999999999999
12,1,0.3333333333333333,0,1.0
12,0,-1.0,0,1.0
12,0,-0.3333333333333333,1,0.786
12,0,-1.0,0,1.0
12,1,1.0,1,0.8340000000000001
12,1,1.0,1,0.31
12,1,1.0,1,0.6339999999999999
12,1,0.6666666666666666,1,0.986
12,1,0.3333333333333333,0,0.504
12,0,-1.0,0,1.0
12,1,1.0,0,0.1800000000000001
12,0,-0.6666666666666666,0,0.4479999999999999
12,1,0.3333333333333333,0,1.0
12,0,-0.3333333333333333,1,0.004
12,1,1.0,1,0.1279999999999999
12,1,1.0,0,0.962
12,1,0.3333333333333333,1,0.272
12,1,0.6666666666666666,1,0.276
12,1,0.6666666666666666,1,0.318
12,0,-0.6666666666666666,0,1.0
12,0,-0.6666666666666666,0,0.978
12,1,1.0,1,1.0
12,1,0.3333333333333333,1,0.96
12,1,1.0,1,0.762
12,1,0.6666666666666666,1,1.0
12,0,-0.6666666666666666,1,0.1819999999999999
12,0,-0.6666666666666666,0,0.4180000000000001
12,1,1.0,1,0.8480000000000001
12,0,-1.0,1,1.0
12,0,-1.0,0,0.6859999999999999
12,1,0.6666666666666666,1,0.6240000000000001
12,0,-1.0,0,0.732
12,0,-0.6666666666666666,0,0.1499999999999999
12,0,-1.0,0,0.508
12,1,0.3333333333333333,0,0.4479999999999999
12,0,-0.6666666666666666,0,0.3679999999999999
12,0,-0.6666666666666666,0,1.0
12,1,1.0,1,0.5980000000000001
12,1,1.0,1,0.292
12,0,-0.3333333333333333,0,0.262
12,1,1.0,1,0.79
12,0,-0.6666666666666666,0,0.764
12,0,-0.3333333333333333,1,1.0
12,0,-0.3333333333333333,0,1.0
12,1,0.6666666666666666,1,1.0
12,1,1.0,1,0.8340000000000001
12,0,-1.0,0,1.0
12,1,0.3333333333333333,1,0.1999999999999999
12,1,0.3333333333333333,1,0.5780000000000001
12,0,-1.0,0,1.0
12,1,0.6666666666666666,1,1.0
12,1,1.0,1,1.0
12,0,-0.3333333333333333,1,0.29
12,1,1.0,1,0.936
12,1,0.6666666666666666,1,1.0
12,1,0.6666666666666666,1,0.95
12,0,-0.3333333333333333,0,1.0
12,1,0.6666666666666666,1,0.8779999999999999
12,0,-0.3333333333333333,1,0.3879999999999999
12,1,0.3333333333333333,1,0.77
12,1,1.0,1,0.998
12,1,0.6666666666666666,1,1.0
12,1,1.0,1,1.0
12,1,0.6666666666666666,1,1.0
12,1,0.3333333333333333,1,0.956
12,0,-0.3333333333333333,1,0.962
12,0,-0.3333333333333333,1,0.286
12,1,0.6666666666666666,1,0.6140000000000001
12,0,-0.3333333333333333,1,0.1399999999999999
12,1,0.6666666666666666,1,0.528
12,1,0.3333333333333333,1,0.1639999999999999
12,1,0.6666666666666666,1,0.306
12,1,0.6666666666666666,0,0.5740000000000001
12,0,-0.3333333333333333,1,0.28
12,0,-1.0,0,0.1919999999999999
12,0,-1.0,0,0.4659999999999999
12,0,-1.0,1,0.1979999999999999
12,1,0.3333333333333333,0,1.0
12,0,-0.3333333333333333,0,1.0
12,1,0.6666666666666666,0,0.4020000000000001
12,1,0.3333333333333333,1,0.308
12,1,0.3333333333333333,0,0.476
12,0,-0.3333333333333333,0,0.988
12,1,0.6666666666666666,0,1.0
12,1,0.3333333333333333,0,0.47
12,0,-0.3333333333333333,0,0.1979999999999999
12,0,-0.6666666666666666,0,0.8759999999999999
12,1,0.3333333333333333,0,0.6659999999999999
12,0,-1.0,0,0.3319999999999998
12,0,-0.6666666666666666,0,0.4220000000000001
12,1,0.3333333333333333,1,0.98
12,1,0.3333333333333333,1,1.0
12,1,0.3333333333333333,1,0.92
12,1,0.3333333333333333,1,0.014
12,1,1.0,1,1.0
12,1,0.3333333333333333,1,0.904
12,0,-1.0,1,0.09
12,1,1.0,1,0.8859999999999999
12,0,-1.0,1,0.2099999999999999
12,0,-1.0,0,1.0
12,0,-0.6666666666666666,0,0.554
12,1,0.6666666666666666,0,0.1019999999999998
12,0,-1.0,0,0.6080000000000001
12,1,0.3333333333333333,1,0.6499999999999999
12,0,-0.3333333333333333,0,0.8900000000000001
12,1,0.6666666666666666,1,1.0
12,1,0.3333333333333333,1,0.5700000000000001
12,0,-0.6666666666666666,0,0.6120000000000001
12,0,-0.3333333333333333,0,1.0
12,1,1.0,1,1.0
12,1,1.0,1,1.0
12,1,0.3333333333333333,1,1.0
12,1,1.0,0,0.91
12,0,-1.0,0,0.488
12,0,-0.6666666666666666,0,1.0
12,0,-1.0,0,0.6699999999999999
12,1,1.0,1,1.0
12,1,0.6666666666666666,1,0.288
12,0,-0.6666666666666666,0,0.6179999999999999
12,0,-0.3333333333333333,0,0.98
12,0,-0.6666666666666666,0,1.0
12,0,-0.6666666666666666,0,0.8980000000000001
12,0,-1.0,0,1.0
12,0,-1.0,0,0.944
12,1,1.0,1,0.074
12,0,-1.0,0,0.542
12,0,-0.3333333333333333,0,0.284
12,0,-1.0,0,1.0
12,1,0.6666666666666666,1,0.3460000000000001
12,0,-0.3333333333333333,0,0.8559999999999999
12,0,-1.0,0,1.0
12,0,-0.3333333333333333,0,1.0
12,1,0.6666666666666666,1,1.0
12,1,0.3333333333333333,1,0.3919999999999999
12,0,-0.3333333333333333,0,1.0
12,0,-0.6666666666666666,0,0.3999999999999999
12,1,0.6666666666666666,1,0.8759999999999999
12,1,0.6666666666666666,1,1.0
12,1,0.6666666666666666,1,1.0
12,1,0.3333333333333333,1,1.0
12,1,0.6666666666666666,1,1.0
12,0,-0.3333333333333333,0,0.286
12,0,-0.6666666666666666,0,1.0
12,0,-0.6666666666666666,0,0.478
12,1,1.0,1,1.0
12,1,0.3333333333333333,1,0.538
12,0,-1.0,0,0.3239999999999998
12,1,0.6666666666666666,0,0.6240000000000001
12,0,-0.6666666666666666,0,0.1259999999999999
12,1,1.0,1,0.3500000000000001
12,1,0.6666666666666666,1,0.4219999999999999
12,1,0.6666666666666666,1,1.0
12,1,1.0,0,0.6560000000000001
12,1,1.0,1,0.8919999999999999
12,1,0.3333333333333333,1,0.1060000000000001
12,1,0.3333333333333333,1,0.26
12,1,1.0,1,1.0
12,0,-0.3333333333333333,0,0.3780000000000001
12,0,-1.0,0,0.2059999999999999
12,0,-0.3333333333333333,1,0.6200000000000001
12,1,0.6666666666666666,1,1.0
12,1,0.3333333333333333,1,0.3480000000000001
12,0,-0.6666666666666666,0,0.1139999999999998
12,1,1.0,0,0.1259999999999999
12,0,-1.0,1,1.0
12,0,-0.6666666666666666,0,0.1499999999999999
12,0,-0.3333333333333333,1,0.24
12,0,-0.3333333333333333,0,0.3199999999999998
12,1,1.0,1,0.5660000000000001
12,0,-0.3333333333333333,1,0.758
12,0,-0.6666666666666666,0,0.266
12,0,-0.3333333333333333,1,0.4079999999999999
12,0,-0.3333333333333333,0,0.1080000000000001
12,1,1.0,0,0.1619999999999999
12,0,-0.3333333333333333,0,0.8599999999999999
12,0,-0.3333333333333333,1,0.3720000000000001
12,0,-0.6666666666666666,0,0.938
12,0,-1.0,0,1.0
12,1,0.6666666666666666,1,0.558
12,1,0.3333333333333333,1,0.288
12,0,-0.3333333333333333,0,1.0
12,1,1.0,1,1.0
12,1,0.3333333333333333,1,1.0
12,0,-0.6666666666666666,1,1.0
12,1,1.0,1,1.0
12,0,-0.6666666666666666,1,0.002
12,0,-0.6666666666666666,1,0.8899999999999999
12,1,0.6666666666666666,1,0.772
12,0,-0.6666666666666666,0,1.0
12,1,0.6666666666666666,1,1.0
12,1,0.6666666666666666,0,0.3959999999999999
12,1,0.3333333333333333,1,0.988
12,1,1.0,1,1.0
12,0,-1.0,0,0.6400000000000001
12,1,1.0,1,1.0
12,1,1.0,1,0.3979999999999999
12,1,0.3333333333333333,1,1.0
12,0,-0.3333333333333333,0,1.0
12,0,-0.3333333333333333,0,0.4519999999999999
12,0,-0.6666666666666666,0,0.724
12,1,0.6666666666666666,1,1.0
12,0,-1.0,1,0.002
12,0,-1.0,0,1.0
12,1,1.0,1,1.0
12,0,-0.3333333333333333,0,1.0
12,1,1.0,1,1.0
12,0,-0.6666666666666666,0,1.0
12,1,0.3333333333333333,0,1.0
12,1,1.0,0,0.2139999999999999
12,0,-0.3333333333333333,1,0.4079999999999999
12,0,-0.3333333333333333,1,0.248
12,1,0.3333333333333333,0,0.252
12,0,-0.6666666666666666,0,0.2059999999999999
12,1,0.6666666666666666,1,1.0
12,1,1.0,1,1.0
12,0,-0.6666666666666666,1,0.542
12,1,0.6666666666666666,1,1.0
12,0,-0.3333333333333333,0,1.0
12,0,-0.3333333333333333,0,0.6280000000000001
12,0,-0.3333333333333333,0,0.906
12,1,0.6666666666666666,1,1.0
12,0,-0.6666666666666666,0,0.924
12,0,-0.3333333333333333,0,0.4419999999999999
12,1,1.0,1,1.0
12,0,-1.0,0,0.5720000000000001
12,0,-1.0,0,1.0
12,1,1.0,1,1.0
12,0,-0.3333333333333333,1,0.1839999999999999
12,0,-0.3333333333333333,1,0.1799999999999999
12,0,-0.6666666666666666,0,0.288
12,0,-1.0,0,0.8820000000000001
12,0,-0.6666666666666666,0,1.0
12,0,-0.3333333333333333,0,1.0
12,1,0.6666666666666666,1,0.958
12,0,-1.0,0,1.0
12,0,-0.3333333333333333,0,0.3580000000000001
12,1,0.3333333333333333,0,0.292
12,0,-0.6666666666666666,0,1.0
12,0,-0.3333333333333333,0,0.6339999999999999
12,1,1.0,0,0.752
12,1,0.6666666666666666,1,1.0
12,1,0.6666666666666666,1,1.0
12,1,1.0,1,1.0
12,1,0.3333333333333333,1,1.0
12,0,-0.3333333333333333,1,1.0
12,1,0.3333333333333333,1,1.0
12,1,0.3333333333333333,1,1.0
12,1,0.6666666666666666,1,1.0
12,1,0.3333333333333333,1,0.486
12,1,1.0,1,1.0
12,1,1.0,1,1.0
12,0,-1.0,0,0.3879999999999999
12,0,-0.3333333333333333,0,1.0
12,1,1.0,1,1.0
12,0,-0.6666666666666666,0,1.0
12,0,-0.3333333333333333,0,1.0
12,0,-0.3333333333333333,1,1.0
12,0,-0.6666666666666666,0,1.0
12,1,0.3333333333333333,1,1.0
12,1,0.6666666666666666,1,1.0
12,1,0.3333333333333333,1,1.0
12,0,-1.0,0,1.0
12,1,0.3333333333333333,1,1.0
12,0,-1.0,0,1.0
12,0,-0.6666666666666666,0,1.0
12,0,-1.0,0,1.0
12,1,0.6666666666666666,1,1.0
12,1,0.6666666666666666,1,0.51
12,1,0.6666666666666666,1,0.506
12,1,1.0,1,1.0
12,0,-0.3333333333333333,0,1.0
12,1,1.0,1,1.0
12,0,-1.0,0,1.0
12,1,0.3333333333333333,1,1.0
12,0,-1.0,0,1.0
12,0,-0.6666666666666666,0,0.48
12,0,-0.3333333333333333,1,0.79
12,1,0.6666666666666666,1,0.73
12,1,0.6666666666666666,1,1.0
12,1,1.0,1,1.0
12,0,-0.6666666666666666,0,0.79
12,0,-0.3333333333333333,0,1.0
12,0,-1.0,0,1.0
12,0,-0.3333333333333333,1,1.0
12,0,-0.3333333333333333,1,0.236
12,1,0.6666666666666666,1,1.0
12,0,-0.6666666666666666,1,0.1180000000000001
12,1,0.6666666666666666,1,1.0
12,0,-1.0,0,0.498
12,0,-0.6666666666666666,1,0.3540000000000001
12,0,-0.3333333333333333,0,0.4279999999999999
12,0,-1.0,0,0.6200000000000001
12,1,0.6666666666666666,1,0.5680000000000001
12,1,0.3333333333333333,1,0.3600000000000001
12,1,0.6666666666666666,1,0.486
12,0,-0.6666666666666666,0,0.272
12,0,-1.0,0,0.804
12,0,-1.0,0,0.8679999999999999
12,1,1.0,1,1.0
12,0,-1.0,1,1.0
12,0,-0.6666666666666666,1,0.2219999999999999
12,1,1.0,1,0.754
12,1,0.6666666666666666,1,1.0
12,0,-0.3333333333333333,1,0.3600000000000001
12,0,-1.0,0,0.4340000000000001
12,0,-0.6666666666666666,0,1.0
12,0,-1.0,0,1.0
12,1,0.6666666666666666,1,1.0
12,0,-1.0,0,0.284
12,0,-0.6666666666666666,0,1.0
12,1,0.6666666666666666,1,1.0
12,0,-0.6666666666666666,0,1.0
12,1,1.0,1,1.0
12,0,-1.0,0,1.0
12,1,0.6666666666666666,1,1.0
12,0,-1.0,0,1.0
12,0,-0.6666666666666666,1,1.0
12,1,0.6666666666666666,1,0.6259999999999999
12,0,-0.6666666666666666,1,0.6040000000000001
12,0,-1.0,0,1.0
12,0,-1.0,0,0.706
12,0,-0.3333333333333333,0,0.248
12,0,-0.3333333333333333,0,0.3839999999999999
12,0,-0.3333333333333333,0,1.0
12,0,-0.6666666666666666,0,0.4279999999999999
12,0,-1.0,0,1.0
12,1,1.0,1,0.4539999999999999
12,1,0.6666666666666666,1,0.526
12,0,-0.3333333333333333,0,0.8500000000000001
12,0,-0.6666666666666666,0,0.806
12,0,-0.3333333333333333,0,1.0
12,0,-0.6666666666666666,0,1.0
12,1,0.3333333333333333,1,0.764
12,1,0.6666666666666666,1,0.26
12,1,1.0,1,0.956
12,1,0.6666666666666666,1,0.5800000000000001
12,0,-1.0,0,1.0
12,0,-0.6666666666666666,1,0.758
12,0,-0.6666666666666666,1,1.0
12,0,-0.3333333333333333,1,0.3380000000000001
12,1,0.3333333333333333,1,0.4299999999999999
12,0,-0.3333333333333333,1,1.0
12,1,1.0,1,0.4539999999999999
12,1,0.6666666666666666,1,0.784
12,0,-0.6666666666666666,0,1.0
12,1,0.6666666666666666,1,1.0
12,0,-0.3333333333333333,0,0.2139999999999999
12,0,-1.0,0,1.0
12,1,0.3333333333333333,0,0.3860000000000001
12,0,-1.0,0,1.0
12,0,-1.0,0,1.0
12,0,-0.3333333333333333,0,0.93
12,0,-0.6666666666666666,0,0.91
12,0,-0.3333333333333333,0,1.0
12,0,-1.0,0,0.51
12,1,0.6666666666666666,0,0.2239999999999999
12,1,0.3333333333333333,0,0.6759999999999999
12,1,0.6666666666666666,0,0.1919999999999999
12,0,-1.0,0,1.0
12,1,1.0,1,1.0
12,1,0.6666666666666666,1,1.0
12,0,-0.3333333333333333,0,0.4119999999999999
12,0,-1.0,1,0.09
12,1,0.6666666666666666,1,0.776
12,0,-1.0,0,0.732
12,0,-0.3333333333333333,1,0.302
12,0,-0.6666666666666666,0,0.53
12,1,1.0,1,0.322
12,1,1.0,1,0.98
12,0,-0.6666666666666666,0,0.1999999999999999
12,1,0.6666666666666666,0,0.3860000000000001
12,0,-1.0,0,0.4079999999999999
12,0,-1.0,0,0.3660000000000001
12,1,0.6666666666666666,0,0.262
12,0,-0.3333333333333333,0,0.8180000000000001
12,0,-0.6666666666666666,0,0.2279999999999999
12,1,0.6666666666666666,0,0.55
12,1,0.3333333333333333,1,0.2099999999999999
12,1,0.6666666666666666,1,0.3720000000000001
12,0,-0.3333333333333333,0,0.8639999999999999
12,1,1.0,0,0.3
12,0,-0.3333333333333333,0,0.1680000000000001
12,0,-0.3333333333333333,0,0.286
12,1,1.0,0,0.096
12,0,-0.3333333333333333,0,0.474
12,1,0.6666666666666666,1,0.998
12,0,-1.0,0,1.0
12,1,0.6666666666666666,1,1.0
12,0,-0.3333333333333333,0,0.6739999999999999
12,1,0.6666666666666666,0,0.3599999999999999
12,1,0.3333333333333333,1,0.5660000000000001
12,1,0.6666666666666666,1,1.0
12,0,-0.3333333333333333,0,1.0
12,0,-0.6666666666666666,0,1.0
12,0,-0.6666666666666666,0,0.4479999999999999
12,1,1.0,1,1.0
12,1,0.6666666666666666,1,0.3939999999999999
12,1,0.3333333333333333,0,0.472
12,0,-1.0,0,1.0
12,0,-1.0,0,1.0
12,0,-0.3333333333333333,0,0.8319999999999999
12,0,-0.6666666666666666,0,0.2319999999999999
12,1,0.6666666666666666,1,0.488
12,1,1.0,1,1.0
12,0,-1.0,1,0.3640000000000001
12,1,0.6666666666666666,1,0.8600000000000001
12,0,-1.0,0,0.916
12,0,-0.6666666666666666,0,0.304
12,0,-1.0,0,0.8399999999999999
12,1,0.3333333333333333,1,0.312
12,1,0.3333333333333333,0,0.512
12,0,-0.6666666666666666,0,0.3679999999999999
12,1,0.3333333333333333,0,0.55
12,1,0.3333333333333333,1,0.81
12,1,0.3333333333333333,1,0.1439999999999999
12,1,0.3333333333333333,1,0.324
12,1,1.0,1,0.3660000000000001
12,1,0.6666666666666666,0,0.322
12,0,-1.0,0,0.754
12,1,1.0,1,1.0
12,1,1.0,1,1.0
12,1,0.6666666666666666,1,1.0
12,0,-0.3333333333333333,1,0.322
12,0,-0.3333333333333333,0,1.0
12,1,0.3333333333333333,1,1.0
12,1,0.3333333333333333,0,0.018
12,0,-0.6666666666666666,1,0.6080000000000001
12,0,-0.6666666666666666,1,0.6459999999999999
12,1,0.6666666666666666,1,0.972
12,0,-0.3333333333333333,0,1.0
12,1,1.0,1,1.0
12,0,-0.3333333333333333,1,1.0
12,1,1.0,1,1.0
12,1,1.0,1,0.6419999999999999
12,1,0.3333333333333333,0,0.514
12,1,0.3333333333333333,1,1.0
12,0,-0.6666666666666666,1,1.0
12,1,0.6666666666666666,1,1.0
12,1,0.6666666666666666,1,1.0
12,0,-0.6666666666666666,1,1.0
12,1,1.0,0,0.4439999999999999
12,0,-0.6666666666666666,1,0.518
12,0,-1.0,0,0.794
12,1,1.0,1,0.4039999999999999
12,0,-0.6666666666666666,0,0.804
12,0,-0.3333333333333333,1,0.252
12,1,0.6666666666666666,1,0.4219999999999999
12,0,-0.3333333333333333,0,0.696
12,1,1.0,1,1.0
12,1,0.6666666666666666,0,0.006
12,0,-1.0,1,0.8720000000000001
12,0,-0.6666666666666666,0,0.3879999999999999
12,0,-0.6666666666666666,1,0.8500000000000001
12,1,0.3333333333333333,1,0.3720000000000001
12,0,-1.0,0,0.8319999999999999
12,0,-0.6666666666666666,0,0.904
12,0,-1.0,0,1.0
12,1,0.6666666666666666,1,1.0
12,0,-0.6666666666666666,0,0.5860000000000001
12,1,1.0,1,1.0
12,1,0.3333333333333333,0,1.0
12,0,-1.0,0,1.0
12,1,0.6666666666666666,1,1.0
12,1,0.6666666666666666,1,1.0
12,0,-1.0,0,1.0
12,0,-0.3333333333333333,0,0.54
12,0,-0.3333333333333333,1,0.8620000000000001
12,1,0.3333333333333333,1,0.56
12,1,1.0,1,0.782
12,0,-0.6666666666666666,0,0.4499999999999999
12,1,0.3333333333333333,1,0.8240000000000001
12,1,0.3333333333333333,1,0.526
12,1,0.3333333333333333,1,0.97
12,1,0.6666666666666666,1,0.696
12,1,1.0,1,0.8180000000000001
12,1,0.6666666666666666,1,1.0
12,0,-0.3333333333333333,1,0.97
12,1,0.6666666666666666,1,0.556
12,0,-1.0,1,0.952
12,0,-0.3333333333333333,1,0.2299999999999999
12,1,0.3333333333333333,0,0.2179999999999999
12,0,-1.0,1,0.3400000000000001
12,1,1.0,0,0.0
12,0,-1.0,1,0.4339999999999999
12,1,1.0,1,0.6140000000000001
12,0,-1.0,1,0.474
12,1,1.0,1,0.752
12,0,-0.3333333333333333,1,0.31
12,0,-0.6666666666666666,0,0.2159999999999999
12,1,0.3333333333333333,1,0.944
12,0,-1.0,0,0.246
12,1,1.0,0,0.312
12,1,0.6666666666666666,1,0.6040000000000001
12,1,1.0,1,0.698
12,1,0.6666666666666666,1,1.0
12,0,-1.0,0,0.4340000000000001
12,0,-1.0,0,1.0
12,0,-0.3333333333333333,1,0.738
12,0,-1.0,0,1.0
12,1,0.3333333333333333,1,0.3959999999999999
12,0,-1.0,0,0.546
12,0,-1.0,0,1.0
12,0,-0.6666666666666666,0,1.0
12,0,-0.6666666666666666,0,0.972
12,0,-0.6666666666666666,0,0.506
12,0,-1.0,0,0.722
12,0,-0.3333333333333333,0,0.72
12,1,0.3333333333333333,0,0.3559999999999998
12,1,0.6666666666666666,1,0.3640000000000001
12,0,-0.3333333333333333,0,1.0
12,1,0.3333333333333333,1,0.3859999999999999
12,0,-1.0,0,0.33
12,0,-0.3333333333333333,1,0.3740000000000001
12,0,-0.3333333333333333,0,0.544
12,1,0.6666666666666666,0,0.4079999999999999
12,1,0.6666666666666666,1,0.498
12,1,1.0,0,0.49
12,0,-0.3333333333333333,0,0.1640000000000001
12,0,-0.3333333333333333,0,0.6179999999999999
12,1,0.6666666666666666,0,1.0
12,0,-0.3333333333333333,0,0.3780000000000001
12,1,0.3333333333333333,0,0.506
12,0,-0.6666666666666666,0,0.1999999999999999
12,0,-0.6666666666666666,0,0.04
12,1,0.3333333333333333,1,0.5720000000000001
12,0,-1.0,0,0.97
12,0,-1.0,0,1.0
12,0,-1.0,0,0.516
13,0,-1.0,0,1.0
13,1,1.0,1,1.0
13,1,0.3333333333333333,1,0.518
13,0,-0.6666666666666666,1,0.1859999999999999
13,0,-1.0,0,1.0
13,0,-1.0,1,0.5860000000000001
13,1,0.6666666666666666,1,1.0
13,1,0.6666666666666666,0,0.294
13,0,-0.3333333333333333,0,0.002
13,1,0.3333333333333333,1,0.8400000000000001
13,0,-0.3333333333333333,0,0.002
13,1,0.3333333333333333,0,0.4479999999999999
13,1,0.3333333333333333,1,0.6479999999999999
13,0,-0.3333333333333333,0,0.748
13,1,0.3333333333333333,0,0.256
13,0,-0.3333333333333333,1,0.002
13,1,1.0,1,1.0
13,1,0.3333333333333333,1,1.0
13,1,0.6666666666666666,1,1.0
13,0,-1.0,0,1.0
13,0,-0.6666666666666666,1,0.482
13,0,-1.0,0,1.0
13,1,0.6666666666666666,1,1.0
13,1,0.3333333333333333,1,0.736
13,0,-0.3333333333333333,1,0.292
13,1,0.6666666666666666,1,1.0
13,0,-0.3333333333333333,0,0.734
13,1,1.0,1,1.0
13,1,1.0,1,1.0
13,1,0.6666666666666666,0,0.5780000000000001
13,1,0.6666666666666666,0,0.3959999999999999
13,1,0.6666666666666666,1,1.0
13,0,-1.0,0,1.0
13,1,0.6666666666666666,1,0.774
13,0,-1.0,0,0.916
13,1,0.3333333333333333,1,1.0
13,1,0.3333333333333333,1,0.6499999999999999
13,1,0.3333333333333333,0,0.722
13,1,1.0,1,1.0
13,0,-1.0,0,1.0
13,0,-0.3333333333333333,1,0.916
13,0,-0.6666666666666666,0,1.0
13,0,-0.6666666666666666,1,0.006
13,0,-0.6666666666666666,0,1.0
13,1,0.3333333333333333,0,0.4579999999999999
13,1,0.6666666666666666,1,0.8620000000000001
13,0,-0.6666666666666666,0,1.0
13,0,-0.6666666666666666,1,0.002
13,0,-1.0,0,1.0
13,0,-0.3333333333333333,1,1.0
13,0,-0.3333333333333333,0,1.0
13,0,-0.3333333333333333,1,0.3979999999999999
13,1,0.6666666666666666,1,0.002
13,0,-0.6666666666666666,0,1.0
13,0,-0.6666666666666666,1,0.536
13,0,-0.6666666666666666,0,1.0
13,1,0.3333333333333333,0,0.282
13,1,1.0,1,0.494
13,0,-1.0,0,1.0
13,1,0.6666666666666666,1,1.0
13,1,0.3333333333333333,1,0.3779999999999999
13,1,0.6666666666666666,1,0.506
13,0,-1.0,1,0.6240000000000001
13,0,-0.3333333333333333,1,0.518
13,0,-1.0,0,1.0
13,0,-0.3333333333333333,0,0.2019999999999999
13,1,1.0,1,1.0
13,0,-0.3333333333333333,0,0.2199999999999999
13,0,-1.0,0,1.0
13,1,1.0,1,1.0
13,0,-0.3333333333333333,1,0.6240000000000001
13,0,-0.3333333333333333,0,1.0
13,1,1.0,1,1.0
13,1,0.6666666666666666,1,0.1999999999999999
13,0,-0.6666666666666666,0,1.0
13,1,0.6666666666666666,0,0.272
13,0,-0.3333333333333333,0,0.3740000000000001
13,1,0.6666666666666666,1,1.0
13,0,-0.3333333333333333,1,0.3660000000000001
13,1,0.3333333333333333,1,0.514
13,1,0.3333333333333333,1,0.808
13,1,0.3333333333333333,1,0.48
13,1,1.0,1,0.802
13,0,-0.6666666666666666,0,0.276
13,1,0.3333333333333333,1,0.724
13,0,-1.0,0,0.71
13,0,-0.3333333333333333,0,0.4039999999999999
13,1,1.0,1,1.0
13,0,-1.0,0,1.0
13,0,-0.6666666666666666,0,0.47
13,0,-1.0,0,1.0
13,0,-0.3333333333333333,0,0.6419999999999999
13,1,0.3333333333333333,1,1.0
13,1,0.6666666666666666,1,1.0
13,0,-0.3333333333333333,0,1.0
13,1,0.3333333333333333,0,1.0
13,0,-0.3333333333333333,0,0.698
13,1,0.3333333333333333,1,0.736
13,0,-0.6666666666666666,1,0.4299999999999999
13,1,0.6666666666666666,1,1.0
13,1,0.6666666666666666,1,1.0
13,1,0.6666666666666666,1,0.8580000000000001
13,0,-0.6666666666666666,0,0.4100000000000001
13,1,0.6666666666666666,1,1.0
13,0,-0.6666666666666666,0,0.8820000000000001
13,0,-0.3333333333333333,1,1.0
13,0,-0.3333333333333333,0,1.0
13,0,-0.6666666666666666,0,0.742
13,0,-1.0,0,1.0
13,0,-0.6666666666666666,0,1.0
13,0,-1.0,0,1.0
13,0,-1.0,0,1.0
13,0,-1.0,0,1.0
13,0,-0.6666666666666666,0,1.0
13,1,0.6666666666666666,1,0.6080000000000001
13,1,1.0,1,0.4419999999999999
13,1,0.3333333333333333,0,0.6280000000000001
13,1,1.0,1,1.0
13,0,-1.0,0,1.0
13,1,0.6666666666666666,1,1.0
13,0,-0.3333333333333333,0,0.4220000000000001
13,0,-0.3333333333333333,0,0.48
13,0,-0.3333333333333333,1,0.55
13,1,1.0,1,1.0
13,1,1.0,1,1.0
13,1,0.6666666666666666,1,1.0
13,1,1.0,1,0.6659999999999999
13,0,-1.0,0,0.8540000000000001
13,0,-0.3333333333333333,1,0.6799999999999999
13,0,-1.0,0,0.966
13,1,0.3333333333333333,1,0.8400000000000001
13,0,-1.0,0,0.934
13,1,1.0,1,0.8340000000000001
13,1,0.3333333333333333,1,0.4299999999999999
13,0,-1.0,0,1.0
13,1,0.3333333333333333,1,0.2119999999999999
13,0,-0.3333333333333333,0,1.0
13,1,0.6666666666666666,0,1.0
13,0,-1.0,0,1.0
13,1,0.3333333333333333,1,1.0
13,1,1.0,1,1.0
13,0,-0.6666666666666666,0,1.0
13,0,-0.3333333333333333,0,1.0
13,0,-1.0,0,1.0
13,1,0.3333333333333333,1,0.478
13,0,-0.3333333333333333,1,0.3400000000000001
13,1,0.6666666666666666,1,1.0
13,1,0.3333333333333333,1,1.0
13,1,0.6666666666666666,1,0.8460000000000001
13,1,0.3333333333333333,0,0.8519999999999999
13,0,-0.3333333333333333,0,1.0
13,0,-0.3333333333333333,1,0.5760000000000001
13,0,-0.6666666666666666,0,1.0
13,1,1.0,1,0.8819999999999999
13,0,-0.6666666666666666,1,0.1539999999999999
13,1,0.3333333333333333,1,1.0
13,0,-1.0,0,1.0
13,0,-0.6666666666666666,1,0.5800000000000001
13,0,-0.3333333333333333,0,0.804
13,0,-1.0,0,1.0
13,0,-0.3333333333333333,1,0.8200000000000001
13,0,-0.3333333333333333,0,1.0
13,1,1.0,1,1.0
13,0,-0.6666666666666666,0,0.8280000000000001
13,0,-0.6666666666666666,1,1.0
13,1,1.0,1,0.91
13,1,0.6666666666666666,1,0.8600000000000001
13,1,1.0,1,1.0
13,1,0.3333333333333333,1,1.0
13,0,-1.0,0,1.0
13,0,-0.6666666666666666,1,1.0
13,1,1.0,1,1.0
13,1,0.6666666666666666,0,0.6839999999999999
13,1,0.3333333333333333,0,0.6099999999999999
13,1,1.0,1,1.0
13,0,-0.3333333333333333,0,0.756
13,0,-0.3333333333333333,1,0.286
13,1,0.3333333333333333,1,0.942
13,1,1.0,1,0.298
13,1,1.0,1,0.552
13,1,0.6666666666666666,1,0.3640000000000001
13,0,-0.6666666666666666,1,0.6339999999999999
13,0,-0.6666666666666666,0,0.804
13,0,-1.0,0,0.4119999999999999
13,0,-0.3333333333333333,1,1.0
13,1,1.0,1,1.0
13,0,-0.6666666666666666,0,1.0
13,0,-0.3333333333333333,0,1.0
13,0,-1.0,0,1.0
13,0,-0.6666666666666666,1,0.3420000000000001
13,0,-0.6666666666666666,0,0.5979999999999999
13,0,-1.0,0,0.966
13,1,1.0,1,0.6479999999999999
13,1,0.6666666666666666,1,0.988
13,0,-0.6666666666666666,1,0.752
13,0,-1.0,0,0.5720000000000001
13,0,-1.0,0,1.0
13,0,-0.6666666666666666,0,0.264
13,0,-1.0,0,1.0
13,1,0.3333333333333333,1,0.808
13,1,0.6666666666666666,1,0.5960000000000001
13,0,-0.6666666666666666,0,0.26
13,1,0.3333333333333333,1,0.4539999999999999
13,1,0.3333333333333333,1,0.2219999999999999
13,1,0.6666666666666666,1,0.506
13,1,0.6666666666666666,1,0.5680000000000001
13,1,0.6666666666666666,1,0.6559999999999999
13,0,-0.6666666666666666,0,0.276
13,1,1.0,1,0.5740000000000001
13,1,0.6666666666666666,1,0.5700000000000001
13,0,-0.3333333333333333,0,0.304
13,0,-0.6666666666666666,0,0.756
13,1,1.0,1,0.478
13,0,-0.3333333333333333,0,0.4100000000000001
13,0,-0.3333333333333333,0,0.3559999999999998
13,1,1.0,1,0.738
13,0,-1.0,1,0.3640000000000001
13,1,0.6666666666666666,0,0.306
13,0,-0.3333333333333333,1,0.6619999999999999
13,1,1.0,1,0.788
13,1,0.6666666666666666,0,0.474
13,1,0.3333333333333333,1,0.7
13,1,0.3333333333333333,0,0.3159999999999998
13,1,0.6666666666666666,1,0.744
13,1,0.3333333333333333,1,0.72
13,1,0.3333333333333333,1,0.6839999999999999
13,0,-0.6666666666666666,0,0.488
13,1,0.6666666666666666,1,0.73
13,1,0.3333333333333333,1,0.3700000000000001
13,0,-0.6666666666666666,0,0.902
13,0,-0.6666666666666666,0,0.8900000000000001
13,1,1.0,1,1.0
13,0,-1.0,0,0.4559999999999999
13,1,0.6666666666666666,1,0.4459999999999999
13,0,-0.6666666666666666,0,0.1720000000000001
13,0,-0.3333333333333333,0,0.8260000000000001
13,0,-0.3333333333333333,0,1.0
13,0,-0.3333333333333333,0,0.304
13,0,-1.0,0,0.3439999999999998
13,0,-0.6666666666666666,0,0.4519999999999999
13,0,-0.3333333333333333,0,0.69
13,1,1.0,1,0.8939999999999999
13,0,-0.6666666666666666,1,0.1779999999999999
13,1,0.3333333333333333,1,0.3320000000000001
13,1,0.6666666666666666,1,1.0
13,1,0.6666666666666666,1,1.0
13,0,-0.6666666666666666,0,0.3780000000000001
13,0,-0.3333333333333333,1,0.8899999999999999
13,1,0.6666666666666666,1,0.8999999999999999
13,1,0.3333333333333333,1,0.2159999999999999
13,1,0.6666666666666666,1,1.0
13,1,0.6666666666666666,0,1.0
13,0,-0.3333333333333333,1,0.6719999999999999
13,1,1.0,1,0.762
13,1,0.3333333333333333,1,1.0
13,0,-0.6666666666666666,0,0.754
13,1,0.3333333333333333,1,1.0
13,0,-0.6666666666666666,1,0.726
13,0,-0.6666666666666666,0,0.2099999999999999
13,1,0.3333333333333333,1,0.4659999999999999
13,0,-0.3333333333333333,1,0.492
13,1,1.0,0,0.778
13,1,1.0,1,0.744
13,1,0.6666666666666666,1,0.8180000000000001
13,0,-0.6666666666666666,0,0.944
13,0,-1.0,1,0.502
13,1,1.0,1,0.6439999999999999
13,1,0.3333333333333333,1,0.474
13,1,0.3333333333333333,1,0.4039999999999999
13,1,1.0,1,1.0
13,1,1.0,1,0.8580000000000001
13,1,0.6666666666666666,0,0.3820000000000001
13,0,-0.6666666666666666,0,0.4260000000000001
13,1,0.3333333333333333,1,0.6040000000000001
13,0,-1.0,0,0.808
13,1,0.3333333333333333,1,0.3979999999999999
13,0,-1.0,1,0.078
13,1,0.3333333333333333,1,0.4339999999999999
13,0,-0.6666666666666666,0,0.4579999999999999
13,0,-1.0,1,0.4099999999999999
13,0,-0.6666666666666666,0,0.744
13,1,1.0,1,0.6080000000000001
13,1,1.0,1,0.8500000000000001
13,0,-1.0,0,0.6080000000000001
13,1,0.3333333333333333,1,0.6539999999999999
13,1,0.3333333333333333,0,0.548
13,0,-0.6666666666666666,0,0.554
13,1,1.0,1,0.726
13,1,0.6666666666666666,1,0.484
13,0,-1.0,0,1.0
13,1,0.3333333333333333,1,0.47
13,1,0.6666666666666666,0,0.6480000000000001
13,1,0.3333333333333333,1,0.6040000000000001
13,0,-0.3333333333333333,1,0.5940000000000001
13,0,-1.0,0,0.6120000000000001
13,0,-0.3333333333333333,0,0.6160000000000001
13,0,-0.3333333333333333,0,0.4159999999999999
13,0,-1.0,0,0.8399999999999999
13,1,0.3333333333333333,1,0.8260000000000001
13,0,-0.3333333333333333,0,0.096
13,1,0.3333333333333333,0,0.2039999999999999
13,1,1.0,1,0.3999999999999999
13,1,0.6666666666666666,1,0.3680000000000001
13,1,1.0,1,1.0
13,1,0.3333333333333333,1,1.0
13,1,0.6666666666666666,1,0.6779999999999999
13,1,1.0,1,1.0
13,0,-0.6666666666666666,0,0.8479999999999999
13,0,-0.6666666666666666,1,0.3819999999999999
13,1,0.6666666666666666,1,0.6739999999999999
13,0,-0.3333333333333333,0,0.774
13,0,-1.0,0,0.794
13,0,-1.0,0,0.812
13,0,-0.6666666666666666,0,0.262
13,1,0.3333333333333333,1,0.706
13,0,-1.0,0,0.728
13,0,-0.3333333333333333,1,0.4599999999999999
13,1,1.0,1,0.738
13,0,-0.3333333333333333,1,0.314
13,1,0.3333333333333333,1,0.996
13,0,-0.6666666666666666,1,0.3680000000000001
13,0,-0.3333333333333333,0,0.8879999999999999
13,0,-1.0,0,0.912
13,0,-1.0,0,0.5820000000000001
13,1,0.3333333333333333,0,0.3740000000000001
13,1,1.0,1,0.6619999999999999
13,0,-0.6666666666666666,0,0.524
13,0,-0.3333333333333333,0,0.258
13,1,0.3333333333333333,1,0.1279999999999999
13,0,-0.3333333333333333,0,0.3719999999999999
13,1,0.3333333333333333,1,0.4579999999999999
13,1,1.0,1,0.4239999999999999
13,1,1.0,1,0.544
13,0,-1.0,0,0.508
13,0,-0.3333333333333333,0,0.524
13,0,-1.0,0,0.8519999999999999
13,0,-0.3333333333333333,1,0.806
13,1,0.6666666666666666,1,0.3380000000000001
13,0,-0.6666666666666666,0,0.5860000000000001
13,0,-0.3333333333333333,0,0.3719999999999999
13,0,-1.0,0,0.718
13,1,0.3333333333333333,0,0.6560000000000001
13,0,-1.0,0,0.4359999999999999
13,0,-0.3333333333333333,0,0.8
13,0,-0.3333333333333333,1,0.796
13,1,0.6666666666666666,1,0.5840000000000001
13,1,1.0,1,0.6659999999999999
13,0,-1.0,0,0.5680000000000001
13,0,-1.0,0,1.0
13,1,0.3333333333333333,1,0.51
13,1,0.6666666666666666,0,1.0
13,0,-0.6666666666666666,0,1.0
13,1,0.3333333333333333,0,1.0
13,1,0.6666666666666666,1,1.0
13,1,0.3333333333333333,1,1.0
13,1,0.3333333333333333,1,1.0
13,1,1.0,1,1.0
13,1,1.0,1,1.0
13,1,1.0,1,1.0
13,1,1.0,1,1.0
13,1,0.3333333333333333,1,0.3460000000000001
13,1,0.3333333333333333,1,1.0
13,1,1.0,1,0.534
13,0,-0.6666666666666666,0,0.558
13,1,1.0,1,0.6439999999999999
13,0,-0.6666666666666666,0,0.5820000000000001
13,1,0.3333333333333333,0,0.2019999999999999
13,0,-1.0,0,0.766
13,0,-0.3333333333333333,0,1.0
13,0,-1.0,0,1.0
13,0,-0.6666666666666666,0,0.276
13,1,1.0,1,0.6439999999999999
13,0,-0.3333333333333333,0,0.6739999999999999
13,0,-0.3333333333333333,0,0.2039999999999999
13,1,1.0,1,1.0
13,1,0.6666666666666666,1,0.76
13,1,1.0,1,0.6619999999999999
13,1,0.6666666666666666,1,0.796
13,1,1.0,1,1.0
13,0,-0.6666666666666666,0,0.5800000000000001
13,0,-1.0,0,1.0
13,1,0.6666666666666666,1,1.0
13,0,-1.0,0,1.0
13,0,-1.0,0,0.3900000000000001
13,0,-0.6666666666666666,1,0.3720000000000001
13,1,0.6666666666666666,1,0.6180000000000001
13,0,-0.3333333333333333,0,0.5900000000000001
13,1,0.3333333333333333,1,0.1959999999999999
13,1,1.0,1,0.782
13,0,-1.0,0,0.76
13,1,0.6666666666666666,1,0.906
13,0,-0.3333333333333333,0,0.1979999999999999
13,0,-0.6666666666666666,0,0.712
13,0,-0.3333333333333333,0,0.4679999999999999
13,0,-0.3333333333333333,1,0.734
13,0,-1.0,0,0.714
13,0,-0.3333333333333333,1,0.4119999999999999
13,1,1.0,1,0.8180000000000001
13,1,0.6666666666666666,1,0.948
13,1,0.3333333333333333,1,0.2039999999999999
13,1,1.0,1,1.0
13,0,-1.0,0,1.0
13,1,0.3333333333333333,1,0.552
13,1,0.6666666666666666,1,0.3839999999999999
13,1,1.0,1,0.6160000000000001
13,0,-0.3333333333333333,1,0.4519999999999999
13,0,-0.6666666666666666,0,0.6679999999999999
13,1,0.6666666666666666,1,0.6659999999999999
13,1,0.6666666666666666,1,0.77
13,1,1.0,1,0.8939999999999999
13,0,-0.3333333333333333,0,0.6560000000000001
13,1,0.3333333333333333,1,0.746
13,0,-1.0,0,0.948
13,1,0.6666666666666666,1,0.91
13,0,-1.0,0,0.924
13,0,-0.3333333333333333,0,0.8999999999999999
13,1,0.3333333333333333,1,0.478
13,1,0.3333333333333333,1,0.8400000000000001
13,1,1.0,1,0.8340000000000001
13,0,-1.0,0,0.6759999999999999
13,1,0.3333333333333333,0,0.6679999999999999
13,0,-1.0,0,0.758
13,1,1.0,1,1.0
13,0,-1.0,0,1.0
13,0,-0.6666666666666666,0,0.3159999999999998
13,0,-0.3333333333333333,1,0.726
13,1,0.3333333333333333,1,0.8819999999999999
13,0,-1.0,0,0.788
13,0,-0.6666666666666666,0,0.4419999999999999
13,1,0.6666666666666666,1,0.8300000000000001
13,0,-0.3333333333333333,0,0.4260000000000001
13,0,-1.0,0,0.6240000000000001
13,1,0.3333333333333333,0,0.504
13,1,0.6666666666666666,1,0.804
13,1,1.0,1,0.6859999999999999
13,1,0.6666666666666666,0,0.33
13,1,1.0,1,0.696
13,1,0.6666666666666666,1,0.6399999999999999
13,0,-0.3333333333333333,1,0.2259999999999999
13,1,1.0,1,0.8380000000000001
13,1,1.0,1,0.774
13,1,0.6666666666666666,1,0.3759999999999999
13,1,0.3333333333333333,1,0.6220000000000001
13,1,1.0,1,0.788
13,1,1.0,1,0.532
13,1,1.0,1,0.6240000000000001
13,1,0.3333333333333333,0,0.3740000000000001
13,0,-0.6666666666666666,0,0.6619999999999999
13,0,-0.3333333333333333,1,0.6739999999999999
13,0,-1.0,0,0.5660000000000001
13,0,-0.3333333333333333,0,0.3500000000000001
13,0,-0.6666666666666666,0,0.6139999999999999
13,0,-1.0,0,1.0
13,1,0.3333333333333333,0,0.1259999999999999
13,0,-0.6666666666666666,0,0.546
13,0,-0.6666666666666666,0,0.6259999999999999
13,1,0.3333333333333333,1,0.4679999999999999
13,1,0.6666666666666666,1,0.3919999999999999
13,0,-1.0,0,0.1959999999999999
13,0,-0.3333333333333333,0,0.546
13,0,-1.0,0,0.528
13,0,-0.3333333333333333,0,0.5660000000000001
13,0,-0.3333333333333333,0,0.688
13,1,1.0,0,0.758
13,1,0.3333333333333333,1,0.71
13,0,-0.6666666666666666,1,0.3799999999999999
13,1,0.6666666666666666,1,0.264
13,1,1.0,1,0.6080000000000001
13,0,-0.6666666666666666,1,0.1759999999999999
13,0,-1.0,0,0.77
13,0,-0.6666666666666666,0,0.792
13,1,0.6666666666666666,1,0.6479999999999999
13,0,-0.6666666666666666,0,0.6719999999999999
13,1,0.6666666666666666,1,0.5
13,0,-0.3333333333333333,0,0.6280000000000001
13,1,1.0,1,0.554
13,0,-0.6666666666666666,0,0.6019999999999999
13,1,0.6666666666666666,0,0.6000000000000001
13,0,-1.0,0,0.6219999999999999
13,1,1.0,1,0.49
13,0,-0.6666666666666666,0,0.6040000000000001
13,0,-0.6666666666666666,0,0.6819999999999999
13,1,0.6666666666666666,1,0.54
13,1,0.6666666666666666,0,0.3679999999999999
13,1,1.0,1,0.6279999999999999
13,1,1.0,1,0.488
13,0,-1.0,0,0.3919999999999999
13,0,-1.0,0,0.734
13,0,-0.3333333333333333,1,0.974
13,1,1.0,1,0.4259999999999999
13,1,0.6666666666666666,1,0.6619999999999999
13,0,-1.0,0,0.932
13,1,0.3333333333333333,1,0.722
13,1,1.0,1,0.56
13,0,-0.3333333333333333,1,0.2199999999999999
13,0,-0.6666666666666666,1,0.4279999999999999
13,1,1.0,1,0.3580000000000001
13,1,1.0,0,0.3580000000000001
13,0,-0.3333333333333333,1,0.3440000000000001
13,1,0.6666666666666666,1,0.4479999999999999
13,0,-0.6666666666666666,0,1.0
13,1,0.6666666666666666,1,1.0
13,0,-0.3333333333333333,1,0.1819999999999999
13,1,0.6666666666666666,1,1.0
13,1,0.6666666666666666,0,0.776
13,1,1.0,1,1.0
13,1,0.6666666666666666,1,0.542
13,1,1.0,1,0.738
13,0,-0.6666666666666666,0,0.8980000000000001
13,1,0.6666666666666666,1,0.8640000000000001
13,1,0.3333333333333333,1,0.8939999999999999
13,1,1.0,1,0.8300000000000001
13,0,-1.0,1,0.54
13,1,1.0,1,0.524
13,1,0.6666666666666666,1,1.0
13,1,1.0,1,1.0
13,0,-1.0,0,1.0
13,0,-1.0,0,1.0
13,0,-0.6666666666666666,0,1.0
13,1,0.3333333333333333,1,0.3420000000000001
13,0,-0.6666666666666666,0,1.0
13,0,-1.0,0,1.0
13,1,1.0,1,1.0
13,0,-0.3333333333333333,0,0.286
13,1,0.6666666666666666,1,0.8620000000000001
13,0,-1.0,0,1.0
13,1,1.0,0,0.308
13,1,1.0,0,0.1579999999999999
13,1,0.6666666666666666,0,0.6499999999999999
13,1,0.6666666666666666,0,0.73
13,1,0.3333333333333333,0,1.0
13,1,0.6666666666666666,0,0.4079999999999999
13,0,-0.3333333333333333,0,0.706
13,0,-0.3333333333333333,0,0.796
13,0,-1.0,0,1.0
13,0,-0.3333333333333333,0,0.782
13,1,0.6666666666666666,0,0.734
13,0,-0.6666666666666666,0,0.8519999999999999
13,1,0.3333333333333333,1,0.3320000000000001
13,0,-0.6666666666666666,0,0.782
13,0,-0.6666666666666666,0,0.52
13,1,0.3333333333333333,0,0.8620000000000001
13,0,-0.6666666666666666,0,0.996
13,0,-0.3333333333333333,0,1.0
13,0,-0.6666666666666666,0,0.4359999999999999
13,0,-0.6666666666666666,0,0.6639999999999999
13,1,1.0,1,0.714
13,0,-1.0,0,0.75
13,1,0.6666666666666666,1,0.524
13,0,-0.3333333333333333,0,0.238
13,1,1.0,1,1.0
13,1,0.3333333333333333,1,0.6679999999999999
13,0,-0.6666666666666666,0,1.0
13,1,1.0,1,1.0
13,0,-0.6666666666666666,0,1.0
13,0,-0.6666666666666666,0,1.0
13,1,1.0,1,1.0
13,1,0.6666666666666666,1,1.0
13,0,-1.0,0,1.0
13,1,1.0,1,1.0
13,1,0.3333333333333333,1,0.6419999999999999
13,1,0.3333333333333333,0,0.1959999999999999
13,1,1.0,1,1.0
13,1,0.3333333333333333,0,0.294
13,0,-0.3333333333333333,1,0.3520000000000001
13,0,-0.6666666666666666,0,1.0
13,1,0.3333333333333333,1,0.4539999999999999
13,0,-0.3333333333333333,1,0.4059999999999999
13,0,-0.6666666666666666,0,0.522
13,0,-1.0,0,1.0
13,1,0.3333333333333333,1,0.492
13,1,0.3333333333333333,0,0.8820000000000001
13,1,1.0,1,1.0
13,1,1.0,0,0.746
13,0,-0.3333333333333333,0,0.4399999999999999
13,0,-0.6666666666666666,0,0.8620000000000001
13,1,1.0,1,1.0
13,0,-1.0,0,1.0
13,0,-1.0,0,1.0
13,1,1.0,1,1.0
13,1,0.3333333333333333,1,1.0
13,0,-0.6666666666666666,1,0.2039999999999999
13,0,-0.6666666666666666,0,0.526
13,0,-0.3333333333333333,0,0.2339999999999999
13,1,0.6666666666666666,1,0.2179999999999999
13,1,0.6666666666666666,0,0.002
13,0,-0.3333333333333333,1,0.238
13,1,1.0,1,0.78
13,0,-1.0,0,0.8319999999999999
13,0,-0.3333333333333333,0,0.722
13,0,-1.0,1,0.1439999999999999
13,1,0.3333333333333333,1,0.4099999999999999
13,1,0.6666666666666666,1,0.6719999999999999
13,0,-0.3333333333333333,0,0.1899999999999999
13,0,-1.0,0,1.0
13,0,-0.6666666666666666,0,1.0
13,1,0.6666666666666666,1,0.494
13,1,0.3333333333333333,0,0.3780000000000001
13,1,1.0,1,0.512
13,0,-1.0,0,0.722
13,1,1.0,1,1.0
13,1,0.3333333333333333,1,0.258
13,0,-1.0,0,0.788
13,0,-0.6666666666666666,1,0.4359999999999999
13,0,-0.6666666666666666,0,0.4659999999999999
13,1,1.0,1,0.696
13,0,-0.3333333333333333,0,0.6040000000000001
13,0,-0.3333333333333333,0,0.81
13,0,-1.0,0,1.0
13,1,1.0,1,1.0
13,1,1.0,1,0.1699999999999999
13,1,1.0,0,0.6200000000000001
13,0,-0.6666666666666666,0,0.71
13,1,0.6666666666666666,1,0.294
13,0,-0.3333333333333333,0,0.8359999999999999
13,0,-1.0,0,0.4340000000000001
13,0,-0.3333333333333333,0,1.0
13,0,-1.0,0,1.0
13,0,-0.3333333333333333,0,1.0
13,1,0.3333333333333333,1,0.51
13,1,0.3333333333333333,0,0.716
13,1,0.3333333333333333,1,0.8839999999999999
13,1,0.3333333333333333,1,0.6339999999999999
13,0,-1.0,0,1.0
13,1,1.0,1,1.0
13,0,-0.3333333333333333,1,1.0
13,0,-1.0,0,1.0
13,1,1.0,1,1.0
13,1,0.6666666666666666,1,1.0
13,0,-0.3333333333333333,1,0.534
13,1,0.6666666666666666,1,0.928
13,0,-1.0,1,0.1599999999999999
13,0,-0.3333333333333333,1,0.508
13,1,0.6666666666666666,1,0.8360000000000001
13,0,-1.0,0,0.4100000000000001
13,0,-1.0,0,1.0
13,0,-0.6666666666666666,0,0.754
13,1,0.6666666666666666,1,0.758
13,0,-0.6666666666666666,0,0.6520000000000001
13,0,-0.6666666666666666,0,0.6240000000000001
13,1,0.3333333333333333,0,0.544
13,1,1.0,1,0.6399999999999999
13,0,-0.3333333333333333,0,0.5640000000000001
13,0,-1.0,0,0.8200000000000001
13,0,-0.6666666666666666,0,1.0
13,0,-0.3333333333333333,0,0.278
13,0,-0.6666666666666666,0,0.706
13,1,0.3333333333333333,0,0.6000000000000001
13,1,1.0,1,0.958
13,1,1.0,0,0.766
13,1,0.6666666666666666,1,0.5840000000000001
13,1,0.6666666666666666,1,0.278
13,0,-1.0,0,1.0
13,0,-0.6666666666666666,0,1.0
13,0,-1.0,0,1.0
13,0,-0.6666666666666666,0,0.252
13,0,-1.0,0,1.0
13,0,-0.3333333333333333,0,1.0
13,1,0.6666666666666666,1,0.4419999999999999
13,1,0.3333333333333333,1,0.038
13,1,1.0,1,0.8320000000000001
13,1,0.3333333333333333,1,0.1559999999999999
13,0,-0.3333333333333333,0,0.508
13,1,1.0,1,0.8420000000000001
13,1,0.3333333333333333,0,0.776
13,1,0.6666666666666666,1,1.0
13,0,-0.6666666666666666,0,0.3999999999999999
13,0,-0.3333333333333333,0,0.96
13,1,0.3333333333333333,1,0.918
13,1,0.3333333333333333,1,0.746
13,1,0.6666666666666666,1,0.746
13,1,0.3333333333333333,1,0.1939999999999999
13,1,0.3333333333333333,1,0.4399999999999999
13,0,-1.0,0,0.962
13,1,1.0,1,1.0
13,0,-0.3333333333333333,1,0.8360000000000001
13,1,0.6666666666666666,1,0.8400000000000001
13,1,1.0,1,0.3759999999999999
13,1,0.6666666666666666,1,0.754
13,1,1.0,1,1.0
13,0,-0.6666666666666666,0,0.904
13,0,-0.6666666666666666,0,1.0
13,1,0.3333333333333333,0,0.7
13,1,0.3333333333333333,0,0.536
13,1,0.3333333333333333,1,0.482
13,1,1.0,1,1.0
13,1,0.6666666666666666,0,0.6799999999999999
13,0,-1.0,0,0.5840000000000001
13,1,0.3333333333333333,1,0.762
13,1,0.3333333333333333,1,0.484
13,0,-0.3333333333333333,0,1.0
13,1,0.6666666666666666,1,0.244
13,0,-0.6666666666666666,0,0.552
13,1,1.0,1,0.93
13,1,0.3333333333333333,1,0.956
13,0,-0.6666666666666666,0,0.768
13,0,-1.0,0,0.916
13,0,-0.6666666666666666,0,0.8519999999999999
13,0,-0.6666666666666666,1,0.3959999999999999
13,1,0.3333333333333333,0,0.3159999999999998
13,1,1.0,1,0.6519999999999999
13,1,1.0,1,1.0
13,1,0.3333333333333333,1,0.262
13,0,-0.6666666666666666,1,0.5
13,1,0.6666666666666666,1,0.5900000000000001
13,1,1.0,1,0.712
13,1,1.0,1,0.738
13,0,-1.0,0,1.0
13,1,0.6666666666666666,0,0.1959999999999999
13,0,-0.3333333333333333,1,0.51
13,1,0.3333333333333333,1,0.6599999999999999
13,1,1.0,1,0.48
13,0,-0.3333333333333333,1,0.256
13,0,-0.6666666666666666,0,0.516
13,0,-0.6666666666666666,0,0.8580000000000001
13,1,0.3333333333333333,0,0.3620000000000001
13,0,-1.0,0,0.51
13,0,-0.6666666666666666,0,0.48
13,1,1.0,1,1.0
13,0,-0.3333333333333333,1,0.1639999999999999
13,0,-1.0,0,0.55
13,1,0.6666666666666666,1,0.786
13,0,-0.6666666666666666,0,0.1560000000000001
13,1,1.0,1,0.4599999999999999
13,1,0.6666666666666666,1,0.512
13,0,-1.0,0,1.0
13,0,-0.3333333333333333,0,0.1459999999999999
13,0,-0.6666666666666666,0,0.542
13,0,-1.0,0,0.6000000000000001
13,0,-1.0,0,1.0
13,1,0.3333333333333333,0,0.4539999999999999
13,0,-0.6666666666666666,0,0.6799999999999999
13,1,0.3333333333333333,1,0.5940000000000001
13,1,0.3333333333333333,0,0.306
13,1,0.3333333333333333,1,0.49
13,1,0.3333333333333333,0,0.3199999999999998
13,1,0.3333333333333333,1,0.8220000000000001
13,1,0.6666666666666666,1,0.4219999999999999
13,1,0.3333333333333333,1,0.6180000000000001
13,1,1.0,1,0.738
13,1,0.3333333333333333,1,0.966
13,1,0.6666666666666666,1,0.5880000000000001
13,0,-0.3333333333333333,1,0.732
13,0,-0.3333333333333333,1,1.0
13,0,-0.3333333333333333,0,0.718
13,1,0.3333333333333333,1,0.1759999999999999
13,1,1.0,1,0.6020000000000001
13,0,-0.3333333333333333,0,0.6400000000000001
13,1,0.3333333333333333,1,0.542
13,1,0.3333333333333333,0,0.6120000000000001
13,0,-1.0,0,1.0
13,1,0.6666666666666666,1,0.504
13,1,1.0,1,0.558
13,1,0.3333333333333333,1,0.754
13,0,-0.3333333333333333,0,0.694
13,1,0.6666666666666666,1,0.726
13,1,0.6666666666666666,1,0.772
13,1,0.3333333333333333,1,0.476
13,1,1.0,1,0.6639999999999999
13,1,0.6666666666666666,1,0.8819999999999999
13,1,1.0,1,1.0
13,1,1.0,0,0.4639999999999999
13,0,-1.0,0,1.0
13,0,-0.6666666666666666,0,1.0
13,0,-1.0,0,1.0
13,1,0.3333333333333333,0,0.48
13,1,0.6666666666666666,1,1.0
13,0,-0.3333333333333333,0,0.536
13,1,0.6666666666666666,1,0.6399999999999999
13,0,-0.3333333333333333,0,0.3420000000000001
13,0,-1.0,0,1.0
13,0,-1.0,0,1.0
13,1,0.3333333333333333,1,0.6759999999999999
13,0,-0.6666666666666666,0,1.0
13,1,0.6666666666666666,0,0.48
13,0,-0.6666666666666666,0,1.0
13,0,-0.3333333333333333,0,1.0
13,1,1.0,1,0.296
13,0,-1.0,0,1.0
13,1,0.3333333333333333,0,0.076
13,1,0.3333333333333333,0,0.958
13,1,0.6666666666666666,1,1.0
13,1,0.6666666666666666,0,0.4279999999999999
13,1,1.0,0,0.008
13,1,1.0,1,0.5700000000000001
13,1,0.3333333333333333,0,0.5979999999999999
13,0,-0.6666666666666666,0,0.504
13,1,1.0,1,0.72
13,1,0.6666666666666666,0,0.498
13,1,1.0,1,0.6719999999999999
13,0,-0.6666666666666666,0,0.798
13,0,-1.0,0,0.732
13,0,-0.6666666666666666,0,1.0
13,0,-0.6666666666666666,0,1.0
13,1,0.3333333333333333,1,0.73
13,1,1.0,1,1.0
13,0,-0.3333333333333333,1,1.0
13,0,-1.0,0,0.8340000000000001
13,1,0.3333333333333333,1,0.476
13,0,-0.3333333333333333,1,0.4399999999999999
14,1,0.3333333333333333,1,0.3640000000000001
14,0,-1.0,0,0.1640000000000001
14,0,-1.0,0,0.3639999999999999
14,0,-1.0,0,0.6219999999999999
14,0,-0.3333333333333333,0,0.55
14,1,0.6666666666666666,0,0.1019999999999998
14,1,1.0,1,0.4679999999999999
14,0,-0.3333333333333333,0,0.0739999999999998
14,1,0.3333333333333333,0,0.04
14,1,1.0,1,0.5640000000000001
14,0,-0.3333333333333333,1,0.1459999999999999
14,0,-1.0,0,0.8959999999999999
14,1,0.6666666666666666,1,0.6739999999999999
14,0,-0.6666666666666666,0,0.506
14,0,-1.0,0,0.2079999999999999
14,0,-1.0,0,0.4439999999999999
14,0,-1.0,0,0.26
14,1,1.0,1,0.6319999999999999
14,0,-0.6666666666666666,0,0.052
14,0,-0.6666666666666666,0,0.088
14,0,-1.0,0,0.272
14,0,-0.6666666666666666,0,0.6259999999999999
14,1,1.0,1,0.6459999999999999
14,0,-1.0,0,0.502
14,1,0.3333333333333333,1,0.274
14,0,-0.6666666666666666,0,0.1520000000000001
14,1,1.0,1,0.6519999999999999
14,1,0.6666666666666666,1,0.552
14,1,1.0,1,0.526
14,1,0.3333333333333333,0,0.068
14,0,-1.0,0,0.1840000000000001
14,0,-0.6666666666666666,0,0.33
14,0,-0.6666666666666666,1,0.066
14,0,-0.3333333333333333,0,0.05
14,1,0.3333333333333333,0,0.1120000000000001
14,0,-0.3333333333333333,1,0.046
14,1,0.3333333333333333,1,0.014
14,1,0.6666666666666666,1,0.6180000000000001
14,1,0.6666666666666666,0,0.4180000000000001
14,0,-0.3333333333333333,1,0.1080000000000001
14,1,1.0,1,0.55
14,1,0.6666666666666666,0,0.2239999999999999
14,1,1.0,1,0.298
14,1,1.0,1,0.524
14,0,-1.0,0,0.4499999999999999
14,1,0.6666666666666666,0,0.1059999999999998
14,0,-1.0,0,0.784
14,1,0.3333333333333333,1,0.756
14,1,0.6666666666666666,1,0.3939999999999999
14,1,0.6666666666666666,1,0.5700000000000001
14,0,-0.3333333333333333,1,0.1559999999999999
14,1,0.3333333333333333,0,0.1819999999999999
14,1,0.3333333333333333,1,0.324
14,1,1.0,1,0.002
14,1,0.6666666666666666,1,0.022
14,1,0.3333333333333333,0,0.0699999999999998
14,0,-0.6666666666666666,0,0.2019999999999999
14,1,0.3333333333333333,1,0.716
14,1,0.3333333333333333,0,0.1400000000000001
14,1,1.0,0,0.092
14,1,0.3333333333333333,1,0.038
14,1,0.6666666666666666,1,0.484
14,0,-0.6666666666666666,1,0.1859999999999999
14,0,-1.0,0,0.4260000000000001
14,0,-0.3333333333333333,1,0.1140000000000001
14,0,-0.6666666666666666,1,0.032
14,1,0.3333333333333333,0,0.1200000000000001
14,1,1.0,1,0.26
14,1,0.6666666666666666,1,0.002
14,1,0.3333333333333333,1,0.1559999999999999
14,0,-0.6666666666666666,0,0.242
14,1,0.6666666666666666,1,0.3839999999999999
14,0,-1.0,0,0.276
14,0,-0.6666666666666666,0,0.052
14,1,0.6666666666666666,0,0.1659999999999999
14,0,-0.6666666666666666,0,0.1160000000000001
14,1,1.0,1,0.3979999999999999
14,0,-0.6666666666666666,0,0.1
14,0,-0.3333333333333333,1,0.1439999999999999
14,1,0.6666666666666666,1,0.04
14,1,1.0,1,0.1979999999999999
14,0,-0.6666666666666666,0,0.716
14,1,0.3333333333333333,1,0.54
14,1,0.6666666666666666,1,0.316
14,1,1.0,1,0.07
14,0,-0.6666666666666666,1,0.276
14,0,-1.0,1,0.004
14,1,1.0,1,0.09
14,1,0.6666666666666666,0,0.0859999999999998
14,0,-0.6666666666666666,0,0.1
14,0,-0.3333333333333333,0,0.0899999999999998
14,0,-0.3333333333333333,0,0.1059999999999998
14,1,0.6666666666666666,0,0.0859999999999998
14,0,-0.6666666666666666,0,0.294
14,0,-0.3333333333333333,1,0.1120000000000001
14,0,-0.3333333333333333,0,0.6280000000000001
14,0,-0.3333333333333333,1,0.26
14,0,-0.3333333333333333,0,0.0
14,0,-0.6666666666666666,0,0.004
14,1,1.0,1,0.4299999999999999
14,1,1.0,1,0.3959999999999999
14,1,0.6666666666666666,1,0.302
14,1,0.6666666666666666,1,0.5960000000000001
14,1,0.3333333333333333,1,0.028
14,1,1.0,1,0.6459999999999999
14,1,1.0,1,0.238
14,0,-0.3333333333333333,1,0.002
14,1,0.6666666666666666,1,0.1160000000000001
14,0,-0.3333333333333333,1,0.012
14,0,-1.0,0,0.1979999999999999
14,0,-0.3333333333333333,1,0.3799999999999999
14,0,-0.3333333333333333,1,0.092
14,0,-0.6666666666666666,1,0.03
14,1,1.0,1,0.4599999999999999
14,0,-1.0,0,0.262
14,0,-0.6666666666666666,0,0.2059999999999999
14,1,1.0,1,0.474
14,0,-0.3333333333333333,1,0.102
14,1,1.0,1,0.062
14,1,0.6666666666666666,1,0.1639999999999999
14,1,1.0,1,0.1240000000000001
14,1,0.6666666666666666,1,0.1379999999999999
14,0,-1.0,0,0.8679999999999999
14,1,0.3333333333333333,1,0.8260000000000001
14,0,-1.0,1,0.264
14,0,-0.3333333333333333,0,0.5780000000000001
14,1,0.6666666666666666,0,0.4300000000000001
14,0,-0.3333333333333333,0,0.1059999999999998
14,0,-1.0,0,0.766
14,0,-0.6666666666666666,0,0.1560000000000001
14,0,-0.6666666666666666,1,0.2259999999999999
14,1,0.3333333333333333,0,0.252
14,0,-0.6666666666666666,1,0.268
14,0,-0.3333333333333333,0,0.1859999999999999
14,1,0.6666666666666666,1,0.6160000000000001
14,0,-0.3333333333333333,0,0.702
14,1,1.0,1,0.6719999999999999
14,0,-1.0,0,0.298
14,0,-1.0,0,0.722
14,0,-0.3333333333333333,1,0.236
14,0,-0.3333333333333333,0,0.282
14,0,-1.0,0,0.72
14,0,-0.3333333333333333,0,0.0739999999999998
14,0,-1.0,0,0.2019999999999999
14,0,-0.3333333333333333,0,0.3
14,1,1.0,1,0.81
14,0,-0.6666666666666666,0,0.74
14,0,-1.0,0,0.302
14,0,-0.6666666666666666,0,0.3759999999999999
14,1,0.6666666666666666,1,0.6719999999999999
14,1,0.3333333333333333,1,0.4439999999999999
14,0,-0.3333333333333333,1,0.4159999999999999
14,1,0.6666666666666666,1,0.4279999999999999
14,1,1.0,1,0.6439999999999999
14,1,0.6666666666666666,1,0.1579999999999999
14,1,0.6666666666666666,1,0.1599999999999999
14,1,0.3333333333333333,0,0.3740000000000001
14,1,0.3333333333333333,1,0.3500000000000001
14,0,-0.3333333333333333,1,0.052
14,0,-0.3333333333333333,1,0.262
14,0,-1.0,0,0.6099999999999999
14,1,0.6666666666666666,1,0.474
14,1,0.6666666666666666,0,0.08
14,0,-1.0,0,0.31
14,0,-0.3333333333333333,0,0.314
14,1,0.6666666666666666,1,0.3979999999999999
14,1,0.3333333333333333,1,0.3560000000000001
14,1,0.3333333333333333,1,0.288
14,1,0.3333333333333333,0,0.06
14,0,-0.3333333333333333,1,0.1919999999999999
14,1,0.6666666666666666,1,0.1979999999999999
14,1,0.3333333333333333,1,0.052
14,1,0.6666666666666666,1,0.016
14,1,0.3333333333333333,1,0.102
14,0,-0.6666666666666666,1,0.064
14,1,0.6666666666666666,1,0.238
14,1,0.6666666666666666,1,0.046
14,0,-1.0,0,0.488
14,0,-0.3333333333333333,1,0.1479999999999999
14,0,-0.6666666666666666,0,0.958
14,1,1.0,1,0.298
14,0,-0.6666666666666666,0,0.52
14,1,1.0,1,0.786
14,0,-1.0,0,0.6619999999999999
14,1,0.6666666666666666,1,0.5700000000000001
14,1,0.3333333333333333,1,0.3340000000000001
14,1,0.6666666666666666,0,0.75
14,0,-0.6666666666666666,1,0.2179999999999999
14,1,0.6666666666666666,1,0.5800000000000001
14,1,0.3333333333333333,1,0.6240000000000001
14,1,0.6666666666666666,1,0.5
14,1,0.6666666666666666,1,0.4399999999999999
14,1,0.6666666666666666,1,1.0
14,0,-1.0,1,0.498
14,1,1.0,0,0.288
14,0,-0.6666666666666666,1,0.264
14,0,-0.6666666666666666,0,0.1560000000000001
14,1,0.6666666666666666,1,0.1799999999999999
14,1,0.6666666666666666,0,0.1720000000000001
14,0,-0.3333333333333333,1,0.1579999999999999
14,1,0.6666666666666666,1,0.4559999999999999
14,1,1.0,1,0.3360000000000001
14,0,-0.6666666666666666,0,0.286
14,0,-0.3333333333333333,1,0.1379999999999999
14,1,1.0,1,0.3899999999999999
14,1,1.0,1,0.292
14,0,-0.3333333333333333,0,0.53
14,1,1.0,1,0.6479999999999999
14,0,-1.0,0,0.6179999999999999
14,0,-0.3333333333333333,0,0.1
14,1,1.0,1,0.542
14,1,0.3333333333333333,1,0.1839999999999999
14,0,-1.0,0,0.3719999999999999
14,1,0.6666666666666666,0,0.3359999999999998
14,0,-0.6666666666666666,0,0.3940000000000001
14,0,-0.3333333333333333,1,0.4179999999999999
14,1,0.3333333333333333,0,0.284
14,1,0.6666666666666666,0,0.03
14,0,-1.0,0,0.3559999999999998
14,1,1.0,1,0.81
14,1,0.6666666666666666,1,0.522
14,1,0.6666666666666666,1,0.69
14,0,-0.3333333333333333,0,0.504
14,0,-1.0,1,0.4259999999999999
14,0,-1.0,1,0.5800000000000001
14,1,0.6666666666666666,1,0.6000000000000001
14,1,1.0,1,0.6639999999999999
14,0,-1.0,0,0.6179999999999999
14,1,0.6666666666666666,0,0.4579999999999999
14,0,-0.6666666666666666,0,0.504
14,0,-0.6666666666666666,1,0.252
14,0,-0.6666666666666666,0,0.3820000000000001
14,0,-0.6666666666666666,0,0.1419999999999999
14,1,0.6666666666666666,1,0.1839999999999999
14,0,-1.0,0,0.6859999999999999
14,1,1.0,0,0.306
14,1,1.0,1,0.6299999999999999
14,0,-0.6666666666666666,1,0.25
14,1,0.6666666666666666,1,0.272
14,1,1.0,1,0.546
14,0,-0.3333333333333333,0,0.1120000000000001
14,1,1.0,1,0.284
14,0,-1.0,0,0.292
14,0,-0.6666666666666666,1,0.3
14,1,0.3333333333333333,1,0.28
14,1,0.6666666666666666,1,0.238
14,0,-0.6666666666666666,1,0.1220000000000001
14,0,-0.6666666666666666,0,0.6080000000000001
14,0,-1.0,1,0.1100000000000001
14,1,0.6666666666666666,0,0.2079999999999999
14,1,1.0,1,0.504
14,1,0.3333333333333333,1,0.3740000000000001
14,1,0.3333333333333333,1,0.276
14,1,1.0,0,0.5979999999999999
14,1,1.0,1,0.3660000000000001
14,1,0.6666666666666666,1,0.294
14,1,0.6666666666666666,0,0.1840000000000001
14,0,-0.6666666666666666,1,0.2179999999999999
14,0,-0.3333333333333333,0,0.4079999999999999
14,0,-0.6666666666666666,1,0.6619999999999999
14,0,-0.6666666666666666,0,0.2319999999999999
14,1,1.0,1,0.1100000000000001
14,0,-0.6666666666666666,1,0.018
14,1,0.3333333333333333,0,0.0659999999999998
14,1,1.0,1,0.2239999999999999
14,0,-1.0,0,0.4459999999999999
14,0,-1.0,0,0.314
14,1,0.6666666666666666,1,0.04
14,1,0.6666666666666666,1,0.244
14,1,1.0,1,0.6439999999999999
14,0,-0.6666666666666666,1,0.1140000000000001
14,1,0.6666666666666666,1,0.004
14,0,-0.3333333333333333,0,0.104
14,0,-0.3333333333333333,0,0.068
14,0,-0.6666666666666666,0,0.244
14,1,0.3333333333333333,1,0.32
14,0,-0.6666666666666666,0,0.258
14,1,1.0,1,0.5720000000000001
14,1,0.3333333333333333,0,0.0819999999999998
14,1,0.6666666666666666,1,0.532
14,0,-0.3333333333333333,0,0.4499999999999999
14,0,-0.6666666666666666,0,0.6699999999999999
14,0,-1.0,0,0.4639999999999999
14,0,-0.3333333333333333,0,0.278
14,0,-1.0,1,0.4579999999999999
14,0,-1.0,0,0.728
14,0,-1.0,0,0.5720000000000001
14,0,-0.3333333333333333,0,0.8319999999999999
14,1,0.3333333333333333,0,0.1099999999999998
14,0,-0.3333333333333333,0,0.03
14,0,-0.6666666666666666,1,0.1719999999999999
14,1,0.3333333333333333,0,0.3279999999999998
14,0,-0.3333333333333333,0,0.1739999999999999
14,1,1.0,1,0.6499999999999999
14,1,0.6666666666666666,1,0.236
14,0,-1.0,1,0.244
14,0,-0.3333333333333333,0,0.1999999999999999
14,0,-0.6666666666666666,1,0.1299999999999999
14,1,0.6666666666666666,1,0.4459999999999999
14,0,-0.3333333333333333,0,0.004
14,1,0.3333333333333333,1,0.308
14,1,0.3333333333333333,0,0.1299999999999999
14,1,0.6666666666666666,0,0.046
14,0,-1.0,1,0.3620000000000001
14,0,-1.0,0,0.472
14,1,0.3333333333333333,0,0.05
14,1,0.6666666666666666,0,0.0819999999999998
14,1,1.0,1,0.002
14,0,-0.3333333333333333,1,0.3919999999999999
14,1,1.0,1,0.324
14,1,0.3333333333333333,1,0.1719999999999999
14,1,0.6666666666666666,0,0.2039999999999999
14,1,0.3333333333333333,0,0.064
14,1,0.3333333333333333,1,0.4159999999999999
14,1,1.0,0,0.03
14,1,1.0,1,0.2259999999999999
14,1,1.0,1,0.8280000000000001
14,0,-0.3333333333333333,0,0.0819999999999998
14,1,1.0,1,0.8420000000000001
14,1,1.0,1,0.6100000000000001
14,0,-1.0,0,0.1139999999999998
14,0,-1.0,1,0.1259999999999999
14,0,-0.3333333333333333,0,0.552
14,1,1.0,1,0.714
14,1,0.6666666666666666,1,0.1559999999999999
14,1,0.3333333333333333,1,0.1319999999999999
14,1,1.0,1,0.73
14,1,1.0,1,0.1799999999999999
14,1,0.6666666666666666,1,0.3600000000000001
14,0,-0.3333333333333333,0,0.4119999999999999
14,0,-0.6666666666666666,0,0.1979999999999999
14,1,0.6666666666666666,1,0.6639999999999999
14,0,-0.3333333333333333,0,0.6019999999999999
14,0,-1.0,0,1.0
14,1,0.6666666666666666,1,0.1579999999999999
14,0,-0.6666666666666666,0,0.778
14,1,0.6666666666666666,1,0.498
14,0,-0.6666666666666666,0,0.1499999999999999
14,0,-0.6666666666666666,1,0.028
14,1,0.3333333333333333,0,0.1339999999999999
14,0,-1.0,0,0.5660000000000001
14,1,1.0,1,0.78
14,0,-0.6666666666666666,0,0.266
14,0,-0.6666666666666666,1,0.4179999999999999
14,1,0.3333333333333333,1,0.4099999999999999
14,0,-1.0,0,0.758
14,1,0.6666666666666666,1,0.1060000000000001
14,1,1.0,0,0.6819999999999999
14,1,0.3333333333333333,1,0.4619999999999999
14,0,-1.0,1,0.048
14,1,0.6666666666666666,0,0.1640000000000001
14,0,-0.6666666666666666,0,0.2179999999999999
14,1,0.3333333333333333,1,0.3979999999999999
14,0,-0.6666666666666666,0,0.02
14,1,0.3333333333333333,1,0.5960000000000001
14,1,0.3333333333333333,1,0.542
14,0,-0.6666666666666666,1,0.1399999999999999
14,0,-0.6666666666666666,0,0.2079999999999999
14,1,0.6666666666666666,1,0.3400000000000001
14,1,1.0,1,0.4679999999999999
14,1,0.6666666666666666,1,0.502
14,1,0.6666666666666666,1,0.99
14,0,-1.0,1,0.4299999999999999
14,1,0.3333333333333333,1,0.288
14,1,1.0,1,0.2319999999999999
14,0,-0.3333333333333333,0,0.1059999999999998
14,1,0.6666666666666666,1,0.1899999999999999
14,0,-1.0,1,0.058
14,0,-1.0,0,0.1339999999999999
14,0,-1.0,0,0.794
14,1,0.3333333333333333,1,0.2239999999999999
14,1,0.3333333333333333,0,0.032
14,0,-1.0,1,0.1799999999999999
14,1,1.0,0,0.486
14,1,1.0,1,0.4159999999999999
14,0,-1.0,0,0.294
14,1,1.0,1,0.29
14,1,0.3333333333333333,1,0.4279999999999999
14,0,-0.3333333333333333,0,0.1059999999999998
14,1,0.3333333333333333,0,0.248
14,1,0.6666666666666666,1,0.2119999999999999
14,1,1.0,1,0.2059999999999999
14,0,-0.6666666666666666,0,0.702
14,1,0.6666666666666666,1,0.544
14,0,-0.3333333333333333,0,0.014
14,0,-0.3333333333333333,0,0.6000000000000001
14,1,0.3333333333333333,1,0.2139999999999999
14,1,0.3333333333333333,1,0.1859999999999999
14,0,-1.0,1,0.268
14,0,-0.6666666666666666,0,0.24
14,0,-0.3333333333333333,1,0.01
14,1,0.3333333333333333,1,0.3320000000000001
14,0,-0.3333333333333333,0,0.474
14,0,-1.0,0,0.746
14,1,0.6666666666666666,1,0.5960000000000001
14,0,-1.0,0,0.482
14,1,0.3333333333333333,1,0.002
14,1,0.3333333333333333,1,0.2339999999999999
14,0,-0.6666666666666666,1,0.3999999999999999
14,0,-1.0,0,0.3780000000000001
14,1,0.6666666666666666,1,0.6100000000000001
14,1,1.0,1,0.8180000000000001
14,0,-1.0,0,0.704
14,1,1.0,1,0.738
14,0,-0.6666666666666666,0,0.1779999999999999
14,1,0.6666666666666666,1,0.758
14,0,-0.6666666666666666,1,0.32
14,1,0.6666666666666666,1,0.2139999999999999
14,1,0.6666666666666666,0,0.286
14,0,-0.6666666666666666,1,0.302
14,1,0.3333333333333333,1,0.1519999999999999
14,0,-1.0,1,0.312
14,0,-0.6666666666666666,0,0.1240000000000001
14,0,-0.6666666666666666,0,0.4159999999999999
14,1,1.0,1,0.81
14,1,0.6666666666666666,1,0.798
14,1,0.6666666666666666,0,0.092
14,1,0.3333333333333333,1,0.33
14,1,0.3333333333333333,0,0.052
14,0,-1.0,0,0.326
14,1,0.3333333333333333,1,0.5740000000000001
14,1,0.6666666666666666,1,0.1619999999999999
14,1,0.6666666666666666,0,0.0779999999999998
14,1,1.0,1,0.544
14,1,0.6666666666666666,1,0.318
14,0,-0.6666666666666666,1,0.238
14,1,0.6666666666666666,1,0.032
14,0,-1.0,0,0.3599999999999999
14,1,0.3333333333333333,0,0.3340000000000001
14,0,-0.3333333333333333,1,0.3480000000000001
14,1,1.0,0,0.1219999999999998
14,1,0.6666666666666666,1,0.492
14,0,-1.0,0,0.532
14,0,-1.0,0,0.3719999999999999
14,1,0.6666666666666666,1,0.3320000000000001
14,1,0.6666666666666666,1,0.3819999999999999
14,0,-0.6666666666666666,0,0.3799999999999999
14,0,-0.6666666666666666,0,0.506
14,1,1.0,1,0.544
14,1,1.0,1,0.488
14,1,1.0,1,0.4139999999999999
14,1,1.0,1,0.3899999999999999
14,1,1.0,1,0.3999999999999999
14,1,0.3333333333333333,1,0.482
14,0,-0.6666666666666666,0,0.8380000000000001
14,1,1.0,1,0.092
14,1,1.0,1,0.3819999999999999
14,0,-0.6666666666666666,1,0.28
14,1,0.6666666666666666,1,0.102
14,0,-1.0,0,0.76
14,1,1.0,1,0.5840000000000001
14,0,-0.3333333333333333,0,0.734
14,0,-0.3333333333333333,1,0.4059999999999999
14,0,-0.3333333333333333,0,0.3359999999999998
14,1,1.0,1,0.734
14,0,-0.3333333333333333,0,0.6679999999999999
14,0,-0.3333333333333333,0,0.3
14,1,0.3333333333333333,1,0.6200000000000001
14,0,-0.6666666666666666,0,0.3759999999999999
14,0,-0.6666666666666666,0,0.3679999999999999
14,1,0.6666666666666666,1,0.528
14,1,0.6666666666666666,1,0.524
14,0,-0.6666666666666666,1,0.754
14,1,0.3333333333333333,1,0.076
14,0,-0.6666666666666666,0,0.556
14,0,-0.3333333333333333,1,0.004
14,0,-0.6666666666666666,1,0.1959999999999999
14,0,-1.0,0,0.2059999999999999
14,0,-1.0,0,0.526
14,0,-0.6666666666666666,0,0.688
14,0,-0.6666666666666666,0,0.1339999999999999
14,1,1.0,1,0.4419999999999999
14,0,-0.3333333333333333,0,0.4100000000000001
14,1,1.0,1,0.546
14,0,-0.3333333333333333,1,0.096
14,0,-1.0,0,0.94
14,1,0.3333333333333333,0,0.038
14,1,1.0,1,0.2119999999999999
14,1,1.0,1,0.916
14,1,0.6666666666666666,1,0.246
14,0,-1.0,0,0.524
14,0,-0.6666666666666666,0,0.2259999999999999
14,0,-1.0,0,0.1800000000000001
14,1,1.0,1,0.8520000000000001
14,0,-0.3333333333333333,0,0.008
14,1,0.3333333333333333,1,0.1599999999999999
14,0,-0.6666666666666666,0,0.3900000000000001
14,1,0.3333333333333333,1,0.3680000000000001
14,1,1.0,1,0.286
14,0,-0.6666666666666666,1,0.3420000000000001
14,1,1.0,1,0.5720000000000001
14,1,0.6666666666666666,1,0.55
14,0,-1.0,0,0.994
14,1,0.6666666666666666,0,0.3780000000000001
14,1,0.6666666666666666,1,0.744
14,1,0.6666666666666666,1,0.4259999999999999
14,1,0.6666666666666666,1,0.524
14,0,-0.6666666666666666,1,0.1939999999999999
14,0,-0.6666666666666666,0,0.2259999999999999
14,0,-1.0,1,0.5880000000000001
14,0,-1.0,1,0.4239999999999999
14,1,0.6666666666666666,0,0.73
14,0,-1.0,0,0.1360000000000001
14,0,-0.3333333333333333,1,0.1799999999999999
14,0,-1.0,0,0.754
14,0,-0.3333333333333333,0,0.1499999999999999
14,0,-1.0,0,0.4379999999999999
14,1,0.3333333333333333,0,0.4439999999999999
14,1,1.0,1,0.6160000000000001
14,0,-0.6666666666666666,0,0.304
14,1,0.6666666666666666,1,0.6100000000000001
14,0,-0.3333333333333333,1,0.1879999999999999
14,1,0.3333333333333333,0,0.256
14,0,-1.0,1,0.294
14,0,-0.3333333333333333,0,0.092
14,1,0.3333333333333333,0,0.3500000000000001
14,1,0.6666666666666666,1,0.2119999999999999
14,1,0.3333333333333333,1,0.004
14,1,1.0,0,0.1699999999999999
14,0,-0.3333333333333333,1,0.502
14,1,1.0,0,0.1299999999999999
14,1,0.6666666666666666,1,0.4219999999999999
14,0,-1.0,0,0.4119999999999999
14,1,0.6666666666666666,1,0.722
14,0,-1.0,1,0.024
14,0,-1.0,1,0.1379999999999999
14,0,-0.3333333333333333,0,0.1659999999999999
14,0,-0.3333333333333333,0,0.248
14,1,1.0,1,0.8759999999999999
14,1,0.6666666666666666,1,0.482
14,1,0.3333333333333333,1,0.07
14,1,0.6666666666666666,1,0.3440000000000001
14,0,-0.3333333333333333,0,0.1739999999999999
14,0,-1.0,1,0.796
14,0,-0.3333333333333333,0,0.532
14,1,0.3333333333333333,0,0.0899999999999998
14,0,-1.0,0,0.288
14,0,-0.3333333333333333,0,0.292
14,0,-1.0,0,0.3380000000000001
14,1,0.6666666666666666,0,0.2219999999999999
14,0,-1.0,1,0.1959999999999999
14,1,1.0,0,0.248
14,0,-0.6666666666666666,0,0.1419999999999999
14,1,0.6666666666666666,0,0.1560000000000001
14,1,0.6666666666666666,0,0.1240000000000001
14,0,-1.0,1,0.2299999999999999
14,0,-0.3333333333333333,0,0.3479999999999998
14,1,0.6666666666666666,1,0.92
14,0,-0.3333333333333333,1,0.062
14,0,-0.6666666666666666,0,0.1919999999999999
14,0,-0.3333333333333333,0,0.258
14,1,1.0,1,0.52
14,0,-1.0,0,0.1919999999999999
14,1,1.0,1,0.476
14,0,-0.6666666666666666,0,0.56
14,1,0.3333333333333333,0,0.3919999999999999
14,0,-0.6666666666666666,1,0.002
14,0,-0.3333333333333333,1,0.294
14,0,-0.6666666666666666,1,0.1399999999999999
14,1,0.3333333333333333,1,0.1559999999999999
14,1,0.3333333333333333,1,0.2119999999999999
14,1,0.3333333333333333,1,0.1619999999999999
14,1,0.3333333333333333,1,0.1339999999999999
14,1,0.6666666666666666,1,0.1859999999999999
14,0,-0.6666666666666666,0,0.3940000000000001
14,0,-0.3333333333333333,1,0.2039999999999999
14,0,-1.0,0,0.4100000000000001
14,0,-0.3333333333333333,0,0.534
14,0,-0.3333333333333333,1,0.1839999999999999
14,1,1.0,1,0.048
14,0,-0.3333333333333333,0,0.474
14,0,-0.6666666666666666,0,0.5720000000000001
14,1,1.0,1,0.2199999999999999
14,1,1.0,1,0.262
14,0,-1.0,0,0.0899999999999998
14,1,0.3333333333333333,1,0.742
14,0,-1.0,0,0.78
14,0,-1.0,0,0.784
14,0,-0.3333333333333333,0,0.264
14,0,-0.3333333333333333,0,0.6360000000000001
14,0,-0.6666666666666666,0,0.1959999999999999
14,0,-0.3333333333333333,1,0.506
14,0,-1.0,1,0.1639999999999999
14,0,-0.3333333333333333,1,0.492
14,0,-1.0,0,0.494
14,1,1.0,1,0.3819999999999999
14,0,-0.6666666666666666,0,0.3799999999999999
14,1,1.0,1,0.8959999999999999
14,1,1.0,1,0.768
14,0,-0.3333333333333333,0,0.4260000000000001
14,0,-0.6666666666666666,1,0.734
14,0,-0.6666666666666666,0,0.6179999999999999
14,1,0.6666666666666666,1,0.6140000000000001
14,0,-1.0,0,0.24
14,1,0.6666666666666666,1,0.498
14,0,-1.0,1,0.272
14,1,0.6666666666666666,0,0.1819999999999999
14,1,0.6666666666666666,0,0.904
14,0,-0.3333333333333333,1,0.306
14,1,0.6666666666666666,1,0.696
14,1,0.3333333333333333,0,0.4439999999999999
14,1,0.6666666666666666,0,0.1019999999999998
14,0,-0.6666666666666666,0,0.4499999999999999
14,0,-1.0,0,0.4579999999999999
14,0,-1.0,0,0.3540000000000001
14,0,-1.0,1,0.4259999999999999
14,1,0.3333333333333333,0,1.0
14,1,0.3333333333333333,1,0.03
14,0,-0.6666666666666666,1,0.242
14,1,0.6666666666666666,1,0.298
14,0,-0.3333333333333333,1,0.034
14,1,0.3333333333333333,1,0.1919999999999999
14,0,-0.3333333333333333,1,0.254
14,0,-1.0,0,0.312
14,0,-1.0,0,0.4559999999999999
14,1,0.6666666666666666,1,0.48
14,1,0.3333333333333333,1,0.4659999999999999
14,0,-0.3333333333333333,1,0.056
14,0,-1.0,0,0.3780000000000001
14,0,-1.0,0,0.1459999999999999
14,1,0.6666666666666666,1,0.3320000000000001
14,0,-0.3333333333333333,0,0.31
14,0,-0.6666666666666666,0,0.3799999999999999
14,0,-0.6666666666666666,1,0.236
14,1,0.3333333333333333,0,0.52
14,1,1.0,1,0.1739999999999999
14,0,-1.0,0,0.4020000000000001
14,0,-0.3333333333333333,0,0.1440000000000001
14,0,-1.0,0,0.5960000000000001
14,0,-0.6666666666666666,0,0.4020000000000001
14,0,-0.6666666666666666,1,0.558
14,1,1.0,1,0.502
14,0,-0.6666666666666666,1,0.06
14,1,0.3333333333333333,0,0.0779999999999998
14,1,1.0,1,0.236
14,0,-1.0,0,0.478
14,0,-0.6666666666666666,0,0.4359999999999999
14,0,-0.3333333333333333,0,0.1259999999999999
14,1,1.0,0,0.322
14,0,-0.3333333333333333,1,0.1279999999999999
14,0,-0.3333333333333333,0,0.974
14,1,1.0,1,0.4639999999999999
14,0,-0.3333333333333333,0,0.5680000000000001
14,0,-0.3333333333333333,1,0.1519999999999999
14,0,-1.0,0,0.3780000000000001
14,1,0.3333333333333333,0,0.048
14,1,0.3333333333333333,0,0.096
14,1,1.0,1,0.248
14,1,0.6666666666666666,0,0.1459999999999999
14,1,1.0,0,0.242
14,1,0.3333333333333333,1,0.2219999999999999
14,0,-1.0,0,0.47
14,1,0.3333333333333333,1,0.2099999999999999
14,0,-0.6666666666666666,0,0.3239999999999998
14,1,0.3333333333333333,1,0.4599999999999999
14,0,-1.0,0,0.3599999999999999
14,1,1.0,1,0.3660000000000001
14,1,0.3333333333333333,0,0.076
14,1,0.6666666666666666,1,0.4219999999999999
14,0,-1.0,0,0.326
14,0,-1.0,0,0.302
14,0,-0.6666666666666666,0,0.4260000000000001
14,0,-1.0,0,0.2259999999999999
14,0,-1.0,0,0.8240000000000001
14,0,-0.6666666666666666,0,0.538
14,0,-0.6666666666666666,0,0.3559999999999998
14,1,1.0,1,0.526
14,1,0.3333333333333333,1,0.2239999999999999
14,1,0.3333333333333333,1,0.2179999999999999
14,1,0.6666666666666666,1,0.266
14,1,0.6666666666666666,1,0.304
14,1,1.0,1,0.6639999999999999
14,1,0.6666666666666666,0,0.4020000000000001
14,0,-0.3333333333333333,0,0.558
14,0,-0.3333333333333333,1,0.736
14,0,-1.0,0,0.736
14,1,0.6666666666666666,0,0.0939999999999998
14,0,-0.6666666666666666,1,0.1659999999999999
14,0,-0.6666666666666666,0,0.1959999999999999
14,0,-0.3333333333333333,0,0.1240000000000001
14,0,-1.0,0,0.1699999999999999
14,1,0.3333333333333333,0,0.296
14,1,1.0,1,0.274
14,1,1.0,1,0.3859999999999999
14,0,-0.6666666666666666,1,0.3640000000000001
14,0,-1.0,1,0.1240000000000001
14,0,-0.6666666666666666,0,0.092
14,1,1.0,1,0.494
14,1,0.6666666666666666,1,0.1759999999999999
14,1,0.6666666666666666,1,0.1819999999999999
14,1,0.6666666666666666,1,0.6599999999999999
14,0,-0.3333333333333333,0,0.104
14,1,1.0,1,0.4519999999999999
14,0,-0.3333333333333333,1,0.488
14,0,-1.0,0,0.72
14,1,0.3333333333333333,1,0.6419999999999999
14,1,0.3333333333333333,0,0.3980000000000001
14,0,-1.0,1,0.1559999999999999
14,1,0.3333333333333333,1,0.1339999999999999
14,1,0.6666666666666666,0,0.1840000000000001
14,0,-1.0,0,0.268
14,0,-0.6666666666666666,0,0.4439999999999999
14,1,0.6666666666666666,1,0.4599999999999999
14,1,0.3333333333333333,1,0.4339999999999999
14,0,-1.0,1,0.3859999999999999
14,1,1.0,1,0.03
14,1,1.0,1,0.726
14,0,-0.3333333333333333,1,0.272
14,1,0.6666666666666666,1,0.1879999999999999
14,1,0.3333333333333333,1,0.1100000000000001
14,0,-0.3333333333333333,0,0.284
14,0,-0.6666666666666666,0,0.1619999999999999
14,0,-0.3333333333333333,0,0.5760000000000001
14,0,-0.6666666666666666,1,0.02
14,1,1.0,1,0.3320000000000001
14,1,0.3333333333333333,1,0.2199999999999999
14,1,1.0,1,0.55
14,1,0.3333333333333333,1,0.4179999999999999
14,0,-1.0,1,0.27
14,0,-1.0,1,0.088
14,0,-0.6666666666666666,0,0.4539999999999999
14,0,-0.6666666666666666,0,0.4020000000000001
14,1,0.3333333333333333,0,0.2019999999999999
14,0,-0.6666666666666666,0,0.3959999999999999
14,0,-1.0,0,0.1240000000000001
14,0,-1.0,0,0.4100000000000001
14,0,-0.3333333333333333,0,0.3660000000000001
14,0,-0.6666666666666666,0,0.746
14,0,-0.3333333333333333,0,0.81
14,1,1.0,1,1.0
14,1,1.0,1,0.096
14,0,-1.0,0,0.1400000000000001
14,1,0.6666666666666666,1,0.29
14,1,1.0,1,0.69
14,1,0.6666666666666666,0,0.3540000000000001
14,0,-0.6666666666666666,0,0.2159999999999999
14,1,0.3333333333333333,1,0.8779999999999999
14,0,-0.3333333333333333,0,0.3759999999999999
14,1,0.3333333333333333,1,0.1519999999999999
14,0,-1.0,1,0.4099999999999999
14,1,1.0,1,0.288
14,0,-0.6666666666666666,0,0.6320000000000001
14,0,-1.0,0,0.5960000000000001
14,1,0.6666666666666666,1,0.8899999999999999
14,0,-1.0,0,0.1539999999999999
14,1,0.6666666666666666,1,0.3
14,0,-1.0,1,0.2319999999999999
14,1,0.6666666666666666,1,0.476
14,1,0.6666666666666666,1,0.3480000000000001
14,1,1.0,1,0.4179999999999999
14,1,1.0,1,0.6000000000000001
14,1,0.3333333333333333,1,0.312
14,0,-1.0,0,0.556
14,1,0.6666666666666666,1,0.694
14,0,-0.3333333333333333,1,0.2199999999999999
14,0,-1.0,1,0.1080000000000001
14,0,-0.3333333333333333,1,0.4119999999999999
14,0,-0.6666666666666666,0,0.4079999999999999
14,0,-1.0,0,0.512
14,0,-0.3333333333333333,1,0.3540000000000001
14,1,0.3333333333333333,1,0.6399999999999999
14,0,-0.3333333333333333,0,0.1539999999999999
14,0,-0.3333333333333333,0,0.1160000000000001
14,0,-0.6666666666666666,0,0.1280000000000001
14,0,-0.6666666666666666,1,0.244
14,0,-1.0,1,0.1619999999999999
14,0,-1.0,0,0.3900000000000001
14,0,-0.6666666666666666,0,0.1360000000000001
14,1,0.6666666666666666,1,0.536
14,1,0.6666666666666666,1,0.6499999999999999
14,0,-0.6666666666666666,1,0.3540000000000001
14,0,-0.3333333333333333,0,0.308
14,0,-0.6666666666666666,0,0.318
14,0,-1.0,1,0.2159999999999999
14,1,0.6666666666666666,1,0.2139999999999999
14,0,-0.6666666666666666,0,0.476
14,1,0.3333333333333333,1,1.0
14,1,0.3333333333333333,1,0.068
14,0,-0.3333333333333333,0,0.1440000000000001
14,1,1.0,1,0.6080000000000001
14,1,0.6666666666666666,1,0.272
14,0,-0.3333333333333333,0,0.5660000000000001
14,0,-1.0,0,0.3719999999999999
14,1,0.3333333333333333,0,0.08
14,1,0.6666666666666666,0,0.266
14,0,-0.6666666666666666,0,0.2339999999999999
14,1,0.3333333333333333,1,0.8220000000000001
14,1,1.0,1,0.6020000000000001
14,1,0.6666666666666666,1,0.2239999999999999
14,0,-1.0,0,0.096
14,1,0.3333333333333333,1,0.77
14,1,0.6666666666666666,1,0.534
14,0,-0.6666666666666666,0,0.496
14,0,-0.3333333333333333,0,0.076
14,1,0.3333333333333333,0,0.6719999999999999
14,1,1.0,1,0.6379999999999999
14,1,0.6666666666666666,0,0.302
14,1,1.0,0,0.4140000000000001
14,0,-1.0,0,0.3580000000000001
14,0,-0.6666666666666666,0,0.532
15,1,0.6666666666666666,1,0.4439999999999999
15,1,1.0,1,0.6000000000000001
15,0,-1.0,0,0.942
15,1,0.3333333333333333,0,0.696
15,0,-0.6666666666666666,0,0.5920000000000001
15,0,-0.6666666666666666,0,0.782
15,0,-1.0,0,0.8660000000000001
15,1,0.3333333333333333,0,0.1680000000000001
15,1,0.3333333333333333,0,0.3
15,0,-1.0,0,0.784
15,1,0.6666666666666666,0,0.268
15,1,0.6666666666666666,1,0.1679999999999999
15,1,1.0,1,0.5920000000000001
15,1,0.3333333333333333,0,0.1959999999999999
15,1,0.3333333333333333,0,0.1859999999999999
15,0,-1.0,0,0.3959999999999999
15,1,1.0,1,0.796
15,0,-0.3333333333333333,0,0.758
15,0,-0.6666666666666666,0,0.794
15,0,-1.0,0,0.988
15,1,1.0,1,0.994
15,1,0.3333333333333333,1,0.8200000000000001
15,0,-0.6666666666666666,0,0.908
15,0,-1.0,0,0.748
15,0,-1.0,0,0.998
15,0,-0.6666666666666666,0,0.974
15,0,-0.3333333333333333,0,0.952
15,1,0.3333333333333333,1,0.4059999999999999
15,0,-0.3333333333333333,0,0.972
15,1,0.3333333333333333,1,0.966
15,0,-0.6666666666666666,1,0.1959999999999999
15,1,1.0,1,0.498
15,0,-0.6666666666666666,0,0.744
15,1,0.6666666666666666,1,0.8320000000000001
15,1,1.0,1,0.992
15,0,-0.3333333333333333,0,0.8460000000000001
15,0,-0.6666666666666666,0,0.5840000000000001
15,1,1.0,1,0.8240000000000001
15,1,0.3333333333333333,1,0.752
15,0,-1.0,0,0.712
15,0,-0.3333333333333333,0,0.6259999999999999
15,1,0.6666666666666666,1,0.758
15,0,-0.6666666666666666,0,0.8759999999999999
15,1,1.0,1,0.936
15,0,-1.0,0,1.0
15,1,1.0,1,0.6399999999999999
15,0,-0.3333333333333333,0,0.1699999999999999
15,1,1.0,1,0.6639999999999999
15,1,1.0,1,0.912
15,1,0.3333333333333333,1,0.1819999999999999
15,0,-0.6666666666666666,0,0.096
15,1,0.3333333333333333,1,0.304
15,1,0.6666666666666666,1,0.6060000000000001
15,0,-0.3333333333333333,1,0.724
15,0,-0.6666666666666666,0,0.3439999999999998
15,1,0.6666666666666666,1,0.3460000000000001
15,1,0.6666666666666666,1,0.768
15,0,-1.0,0,0.8359999999999999
15,1,0.6666666666666666,1,0.922
15,1,0.3333333333333333,1,0.94
15,0,-0.3333333333333333,0,0.8900000000000001
15,1,0.3333333333333333,1,0.988
15,1,0.6666666666666666,1,0.962
15,0,-0.3333333333333333,0,0.1919999999999999
15,0,-0.6666666666666666,0,0.8839999999999999
15,1,1.0,1,0.964
15,1,1.0,0,0.6259999999999999
15,1,0.3333333333333333,0,0.272
15,1,0.6666666666666666,1,0.2119999999999999
15,1,0.3333333333333333,0,0.556
15,0,-0.6666666666666666,0,0.3439999999999998
15,0,-1.0,0,0.962
15,0,-1.0,0,0.954
15,0,-1.0,0,0.506
15,1,0.6666666666666666,1,0.518
15,0,-1.0,0,1.0
15,1,1.0,0,0.704
15,0,-0.3333333333333333,0,0.268
15,1,0.6666666666666666,0,0.1160000000000001
15,1,0.3333333333333333,1,0.1539999999999999
15,0,-0.3333333333333333,1,0.268
15,1,0.6666666666666666,0,0.0779999999999998
15,1,0.3333333333333333,0,0.042
15,1,0.6666666666666666,1,0.1120000000000001
15,1,0.3333333333333333,1,0.294
15,1,1.0,1,1.0
15,1,0.6666666666666666,1,1.0
15,1,1.0,1,0.984
15,1,0.6666666666666666,1,1.0
15,0,-1.0,1,0.6060000000000001
15,0,-0.6666666666666666,1,0.528
15,0,-1.0,0,0.962
15,0,-1.0,0,0.8559999999999999
15,0,-0.6666666666666666,1,0.8859999999999999
15,1,0.3333333333333333,1,0.72
15,1,0.3333333333333333,0,0.318
15,1,1.0,1,0.6040000000000001
15,1,0.6666666666666666,1,0.98
15,0,-0.3333333333333333,0,0.952
15,1,0.6666666666666666,1,1.0
15,1,0.6666666666666666,0,0.3879999999999999
15,0,-1.0,0,0.99
15,1,0.6666666666666666,0,0.972
15,0,-0.3333333333333333,0,0.954
15,0,-0.3333333333333333,0,0.954
15,1,0.3333333333333333,0,0.5800000000000001
15,0,-0.6666666666666666,0,0.992
15,0,-0.3333333333333333,0,0.914
15,0,-0.3333333333333333,0,0.3199999999999998
15,1,0.6666666666666666,1,0.962
15,0,-0.6666666666666666,0,0.9220000000000002
15,0,-0.3333333333333333,0,0.958
15,0,-1.0,0,0.964
15,1,0.6666666666666666,0,0.902
15,0,-0.3333333333333333,0,0.956
15,1,0.6666666666666666,0,0.788
15,0,-0.6666666666666666,0,0.8140000000000001
15,1,0.3333333333333333,0,0.4340000000000001
15,0,-0.3333333333333333,1,0.546
15,1,1.0,0,0.4559999999999999
15,0,-0.3333333333333333,0,0.1859999999999999
15,0,-0.3333333333333333,0,0.524
15,1,1.0,1,0.4239999999999999
15,1,0.6666666666666666,0,0.8919999999999999
15,1,0.6666666666666666,0,0.698
15,1,0.6666666666666666,1,0.92
15,0,-1.0,0,0.6400000000000001
15,1,1.0,1,0.99
15,1,0.6666666666666666,1,0.746
15,1,0.3333333333333333,1,0.5680000000000001
15,0,-1.0,0,0.6099999999999999
15,0,-1.0,0,0.8879999999999999
15,1,0.3333333333333333,1,0.8160000000000001
15,1,0.6666666666666666,1,0.942
15,1,0.6666666666666666,1,0.4179999999999999
15,1,0.3333333333333333,1,0.3859999999999999
15,1,1.0,1,1.0
15,1,0.3333333333333333,1,0.6859999999999999
15,0,-1.0,0,0.932
15,1,1.0,0,0.55
15,0,-1.0,0,0.958
15,1,0.6666666666666666,1,0.6559999999999999
15,0,-1.0,0,0.968
15,1,1.0,1,0.994
15,0,-0.6666666666666666,0,0.98
15,0,-1.0,0,0.95
15,1,0.3333333333333333,0,0.6219999999999999
15,1,0.3333333333333333,0,0.3540000000000001
15,1,1.0,1,0.1479999999999999
15,0,-1.0,0,0.998
15,0,-0.3333333333333333,0,0.958
15,0,-0.3333333333333333,0,0.706
15,0,-1.0,0,0.946
15,1,1.0,0,0.714
15,1,0.6666666666666666,0,0.5
15,0,-1.0,0,0.906
15,0,-0.3333333333333333,0,0.5900000000000001
15,0,-1.0,0,0.924
15,0,-0.6666666666666666,0,0.956
15,0,-1.0,0,0.974
15,0,-0.3333333333333333,0,0.97
15,1,1.0,0,0.5740000000000001
15,0,-1.0,0,1.0
15,1,0.6666666666666666,0,0.2039999999999999
15,1,0.3333333333333333,0,0.2099999999999999
15,1,0.6666666666666666,1,0.306
15,1,0.6666666666666666,0,0.4659999999999999
15,1,0.3333333333333333,1,0.4299999999999999
15,1,1.0,1,0.946
15,0,-1.0,0,0.92
15,0,-1.0,0,0.724
15,1,0.3333333333333333,0,0.084
15,0,-0.3333333333333333,0,0.096
15,0,-0.3333333333333333,0,0.3460000000000001
15,1,1.0,1,1.0
15,1,0.3333333333333333,1,0.3460000000000001
15,1,0.6666666666666666,1,0.8939999999999999
15,1,0.6666666666666666,1,0.2059999999999999
15,0,-0.3333333333333333,1,0.5780000000000001
15,1,1.0,1,0.6060000000000001
15,0,-0.6666666666666666,0,0.8759999999999999
15,1,0.3333333333333333,1,0.3380000000000001
15,0,-0.6666666666666666,0,1.0
15,0,-0.6666666666666666,0,0.902
15,0,-1.0,0,0.73
15,0,-0.3333333333333333,0,0.4619999999999999
15,1,0.3333333333333333,1,0.8300000000000001
15,1,0.6666666666666666,1,0.982
15,0,-0.6666666666666666,0,0.8380000000000001
15,0,-0.3333333333333333,1,0.758
15,0,-0.3333333333333333,1,0.296
15,0,-0.3333333333333333,0,0.1619999999999999
15,0,-0.6666666666666666,0,0.4499999999999999
15,1,0.6666666666666666,0,0.3820000000000001
15,1,0.6666666666666666,1,0.298
15,1,1.0,1,0.6220000000000001
15,0,-0.6666666666666666,0,0.704
15,1,1.0,1,0.8180000000000001
15,1,0.3333333333333333,0,0.504
15,1,0.3333333333333333,0,0.016
15,0,-1.0,0,0.4239999999999999
15,1,1.0,1,0.5940000000000001
15,0,-0.6666666666666666,0,0.6599999999999999
15,0,-0.6666666666666666,0,0.756
15,0,-0.6666666666666666,0,0.942
15,0,-1.0,0,0.98
15,0,-0.6666666666666666,0,0.5640000000000001
15,0,-0.6666666666666666,0,0.1939999999999999
15,1,1.0,1,0.906
15,0,-0.6666666666666666,0,0.6599999999999999
15,1,0.6666666666666666,0,0.0659999999999998
15,1,0.6666666666666666,1,0.1459999999999999
15,0,-0.3333333333333333,0,0.308
15,1,1.0,1,0.774
15,1,0.6666666666666666,1,0.548
15,0,-0.3333333333333333,1,0.8680000000000001
15,0,-1.0,0,0.93
15,0,-1.0,0,0.918
15,0,-0.6666666666666666,0,0.924
15,1,0.6666666666666666,0,0.6719999999999999
15,1,0.6666666666666666,0,0.08
15,0,-0.3333333333333333,0,0.06
15,0,-1.0,0,0.6419999999999999
15,0,-1.0,0,0.8879999999999999
15,1,0.6666666666666666,1,0.524
15,0,-0.3333333333333333,0,0.072
15,0,-0.6666666666666666,0,0.8740000000000001
15,1,0.3333333333333333,0,0.25
15,1,1.0,1,0.6180000000000001
15,1,0.6666666666666666,1,0.6439999999999999
15,0,-0.6666666666666666,0,0.5920000000000001
15,0,-1.0,1,0.8440000000000001
15,0,-0.3333333333333333,0,0.8740000000000001
15,0,-0.3333333333333333,0,0.31
15,1,1.0,1,0.5740000000000001
15,0,-1.0,0,0.6799999999999999
15,0,-0.6666666666666666,0,0.2119999999999999
15,0,-0.6666666666666666,0,0.4399999999999999
15,1,1.0,1,0.724
15,1,0.3333333333333333,1,0.004
15,0,-1.0,0,0.3319999999999998
15,1,0.3333333333333333,0,0.502
15,1,0.3333333333333333,1,0.004
15,0,-0.3333333333333333,0,0.1019999999999998
15,1,0.6666666666666666,0,0.1379999999999999
15,0,-1.0,0,0.2019999999999999
15,0,-1.0,0,0.3599999999999999
15,0,-0.6666666666666666,0,0.906
15,0,-0.6666666666666666,0,0.98
15,1,0.6666666666666666,1,0.1699999999999999
15,1,1.0,1,0.1779999999999999
15,0,-0.3333333333333333,1,0.1619999999999999
15,1,0.3333333333333333,1,0.096
15,0,-0.6666666666666666,0,0.2199999999999999
15,1,0.6666666666666666,1,0.6779999999999999
15,0,-0.3333333333333333,0,0.8999999999999999
15,1,1.0,1,0.952
15,0,-0.6666666666666666,0,0.8160000000000001
15,1,0.3333333333333333,0,0.8519999999999999
15,0,-0.3333333333333333,1,0.3740000000000001
15,0,-0.3333333333333333,0,0.768
15,0,-1.0,0,0.94
15,0,-1.0,0,0.902
15,1,0.3333333333333333,1,0.25
15,0,-0.3333333333333333,0,0.704
15,1,1.0,1,0.908
15,0,-0.6666666666666666,0,0.27
15,0,-0.6666666666666666,0,0.506
15,1,0.3333333333333333,0,0.1219999999999998
15,0,-1.0,0,0.4559999999999999
15,0,-1.0,0,0.978
15,1,1.0,1,0.6659999999999999
15,1,1.0,1,0.794
15,1,0.6666666666666666,1,0.758
15,0,-1.0,0,0.726
15,1,0.6666666666666666,1,0.6020000000000001
15,1,1.0,1,0.8999999999999999
15,0,-0.6666666666666666,0,0.74
15,1,1.0,1,0.774
15,0,-0.3333333333333333,1,0.738
15,0,-0.6666666666666666,0,0.7
15,1,1.0,1,0.5960000000000001
15,1,0.6666666666666666,1,0.292
15,1,1.0,1,0.5740000000000001
15,0,-0.3333333333333333,0,0.312
15,1,0.3333333333333333,1,0.74
15,0,-0.6666666666666666,0,0.9260000000000002
15,0,-0.3333333333333333,1,0.098
15,0,-1.0,0,0.1859999999999999
15,1,0.6666666666666666,1,0.512
15,1,0.3333333333333333,0,0.6419999999999999
15,1,0.6666666666666666,1,0.2179999999999999
15,0,-1.0,0,0.518
15,1,1.0,0,0.05
15,0,-0.6666666666666666,0,0.3359999999999998
15,1,0.6666666666666666,1,0.8320000000000001
15,0,-0.6666666666666666,0,0.5820000000000001
15,0,-0.3333333333333333,0,0.972
15,0,-1.0,0,0.91
15,1,0.3333333333333333,0,0.254
15,1,0.6666666666666666,1,0.254
15,0,-0.3333333333333333,0,0.3780000000000001
15,0,-0.3333333333333333,0,0.3700000000000001
15,1,0.3333333333333333,0,0.302
15,1,1.0,1,0.976
15,0,-0.6666666666666666,0,0.804
15,0,-0.3333333333333333,1,0.2239999999999999
15,1,1.0,0,0.1840000000000001
15,0,-0.6666666666666666,0,0.2219999999999999
15,0,-0.6666666666666666,0,0.092
15,0,-0.3333333333333333,0,0.1459999999999999
15,0,-0.3333333333333333,0,0.482
15,0,-0.6666666666666666,0,0.792
15,0,-0.3333333333333333,0,0.6099999999999999
15,0,-0.3333333333333333,0,0.988
15,0,-0.3333333333333333,0,0.712
15,1,0.6666666666666666,0,0.726
15,1,0.6666666666666666,0,0.2099999999999999
15,0,-0.6666666666666666,0,0.3660000000000001
15,0,-0.6666666666666666,0,0.6719999999999999
15,0,-1.0,0,0.2259999999999999
15,1,0.6666666666666666,1,0.3939999999999999
15,1,0.3333333333333333,1,0.956
15,1,0.6666666666666666,0,0.5939999999999999
15,0,-1.0,0,0.946
15,0,-0.6666666666666666,0,0.744
15,1,0.3333333333333333,0,0.0899999999999998
15,0,-1.0,0,0.6259999999999999
15,0,-0.3333333333333333,0,0.792
15,0,-1.0,0,0.8479999999999999
15,0,-0.3333333333333333,0,0.2079999999999999
15,1,0.6666666666666666,1,1.0
15,0,-1.0,0,0.8900000000000001
15,1,1.0,1,0.938
15,0,-1.0,0,0.91
15,1,0.3333333333333333,0,0.252
15,1,0.3333333333333333,0,0.1859999999999999
15,0,-1.0,0,0.904
15,0,-0.3333333333333333,0,0.046
15,0,-0.3333333333333333,0,0.072
15,1,0.3333333333333333,0,0.6200000000000001
15,0,-0.6666666666666666,0,0.6639999999999999
15,1,1.0,1,0.778
15,0,-1.0,1,0.028
15,1,0.3333333333333333,0,0.5820000000000001
15,1,1.0,1,0.794
15,1,1.0,1,0.4079999999999999
15,0,-0.6666666666666666,0,0.792
15,1,0.6666666666666666,1,0.692
15,0,-0.3333333333333333,0,0.6059999999999999
15,1,0.3333333333333333,1,0.102
15,1,0.6666666666666666,1,0.32
15,0,-0.3333333333333333,1,0.3859999999999999
15,0,-0.3333333333333333,1,0.032
15,0,-1.0,0,0.1099999999999998
15,1,0.6666666666666666,1,0.238
15,0,-0.3333333333333333,0,0.6099999999999999
15,0,-0.6666666666666666,0,0.758
15,1,0.6666666666666666,1,0.474
15,0,-0.3333333333333333,0,0.692
15,0,-0.3333333333333333,0,0.95
15,0,-0.6666666666666666,0,1.0
15,1,0.6666666666666666,1,1.0
15,1,0.6666666666666666,0,0.8540000000000001
15,0,-1.0,0,1.0
15,1,1.0,1,1.0
15,1,0.3333333333333333,1,0.804
15,1,0.3333333333333333,1,0.316
15,0,-1.0,0,0.924
15,0,-0.6666666666666666,0,1.0
15,0,-0.6666666666666666,0,0.004
15,0,-1.0,0,1.0
15,1,0.3333333333333333,0,0.3940000000000001
15,0,-0.3333333333333333,0,0.4599999999999999
15,0,-0.6666666666666666,0,0.546
15,1,1.0,1,1.0
15,0,-1.0,0,0.766
15,1,0.6666666666666666,0,0.0779999999999998
15,0,-1.0,0,0.732
15,0,-0.6666666666666666,1,0.07
15,0,-0.3333333333333333,0,0.1760000000000001
15,0,-0.3333333333333333,0,0.1760000000000001
15,0,-0.6666666666666666,0,0.4359999999999999
15,0,-0.6666666666666666,0,0.558
15,1,1.0,1,0.726
15,1,0.6666666666666666,0,0.3860000000000001
15,1,0.6666666666666666,1,0.248
15,1,0.6666666666666666,0,0.1120000000000001
15,0,-0.6666666666666666,1,0.556
15,0,-0.3333333333333333,0,0.3559999999999998
15,0,-1.0,0,0.1240000000000001
15,0,-0.6666666666666666,0,0.8519999999999999
15,0,-0.6666666666666666,0,0.944
15,0,-1.0,0,0.962
15,1,0.6666666666666666,1,1.0
15,1,1.0,1,1.0
15,0,-0.3333333333333333,0,0.942
15,0,-0.6666666666666666,0,0.8420000000000001
15,1,1.0,1,1.0
15,1,0.6666666666666666,1,0.1140000000000001
15,1,1.0,1,0.2279999999999999
15,1,0.6666666666666666,1,0.504
15,1,0.3333333333333333,1,0.4059999999999999
15,0,-1.0,0,0.5640000000000001
15,0,-0.6666666666666666,0,0.2059999999999999
15,1,0.6666666666666666,0,1.0
15,0,-1.0,0,1.0
15,0,-0.3333333333333333,1,0.3979999999999999
15,1,0.3333333333333333,1,0.312
15,0,-1.0,0,0.8860000000000001
15,1,0.6666666666666666,0,0.1659999999999999
15,0,-1.0,0,0.8940000000000001
15,0,-0.3333333333333333,0,0.1959999999999999
15,0,-0.3333333333333333,0,0.304
15,1,0.6666666666666666,1,1.0
15,1,1.0,0,0.282
15,0,-0.6666666666666666,0,0.3679999999999999
15,0,-0.6666666666666666,0,0.758
15,0,-0.6666666666666666,0,0.6360000000000001
15,1,1.0,1,1.0
15,0,-0.6666666666666666,0,0.522
15,1,1.0,1,0.8280000000000001
15,1,1.0,1,0.8839999999999999
15,1,1.0,1,1.0
15,0,-1.0,0,0.902
15,0,-0.3333333333333333,0,1.0
15,0,-1.0,0,0.902
15,0,-1.0,0,0.8599999999999999
15,1,1.0,1,0.002
15,0,-0.6666666666666666,1,0.002
15,0,-1.0,0,0.694
15,1,0.3333333333333333,1,0.1419999999999999
15,1,0.3333333333333333,1,0.002
15,1,0.3333333333333333,1,0.5880000000000001
15,0,-1.0,0,0.8519999999999999
15,0,-0.6666666666666666,0,0.008
15,0,-0.3333333333333333,1,0.002
15,0,-1.0,0,0.764
15,1,1.0,1,0.926
15,1,0.3333333333333333,1,0.076
15,1,1.0,1,0.6839999999999999
15,1,1.0,1,0.804
15,0,-0.6666666666666666,0,0.554
15,0,-0.6666666666666666,1,0.8720000000000001
15,1,1.0,1,1.0
15,1,0.6666666666666666,1,0.3720000000000001
15,1,1.0,0,0.6659999999999999
15,0,-0.3333333333333333,0,0.1440000000000001
15,0,-0.6666666666666666,0,0.56
15,1,0.6666666666666666,1,0.5720000000000001
15,0,-0.6666666666666666,0,0.028
15,1,1.0,1,0.522
15,0,-1.0,0,0.3719999999999999
15,0,-1.0,0,0.314
15,1,0.3333333333333333,1,0.002
15,1,0.6666666666666666,1,0.002
15,0,-1.0,0,0.55
15,0,-1.0,0,1.0
15,0,-0.6666666666666666,1,0.976
15,1,0.6666666666666666,1,0.002
15,0,-0.3333333333333333,1,0.002
15,1,0.3333333333333333,0,0.26
15,1,0.3333333333333333,1,0.002
15,0,-0.6666666666666666,0,0.3340000000000001
15,1,0.3333333333333333,1,0.1080000000000001
15,1,0.3333333333333333,1,0.3759999999999999
15,1,1.0,1,0.6339999999999999
15,1,1.0,1,1.0
15,1,0.3333333333333333,0,0.29
15,1,0.6666666666666666,1,0.1579999999999999
15,0,-1.0,0,0.3359999999999998
15,1,0.3333333333333333,1,0.318
15,1,1.0,1,0.002
15,0,-0.3333333333333333,0,0.1219999999999998
15,0,-0.3333333333333333,1,0.002
15,1,0.6666666666666666,0,0.474
15,1,0.3333333333333333,1,0.296
15,1,0.6666666666666666,1,0.6739999999999999
15,0,-0.6666666666666666,0,0.6139999999999999
15,1,0.3333333333333333,0,0.3980000000000001
15,0,-0.6666666666666666,1,0.5820000000000001
15,0,-0.3333333333333333,0,0.758
15,1,0.6666666666666666,1,0.1719999999999999
15,1,0.6666666666666666,1,0.3720000000000001
15,0,-1.0,0,0.4220000000000001
15,1,0.3333333333333333,0,0.2219999999999999
15,1,1.0,1,0.718
15,0,-1.0,0,1.0
15,0,-0.6666666666666666,0,0.1859999999999999
15,0,-0.6666666666666666,0,0.05
15,0,-0.6666666666666666,0,0.472
15,0,-0.6666666666666666,0,0.008
15,1,0.3333333333333333,0,0.1299999999999999
15,0,-1.0,0,1.0
15,0,-1.0,0,0.4220000000000001
15,0,-1.0,0,0.6739999999999999
15,1,1.0,0,0.726
15,1,0.3333333333333333,0,0.036
15,1,0.3333333333333333,0,0.068
15,0,-0.3333333333333333,0,0.6480000000000001
15,1,1.0,1,0.254
15,0,-0.3333333333333333,0,0.2219999999999999
15,1,0.6666666666666666,1,0.552
15,0,-0.6666666666666666,1,0.068
15,1,0.3333333333333333,0,0.1899999999999999
15,0,-0.3333333333333333,0,0.02
15,1,1.0,1,0.062
15,1,0.3333333333333333,0,0.3620000000000001
15,0,-1.0,0,0.514
15,1,1.0,1,0.8280000000000001
15,1,1.0,1,1.0
15,1,0.3333333333333333,1,0.1579999999999999
15,1,1.0,1,0.6499999999999999
15,0,-0.6666666666666666,1,0.1579999999999999
15,0,-0.3333333333333333,1,0.3580000000000001
15,1,0.6666666666666666,1,0.264
15,0,-0.6666666666666666,0,0.3
15,1,0.3333333333333333,0,0.4239999999999999
15,0,-0.6666666666666666,0,0.1299999999999999
15,1,1.0,1,0.804
15,0,-0.3333333333333333,0,0.2059999999999999
15,0,-0.6666666666666666,0,0.0859999999999998
15,1,0.6666666666666666,1,0.6399999999999999
15,1,0.3333333333333333,0,0.27
15,1,0.3333333333333333,0,0.048
15,0,-0.3333333333333333,1,0.3540000000000001
15,1,0.3333333333333333,1,0.054
15,1,0.3333333333333333,1,0.4259999999999999
15,1,1.0,1,0.2119999999999999
15,1,1.0,1,0.1599999999999999
15,0,-0.6666666666666666,1,0.292
15,1,0.3333333333333333,1,0.002
15,1,0.3333333333333333,1,0.076
15,1,1.0,1,0.53
15,0,-0.6666666666666666,0,0.97
15,0,-0.3333333333333333,1,0.076
15,0,-0.6666666666666666,0,0.5920000000000001
15,0,-1.0,0,0.8679999999999999
15,1,0.6666666666666666,1,0.1259999999999999
15,0,-1.0,0,0.798
15,1,1.0,1,0.8240000000000001
15,1,0.3333333333333333,1,1.0
15,1,0.6666666666666666,1,0.1679999999999999
15,0,-0.6666666666666666,0,0.544
15,1,0.3333333333333333,1,0.096
15,0,-1.0,0,0.974
15,0,-0.3333333333333333,0,0.79
15,1,1.0,1,0.8959999999999999
15,1,0.6666666666666666,1,0.084
15,1,0.3333333333333333,1,0.004
15,0,-0.3333333333333333,0,0.4220000000000001
15,0,-0.6666666666666666,0,0.3639999999999999
15,0,-0.6666666666666666,0,0.4379999999999999
15,0,-0.3333333333333333,0,0.47
15,1,1.0,1,0.4279999999999999
15,1,1.0,1,0.002
15,1,0.3333333333333333,1,0.6020000000000001
15,1,1.0,1,0.8959999999999999
15,0,-1.0,0,0.708
15,0,-1.0,0,0.53
15,0,-0.3333333333333333,0,0.502
15,0,-1.0,0,0.5820000000000001
15,1,0.6666666666666666,1,0.8440000000000001
15,0,-0.3333333333333333,0,0.4300000000000001
15,1,0.6666666666666666,0,0.002
15,1,0.3333333333333333,0,0.2239999999999999
15,0,-1.0,0,0.288
15,1,1.0,1,0.558
15,1,0.3333333333333333,0,0.508
15,0,-1.0,1,0.002
15,0,-1.0,0,0.6099999999999999
15,0,-0.3333333333333333,0,0.754
15,0,-0.3333333333333333,0,0.3460000000000001
15,0,-0.3333333333333333,0,0.998
15,1,0.3333333333333333,1,0.07
15,1,0.3333333333333333,1,0.2199999999999999
15,0,-1.0,0,0.264
15,1,1.0,1,0.1639999999999999
15,1,0.6666666666666666,1,0.52
15,1,0.6666666666666666,1,0.06
15,0,-1.0,0,0.006
15,0,-1.0,0,0.6659999999999999
15,1,0.3333333333333333,1,0.1180000000000001
15,1,1.0,1,0.504
15,1,1.0,1,0.1419999999999999
15,1,0.6666666666666666,1,0.31
15,1,0.6666666666666666,1,0.6319999999999999
15,0,-0.6666666666666666,1,0.4179999999999999
15,1,0.3333333333333333,0,0.088
15,1,1.0,1,0.2279999999999999
15,1,1.0,1,0.028
15,1,0.6666666666666666,1,0.002
15,1,0.6666666666666666,1,0.1499999999999999
15,0,-0.6666666666666666,0,0.0739999999999998
15,0,-0.3333333333333333,1,0.1839999999999999
15,1,1.0,1,0.1939999999999999
15,0,-1.0,0,0.2279999999999999
15,0,-1.0,0,0.1059999999999998
15,1,0.6666666666666666,0,0.068
15,1,0.3333333333333333,1,0.6140000000000001
15,1,1.0,1,0.1679999999999999
15,1,0.6666666666666666,0,0.3740000000000001
15,1,0.6666666666666666,1,0.4499999999999999
15,1,1.0,0,0.3399999999999998
15,1,1.0,1,0.1939999999999999
15,0,-0.3333333333333333,1,0.532
15,1,0.6666666666666666,1,0.1140000000000001
15,1,0.3333333333333333,1,0.1
15,1,0.3333333333333333,1,0.81
15,1,0.3333333333333333,1,1.0
15,0,-1.0,0,1.0
15,1,1.0,1,1.0
15,0,-0.3333333333333333,1,0.728
15,0,-0.3333333333333333,0,0.752
15,0,-0.3333333333333333,0,0.3879999999999999
15,1,0.3333333333333333,1,0.3500000000000001
15,1,0.3333333333333333,1,0.6399999999999999
15,1,1.0,1,1.0
15,0,-0.6666666666666666,1,0.6000000000000001
15,0,-0.3333333333333333,0,1.0
15,0,-0.3333333333333333,1,0.018
15,1,1.0,1,0.316
15,0,-0.3333333333333333,0,0.282
15,0,-0.3333333333333333,0,0.1099999999999998
15,1,0.6666666666666666,1,0.488
15,0,-0.6666666666666666,1,0.068
15,0,-1.0,0,0.528
15,0,-0.3333333333333333,0,1.0
15,0,-1.0,0,0.8200000000000001
15,1,1.0,1,0.952
15,1,0.6666666666666666,1,0.978
15,0,-0.3333333333333333,0,0.698
15,1,1.0,1,1.0
15,0,-0.6666666666666666,0,0.8919999999999999
15,0,-0.3333333333333333,0,0.6440000000000001
15,0,-0.6666666666666666,0,0.6539999999999999
15,1,0.6666666666666666,0,0.272
15,0,-1.0,0,0.6280000000000001
15,0,-1.0,0,0.6339999999999999
15,1,1.0,1,0.804
15,1,0.3333333333333333,1,0.236
15,1,0.3333333333333333,1,0.4559999999999999
15,0,-0.6666666666666666,0,0.728
15,0,-0.3333333333333333,0,0.254
15,1,0.3333333333333333,0,0.4300000000000001
15,1,1.0,0,0.4100000000000001
15,1,0.6666666666666666,0,0.3380000000000001
15,1,1.0,1,0.6180000000000001
15,0,-0.6666666666666666,0,0.274
15,1,0.6666666666666666,0,0.4379999999999999
15,1,1.0,1,0.476
15,1,1.0,1,0.6180000000000001
15,0,-0.6666666666666666,1,0.1459999999999999
15,1,1.0,1,0.252
15,1,0.6666666666666666,1,0.522
15,1,1.0,1,0.922
15,0,-0.3333333333333333,0,0.788
15,0,-0.3333333333333333,0,0.4060000000000001
15,1,0.6666666666666666,1,0.03
15,0,-1.0,0,0.3919999999999999
15,1,1.0,1,0.72
15,0,-1.0,0,0.742
15,0,-0.3333333333333333,0,0.5880000000000001
15,1,1.0,1,0.3480000000000001
15,0,-1.0,0,0.8439999999999999
15,0,-1.0,0,1.0
15,0,-1.0,0,0.546
15,0,-0.6666666666666666,0,0.746
15,1,0.6666666666666666,0,0.8820000000000001
15,0,-1.0,0,0.8719999999999999
15,1,0.6666666666666666,0,0.3599999999999999
15,1,0.3333333333333333,0,0.072
15,1,0.6666666666666666,0,0.1440000000000001
15,1,0.6666666666666666,0,0.01
15,0,-0.3333333333333333,0,0.1339999999999999
15,0,-0.3333333333333333,0,0.254
15,1,0.6666666666666666,1,0.4039999999999999
15,1,0.3333333333333333,1,0.002
15,0,-0.3333333333333333,1,0.002
15,0,-0.6666666666666666,0,0.528
15,1,0.3333333333333333,1,0.002
15,1,1.0,0,0.096
15,1,1.0,1,0.2099999999999999
15,0,-0.3333333333333333,0,0.722
15,1,1.0,1,0.8740000000000001
15,1,1.0,1,0.1399999999999999
15,1,0.3333333333333333,0,0.3660000000000001
15,0,-1.0,0,0.2319999999999999
15,0,-1.0,0,1.0
15,1,0.6666666666666666,1,0.6299999999999999
15,0,-0.3333333333333333,0,0.29
15,1,1.0,1,0.002
15,1,0.6666666666666666,0,0.3380000000000001
15,0,-0.3333333333333333,1,0.078
15,1,1.0,1,1.0
15,1,1.0,1,1.0
15,1,1.0,1,0.8320000000000001
15,1,1.0,1,0.256
15,0,-1.0,1,0.1319999999999999
15,1,1.0,1,0.5720000000000001
15,1,0.6666666666666666,1,0.002
15,1,0.6666666666666666,1,0.002
15,0,-0.6666666666666666,0,1.0
15,0,-0.6666666666666666,0,0.3279999999999998
15,0,-0.3333333333333333,0,0.792
15,1,1.0,1,0.3879999999999999
15,1,0.6666666666666666,1,0.1959999999999999
15,0,-0.6666666666666666,1,0.1160000000000001
15,0,-0.6666666666666666,0,0.5820000000000001
15,0,-1.0,0,0.536
15,1,0.3333333333333333,0,0.6639999999999999
15,1,0.3333333333333333,0,0.1659999999999999
15,0,-0.6666666666666666,0,0.4079999999999999
15,0,-0.3333333333333333,0,0.6000000000000001
15,1,1.0,0,0.1819999999999999
15,0,-0.3333333333333333,0,0.1419999999999999
15,0,-1.0,0,0.81
15,1,1.0,0,0.1200000000000001
15,1,1.0,1,1.0
15,1,0.3333333333333333,0,0.1840000000000001
15,0,-0.6666666666666666,0,1.0
15,0,-0.3333333333333333,0,0.8280000000000001
15,1,1.0,1,0.002
15,0,-0.3333333333333333,1,0.104
15,0,-0.3333333333333333,0,0.5960000000000001
15,1,1.0,1,0.908
15,0,-0.6666666666666666,0,0.6019999999999999
15,0,-0.6666666666666666,1,0.054
15,0,-0.6666666666666666,1,0.002
15,0,-0.6666666666666666,0,0.758
15,0,-0.3333333333333333,0,0.276
15,0,-1.0,0,0.762
15,1,1.0,1,0.6379999999999999
15,1,1.0,1,0.002
15,1,1.0,1,0.96
15,0,-0.3333333333333333,1,0.002
15,0,-0.3333333333333333,1,0.3660000000000001
15,1,1.0,1,0.06
15,0,-0.3333333333333333,1,0.1879999999999999
15,1,0.3333333333333333,1,0.054
15,0,-0.3333333333333333,1,0.29
15,0,-1.0,1,0.002
15,0,-0.6666666666666666,1,0.002
15,0,-1.0,1,0.266
15,0,-0.3333333333333333,0,0.1959999999999999
15,0,-0.6666666666666666,1,0.002
15,1,1.0,1,0.4199999999999999
15,1,0.3333333333333333,1,0.1999999999999999
15,0,-0.3333333333333333,0,0.018
15,1,1.0,1,0.6060000000000001
15,0,-0.3333333333333333,1,0.012
15,1,0.6666666666666666,1,0.002
15,0,-0.6666666666666666,1,0.2199999999999999
15,1,0.6666666666666666,1,0.53
15,1,0.6666666666666666,1,0.3440000000000001
15,1,0.6666666666666666,1,0.528
15,0,-0.6666666666666666,1,0.002
15,1,0.6666666666666666,1,0.3899999999999999
15,0,-0.6666666666666666,0,0.3940000000000001
15,0,-0.3333333333333333,0,0.8420000000000001
15,1,0.6666666666666666,1,0.316
15,1,0.3333333333333333,1,0.546
15,0,-0.6666666666666666,0,0.794
15,1,0.3333333333333333,0,0.6299999999999999
15,0,-0.6666666666666666,0,1.0
15,1,0.6666666666666666,1,0.5740000000000001
15,1,0.3333333333333333,1,0.934
15,0,-0.6666666666666666,0,0.6139999999999999
15,1,0.3333333333333333,1,0.1140000000000001
15,1,1.0,1,0.3
15,1,0.6666666666666666,1,0.708
15,1,0.6666666666666666,1,1.0
15,1,1.0,0,0.8500000000000001
15,1,1.0,1,0.4419999999999999
15,1,0.6666666666666666,1,0.6200000000000001
15,1,1.0,1,1.0
15,1,0.6666666666666666,1,0.6599999999999999
15,0,-0.3333333333333333,0,0.246
15,0,-0.3333333333333333,0,0.4159999999999999
15,1,0.3333333333333333,1,0.6259999999999999
15,1,0.6666666666666666,1,0.002
15,1,0.6666666666666666,1,0.24
15,1,1.0,1,0.74
15,1,0.3333333333333333,1,0.6399999999999999
15,0,-0.6666666666666666,1,0.002
15,1,0.3333333333333333,1,0.002
15,1,1.0,1,1.0
15,0,-1.0,0,1.0
15,0,-0.6666666666666666,0,0.3420000000000001
15,0,-0.6666666666666666,0,0.8780000000000001
15,0,-0.6666666666666666,0,0.1200000000000001
15,1,0.6666666666666666,1,0.1719999999999999
15,1,0.3333333333333333,1,0.3500000000000001
15,1,0.3333333333333333,1,0.508
15,1,0.3333333333333333,0,0.2319999999999999
15,1,0.3333333333333333,1,0.5740000000000001
15,1,1.0,1,0.964
15,0,-1.0,0,0.28
15,0,-1.0,0,1.0
15,0,-0.3333333333333333,0,0.958
16,1,0.6666666666666666,1,0.016
16,1,1.0,1,0.972
16,0,-1.0,0,0.766
16,1,0.6666666666666666,1,0.8999999999999999
16,0,-0.6666666666666666,0,0.072
16,0,-1.0,0,0.1659999999999999
16,0,-0.6666666666666666,0,0.936
16,1,1.0,1,0.8839999999999999
16,0,-1.0,0,1.0
16,0,-1.0,0,0.5780000000000001
16,1,0.3333333333333333,1,0.8420000000000001
16,1,1.0,1,0.766
16,0,-1.0,0,1.0
16,0,-0.3333333333333333,1,1.0
16,1,0.6666666666666666,1,0.6379999999999999
16,1,0.6666666666666666,1,0.976
16,0,-0.6666666666666666,1,0.1779999999999999
16,0,-0.3333333333333333,1,0.2079999999999999
16,1,1.0,1,0.8700000000000001
16,1,0.6666666666666666,1,0.796
16,1,0.6666666666666666,1,0.91
16,0,-1.0,0,0.978
16,1,1.0,1,1.0
16,1,0.3333333333333333,1,0.3360000000000001
16,1,1.0,1,0.1120000000000001
16,0,-0.6666666666666666,1,0.034
16,1,0.6666666666666666,1,0.1979999999999999
16,0,-0.6666666666666666,0,0.6779999999999999
16,0,-0.3333333333333333,0,0.4439999999999999
16,1,0.6666666666666666,1,0.8839999999999999
16,0,-0.3333333333333333,1,0.3879999999999999
16,0,-0.3333333333333333,0,0.034
16,1,0.6666666666666666,1,0.244
16,1,1.0,1,0.324
16,1,0.3333333333333333,1,0.8140000000000001
16,1,0.3333333333333333,1,0.2339999999999999
16,0,-1.0,0,0.692
16,0,-0.6666666666666666,0,0.478
16,1,1.0,1,0.744
16,0,-0.3333333333333333,0,0.708
16,1,1.0,1,0.778
16,1,0.3333333333333333,1,0.3720000000000001
16,0,-0.6666666666666666,1,0.1080000000000001
16,1,1.0,1,1.0
16,1,0.6666666666666666,1,1.0
16,1,0.3333333333333333,1,0.24
16,1,1.0,1,1.0
16,0,-0.6666666666666666,1,0.3620000000000001
16,0,-1.0,0,0.958
16,1,0.6666666666666666,1,0.058
16,1,1.0,1,0.996
16,1,0.6666666666666666,1,0.952
16,1,1.0,1,0.968
16,0,-0.3333333333333333,1,0.8200000000000001
16,0,-0.3333333333333333,0,0.508
16,0,-1.0,0,0.966
16,0,-0.3333333333333333,0,1.0
16,1,1.0,1,1.0
16,0,-1.0,0,0.928
16,1,1.0,1,1.0
16,0,-0.3333333333333333,0,1.0
16,1,0.6666666666666666,1,0.992
16,1,0.6666666666666666,1,0.978
16,0,-0.6666666666666666,0,1.0
16,1,0.6666666666666666,1,1.0
16,0,-0.3333333333333333,0,0.994
16,1,0.3333333333333333,0,0.74
16,0,-1.0,0,0.514
16,1,0.3333333333333333,0,0.91
16,0,-1.0,0,0.912
16,0,-0.6666666666666666,1,0.6779999999999999
16,1,0.3333333333333333,1,0.56
16,1,0.6666666666666666,1,0.6739999999999999
16,1,0.3333333333333333,1,0.04
16,1,1.0,1,0.044
16,0,-0.6666666666666666,0,0.8660000000000001
16,1,0.3333333333333333,1,0.036
16,1,1.0,1,0.936
16,0,-1.0,0,0.5780000000000001
16,1,0.6666666666666666,1,0.6839999999999999
16,1,0.3333333333333333,1,0.534
16,1,0.3333333333333333,1,0.068
16,0,-0.3333333333333333,1,0.32
16,1,0.6666666666666666,1,0.5840000000000001
16,0,-0.6666666666666666,1,0.296
16,1,1.0,1,0.6719999999999999
16,1,1.0,1,0.006
16,1,0.6666666666666666,1,0.3720000000000001
16,1,0.3333333333333333,1,0.8779999999999999
16,1,1.0,1,0.8300000000000001
16,1,1.0,1,0.904
16,0,-0.6666666666666666,0,0.046
16,1,0.3333333333333333,1,0.732
16,1,0.6666666666666666,1,0.6220000000000001
16,1,0.3333333333333333,1,0.8979999999999999
16,0,-1.0,0,0.8620000000000001
16,1,0.6666666666666666,1,0.978
16,0,-0.3333333333333333,0,0.966
16,0,-0.6666666666666666,0,1.0
16,0,-0.6666666666666666,0,0.018
16,0,-0.3333333333333333,1,0.008
16,1,0.6666666666666666,1,1.0
16,1,0.3333333333333333,1,1.0
16,0,-1.0,0,0.964
16,1,1.0,1,0.928
16,0,-0.6666666666666666,0,0.8380000000000001
16,0,-0.6666666666666666,1,0.29
16,0,-0.6666666666666666,0,1.0
16,0,-0.3333333333333333,0,0.974
16,0,-0.3333333333333333,0,0.8919999999999999
16,0,-1.0,0,1.0
16,1,0.3333333333333333,1,0.4219999999999999
16,1,0.6666666666666666,1,0.784
16,1,0.3333333333333333,1,0.936
16,1,1.0,1,0.93
16,1,0.6666666666666666,1,0.5920000000000001
16,1,1.0,1,1.0
16,0,-0.6666666666666666,0,0.2199999999999999
16,0,-1.0,0,1.0
16,0,-0.3333333333333333,1,0.924
16,1,1.0,1,0.934
16,0,-1.0,0,0.8359999999999999
16,1,1.0,1,0.948
16,0,-0.3333333333333333,0,0.2019999999999999
16,0,-0.3333333333333333,1,0.5940000000000001
16,1,1.0,1,0.8620000000000001
16,0,-0.3333333333333333,1,1.0
16,1,1.0,1,0.93
16,1,1.0,1,0.8700000000000001
16,1,0.6666666666666666,1,0.268
16,0,-1.0,1,0.6619999999999999
16,0,-1.0,0,0.8639999999999999
16,1,0.3333333333333333,1,0.6739999999999999
16,0,-0.3333333333333333,1,0.8919999999999999
16,1,0.3333333333333333,1,0.766
16,0,-1.0,1,0.4179999999999999
16,1,0.3333333333333333,0,0.8380000000000001
16,0,-1.0,0,0.6240000000000001
16,0,-0.3333333333333333,0,0.088
16,1,1.0,1,0.71
16,0,-0.6666666666666666,0,0.03
16,0,-1.0,0,0.8160000000000001
16,0,-0.3333333333333333,0,0.266
16,0,-0.3333333333333333,0,0.022
16,0,-0.3333333333333333,0,0.072
16,1,0.3333333333333333,1,0.272
16,1,0.6666666666666666,0,0.026
16,1,0.3333333333333333,1,0.722
16,1,0.6666666666666666,0,0.056
16,0,-1.0,0,0.258
16,0,-0.3333333333333333,0,0.02
16,1,1.0,1,0.8560000000000001
16,1,0.3333333333333333,1,0.486
16,1,1.0,1,0.3420000000000001
16,0,-0.3333333333333333,1,0.316
16,1,0.6666666666666666,1,0.79
16,0,-0.3333333333333333,1,0.042
16,1,0.6666666666666666,1,0.034
16,1,0.3333333333333333,1,0.3380000000000001
16,1,0.6666666666666666,1,0.942
16,0,-0.3333333333333333,0,0.0899999999999998
16,1,0.3333333333333333,1,0.31
16,1,1.0,0,0.02
16,0,-0.6666666666666666,0,0.1859999999999999
16,0,-0.6666666666666666,0,1.0
16,1,0.6666666666666666,1,1.0
16,0,-0.6666666666666666,1,0.2239999999999999
16,0,-1.0,0,0.8559999999999999
16,0,-0.6666666666666666,1,0.8500000000000001
16,1,1.0,1,0.8859999999999999
16,1,0.6666666666666666,1,0.3839999999999999
16,0,-0.6666666666666666,0,0.8959999999999999
16,1,0.3333333333333333,1,1.0
16,0,-0.6666666666666666,0,0.264
16,1,0.3333333333333333,0,0.258
16,1,0.6666666666666666,1,0.8280000000000001
16,1,0.6666666666666666,1,0.924
16,0,-1.0,0,0.97
16,0,-0.6666666666666666,0,0.046
16,0,-1.0,0,0.022
16,1,0.6666666666666666,1,0.94
16,0,-1.0,0,1.0
16,1,1.0,1,0.316
16,1,0.3333333333333333,1,0.008
16,1,0.6666666666666666,1,0.946
16,1,0.6666666666666666,1,0.6080000000000001
16,0,-0.6666666666666666,0,0.076
16,1,0.6666666666666666,1,0.298
16,0,-1.0,0,0.1640000000000001
16,0,-0.3333333333333333,0,0.2319999999999999
16,1,0.6666666666666666,1,0.512
16,1,0.3333333333333333,1,0.4079999999999999
16,1,0.3333333333333333,1,0.91
16,0,-1.0,0,1.0
16,0,-1.0,0,1.0
16,0,-0.6666666666666666,0,0.248
16,1,0.3333333333333333,1,0.002
16,0,-0.6666666666666666,0,0.25
16,1,0.6666666666666666,1,0.932
16,1,0.3333333333333333,0,0.0
16,1,1.0,1,0.8200000000000001
16,1,1.0,1,0.946
16,1,0.6666666666666666,1,0.954
16,0,-0.3333333333333333,0,0.002
16,0,-1.0,0,0.8900000000000001
16,1,0.3333333333333333,1,0.946
16,1,0.3333333333333333,1,0.968
16,0,-1.0,0,0.8740000000000001
16,0,-0.3333333333333333,0,0.1739999999999999
16,0,-0.3333333333333333,1,0.024
16,0,-0.6666666666666666,0,1.0
16,1,0.6666666666666666,1,0.992
16,0,-0.6666666666666666,1,0.968
16,1,0.3333333333333333,1,0.928
16,0,-0.6666666666666666,0,0.4159999999999999
16,1,0.6666666666666666,1,0.8660000000000001
16,1,0.3333333333333333,1,0.1939999999999999
16,0,-0.3333333333333333,1,0.08
16,1,1.0,1,0.71
16,0,-0.6666666666666666,0,0.006
16,1,0.3333333333333333,1,0.4379999999999999
16,0,-0.6666666666666666,0,0.1499999999999999
16,1,0.6666666666666666,1,0.94
16,1,0.6666666666666666,0,0.8140000000000001
16,1,0.3333333333333333,0,0.3919999999999999
16,1,0.6666666666666666,1,1.0
16,1,1.0,1,0.998
16,0,-0.6666666666666666,0,0.022
16,0,-1.0,0,0.278
16,1,0.3333333333333333,1,0.946
16,1,1.0,1,0.6100000000000001
16,1,0.6666666666666666,1,0.5640000000000001
16,1,1.0,1,0.3520000000000001
16,1,0.6666666666666666,1,0.052
16,1,1.0,1,0.928
16,1,0.3333333333333333,1,0.802
16,1,0.3333333333333333,1,0.808
16,0,-0.6666666666666666,0,0.006
16,1,0.6666666666666666,1,0.6639999999999999
16,0,-0.3333333333333333,1,0.002
16,0,-0.3333333333333333,0,0.308
16,0,-1.0,1,0.792
16,0,-0.3333333333333333,0,0.028
16,1,1.0,1,0.1579999999999999
16,1,0.3333333333333333,1,0.4119999999999999
16,1,1.0,1,1.0
16,1,0.6666666666666666,1,0.3839999999999999
16,0,-0.6666666666666666,0,0.726
16,0,-0.3333333333333333,1,0.8360000000000001
16,0,-0.3333333333333333,1,0.1879999999999999
16,1,0.6666666666666666,1,0.936
16,1,0.6666666666666666,1,0.8540000000000001
16,1,0.3333333333333333,1,0.28
16,1,1.0,1,0.788
16,0,-0.6666666666666666,1,0.8620000000000001
16,0,-0.3333333333333333,0,0.8580000000000001
16,0,-0.6666666666666666,1,0.5900000000000001
16,0,-0.6666666666666666,0,0.6659999999999999
16,0,-0.6666666666666666,0,0.6160000000000001
16,0,-0.6666666666666666,1,0.016
16,1,0.6666666666666666,1,0.064
16,0,-0.3333333333333333,0,0.0
16,1,1.0,1,0.018
16,1,1.0,1,0.916
16,1,1.0,1,0.994
16,0,-0.3333333333333333,0,0.942
16,0,-0.6666666666666666,0,0.776
16,0,-1.0,0,1.0
16,1,0.6666666666666666,1,0.036
16,1,0.6666666666666666,1,1.0
16,1,0.6666666666666666,1,0.6759999999999999
16,0,-0.3333333333333333,0,0.6739999999999999
16,1,0.6666666666666666,1,0.558
16,0,-0.6666666666666666,1,0.4619999999999999
16,0,-0.3333333333333333,0,0.01
16,0,-1.0,0,0.8180000000000001
16,1,0.3333333333333333,1,0.916
16,0,-0.3333333333333333,0,0.98
16,1,0.3333333333333333,0,0.1800000000000001
16,0,-0.3333333333333333,1,0.512
16,1,1.0,1,0.964
16,0,-1.0,1,0.02
16,0,-0.6666666666666666,0,0.024
16,1,1.0,1,0.2079999999999999
16,1,0.6666666666666666,1,0.8400000000000001
16,1,0.3333333333333333,0,0.0
16,0,-0.6666666666666666,0,0.06
16,0,-1.0,0,0.3999999999999999
16,1,1.0,1,0.8919999999999999
16,0,-0.6666666666666666,0,0.3660000000000001
16,1,0.3333333333333333,0,0.044
16,1,0.6666666666666666,0,0.2219999999999999
16,1,0.3333333333333333,1,0.778
16,0,-1.0,0,0.6859999999999999
16,0,-0.6666666666666666,0,0.512
16,1,1.0,1,0.6619999999999999
16,0,-0.3333333333333333,1,0.042
16,0,-1.0,1,0.1819999999999999
16,0,-0.3333333333333333,0,0.2319999999999999
16,0,-1.0,0,0.018
16,0,-1.0,1,0.002
16,1,0.3333333333333333,0,0.012
16,0,-0.6666666666666666,0,0.8439999999999999
16,1,0.6666666666666666,1,0.068
16,1,1.0,1,0.53
16,1,1.0,1,1.0
16,0,-0.6666666666666666,0,0.938
16,0,-0.6666666666666666,1,0.548
16,0,-0.3333333333333333,0,0.062
16,0,-0.3333333333333333,1,0.6339999999999999
16,0,-1.0,0,0.5780000000000001
16,0,-0.6666666666666666,1,0.012
16,0,-0.3333333333333333,1,0.3899999999999999
16,0,-1.0,0,0.474
16,0,-1.0,0,0.1499999999999999
16,0,-0.6666666666666666,0,0.496
16,1,0.6666666666666666,1,0.034
16,1,0.6666666666666666,1,0.024
16,0,-0.6666666666666666,0,0.4459999999999999
16,1,0.6666666666666666,1,0.032
16,1,1.0,1,0.016
16,0,-0.3333333333333333,0,0.3439999999999998
16,0,-0.3333333333333333,0,0.012
16,1,0.3333333333333333,1,0.036
16,0,-0.3333333333333333,1,0.04
16,1,1.0,1,0.992
16,1,1.0,1,0.902
16,1,1.0,1,0.954
16,0,-1.0,0,0.4419999999999999
16,0,-1.0,0,0.4459999999999999
16,0,-0.6666666666666666,1,0.1499999999999999
16,1,0.3333333333333333,1,0.002
16,1,1.0,1,0.254
16,1,0.6666666666666666,0,0.1999999999999999
16,1,0.6666666666666666,1,0.8939999999999999
16,1,0.3333333333333333,1,0.6659999999999999
16,0,-0.3333333333333333,0,0.246
16,1,0.6666666666666666,1,0.764
16,0,-1.0,1,0.71
16,0,-0.3333333333333333,0,0.032
16,1,1.0,1,1.0
16,1,1.0,1,0.92
16,0,-1.0,0,0.1280000000000001
16,0,-0.6666666666666666,1,0.002
16,1,1.0,1,0.4039999999999999
16,0,-0.3333333333333333,0,0.04
16,0,-0.6666666666666666,0,0.8759999999999999
16,0,-0.6666666666666666,1,0.012
16,0,-0.3333333333333333,1,0.4179999999999999
16,0,-0.6666666666666666,0,0.092
16,0,-0.6666666666666666,0,0.3780000000000001
16,0,-0.3333333333333333,0,0.1379999999999999
16,0,-1.0,0,0.484
16,0,-0.6666666666666666,0,0.724
16,0,-0.3333333333333333,0,1.0
16,0,-0.6666666666666666,0,0.8240000000000001
16,0,-1.0,0,0.6379999999999999
16,1,1.0,1,0.054
16,1,1.0,1,0.55
16,1,0.3333333333333333,1,0.026
16,1,0.3333333333333333,1,0.006
16,1,0.3333333333333333,1,0.006
16,0,-0.6666666666666666,0,1.0
16,1,0.6666666666666666,0,0.286
16,0,-0.6666666666666666,1,0.068
16,1,0.3333333333333333,0,0.8700000000000001
16,1,0.6666666666666666,0,0.012
16,1,0.6666666666666666,1,0.504
16,1,0.3333333333333333,1,0.242
16,0,-0.3333333333333333,1,0.3839999999999999
16,0,-0.3333333333333333,0,0.716
16,1,0.6666666666666666,1,0.084
16,0,-0.6666666666666666,1,0.052
16,0,-1.0,0,0.0
16,0,-1.0,0,0.028
16,1,1.0,1,0.004
16,0,-1.0,0,0.4340000000000001
16,1,0.6666666666666666,1,0.474
16,0,-1.0,0,0.2299999999999999
16,0,-0.6666666666666666,0,0.4119999999999999
16,0,-1.0,1,0.006
16,1,0.3333333333333333,1,0.076
16,0,-0.6666666666666666,1,0.024
16,0,-1.0,0,0.068
16,0,-0.3333333333333333,0,0.1459999999999999
16,0,-0.3333333333333333,1,0.074
16,1,0.3333333333333333,1,0.24
16,0,-1.0,0,0.914
16,0,-0.6666666666666666,1,0.02
16,0,-0.6666666666666666,0,0.052
16,0,-0.6666666666666666,1,0.1200000000000001
16,1,0.6666666666666666,1,1.0
16,0,-0.3333333333333333,0,0.0979999999999998
16,1,0.3333333333333333,1,0.1919999999999999
16,1,0.6666666666666666,0,0.06
16,1,0.6666666666666666,1,0.8560000000000001
16,1,0.3333333333333333,1,0.002
16,1,0.6666666666666666,0,0.08
16,1,0.6666666666666666,1,0.5
16,0,-0.6666666666666666,1,0.2179999999999999
16,0,-0.3333333333333333,1,0.6799999999999999
16,1,0.6666666666666666,1,0.788
16,1,1.0,1,0.6120000000000001
16,0,-0.3333333333333333,0,0.1280000000000001
16,1,0.3333333333333333,1,0.002
16,0,-1.0,1,0.096
16,1,0.6666666666666666,1,1.0
16,0,-0.3333333333333333,0,0.3279999999999998
16,1,1.0,1,1.0
16,1,0.6666666666666666,1,0.926
16,1,0.6666666666666666,1,0.278
16,1,0.6666666666666666,1,0.3660000000000001
16,1,0.6666666666666666,1,0.49
16,1,0.6666666666666666,1,0.766
16,0,-0.6666666666666666,1,0.8140000000000001
16,0,-0.6666666666666666,1,0.796
16,1,1.0,1,0.8680000000000001
16,1,0.6666666666666666,1,0.048
16,0,-0.3333333333333333,0,0.2179999999999999
16,1,0.3333333333333333,1,0.028
16,0,-0.6666666666666666,1,0.5720000000000001
16,0,-1.0,1,0.1599999999999999
16,0,-1.0,1,0.4419999999999999
16,1,1.0,1,0.8520000000000001
16,1,1.0,1,0.688
16,1,1.0,1,0.486
16,0,-0.6666666666666666,1,0.09
16,0,-0.3333333333333333,0,0.032
16,0,-0.3333333333333333,0,0.006
16,1,1.0,1,0.6080000000000001
16,0,-0.3333333333333333,1,0.748
16,0,-1.0,0,0.246
16,1,1.0,1,0.33
16,0,-0.6666666666666666,1,0.1959999999999999
16,0,-1.0,0,0.1179999999999998
16,0,-0.6666666666666666,0,0.104
16,0,-0.3333333333333333,0,0.092
16,0,-1.0,1,0.1839999999999999
16,1,0.3333333333333333,1,0.1799999999999999
16,0,-0.6666666666666666,1,0.066
16,0,-1.0,0,0.282
16,1,0.3333333333333333,1,0.92
16,1,1.0,1,0.478
16,0,-0.3333333333333333,1,0.046
16,1,1.0,1,0.3600000000000001
16,0,-0.6666666666666666,0,0.04
16,1,0.6666666666666666,1,0.1979999999999999
16,1,0.3333333333333333,1,0.028
16,1,1.0,1,1.0
16,0,-1.0,0,0.244
16,0,-0.3333333333333333,0,0.778
16,1,0.6666666666666666,0,0.738
16,1,0.6666666666666666,1,0.304
16,1,1.0,1,0.512
16,1,0.6666666666666666,1,0.3740000000000001
16,0,-1.0,0,0.506
16,1,0.3333333333333333,1,0.52
16,0,-0.6666666666666666,0,0.042
16,0,-1.0,0,0.0659999999999998
16,0,-1.0,0,0.302
16,0,-0.3333333333333333,0,0.262
16,1,0.6666666666666666,1,0.492
16,1,0.6666666666666666,1,0.306
16,1,0.3333333333333333,0,0.1659999999999999
16,0,-0.6666666666666666,0,0.2339999999999999
16,0,-1.0,0,0.506
16,0,-1.0,0,0.4419999999999999
16,0,-1.0,0,0.3820000000000001
16,1,0.6666666666666666,0,0.1360000000000001
16,1,0.3333333333333333,1,0.244
16,0,-0.3333333333333333,1,0.004
16,0,-0.3333333333333333,1,0.068
16,1,0.3333333333333333,1,0.1120000000000001
16,0,-1.0,0,0.3700000000000001
16,1,0.6666666666666666,1,1.0
16,0,-0.6666666666666666,1,0.2339999999999999
16,1,1.0,1,0.4399999999999999
16,0,-0.6666666666666666,0,0.0699999999999998
16,1,0.3333333333333333,0,0.042
16,1,0.3333333333333333,0,0.906
16,0,-0.3333333333333333,1,0.4119999999999999
16,0,-0.6666666666666666,1,0.1399999999999999
16,0,-0.3333333333333333,0,0.1659999999999999
16,0,-0.3333333333333333,0,0.3780000000000001
16,1,0.3333333333333333,1,0.486
16,0,-0.6666666666666666,0,0.292
16,0,-0.3333333333333333,1,0.3420000000000001
16,0,-0.3333333333333333,0,0.516
16,0,-0.6666666666666666,1,0.2159999999999999
16,1,0.3333333333333333,1,0.778
16,0,-0.3333333333333333,0,0.496
16,1,0.6666666666666666,1,0.304
16,1,0.3333333333333333,1,0.3380000000000001
16,1,0.6666666666666666,1,0.3740000000000001
16,1,0.6666666666666666,1,0.56
16,0,-1.0,1,0.1419999999999999
16,1,0.3333333333333333,1,0.8200000000000001
16,1,0.6666666666666666,1,0.79
16,0,-1.0,0,0.27
16,1,1.0,1,0.74
16,0,-0.3333333333333333,0,0.0
16,0,-1.0,0,0.506
16,1,0.3333333333333333,1,0.984
16,1,0.3333333333333333,1,0.974
16,1,0.6666666666666666,0,0.076
16,0,-0.3333333333333333,1,0.1200000000000001
16,1,0.6666666666666666,1,0.4179999999999999
16,1,0.6666666666666666,1,0.778
16,1,0.6666666666666666,0,0.004
16,1,0.6666666666666666,1,0.4199999999999999
16,0,-0.3333333333333333,0,0.1959999999999999
16,1,0.6666666666666666,1,0.6100000000000001
16,0,-0.3333333333333333,0,0.1659999999999999
16,1,0.3333333333333333,0,0.006
16,1,0.3333333333333333,1,0.554
16,0,-0.6666666666666666,0,0.092
16,0,-0.6666666666666666,1,0.1180000000000001
16,1,1.0,1,0.6499999999999999
16,0,-0.3333333333333333,1,0.074
16,0,-1.0,0,0.3279999999999998
16,0,-1.0,0,0.016
16,0,-1.0,0,0.3239999999999998
16,1,1.0,1,0.802
16,0,-1.0,0,0.1339999999999999
16,0,-1.0,0,0.01
16,0,-0.3333333333333333,0,0.1699999999999999
16,0,-0.3333333333333333,0,0.1959999999999999
16,0,-0.3333333333333333,0,0.1419999999999999
16,1,1.0,1,0.6759999999999999
16,0,-0.3333333333333333,1,0.052
16,1,1.0,1,0.6859999999999999
16,1,1.0,1,0.94
16,0,-0.6666666666666666,0,0.248
16,0,-0.3333333333333333,0,0.1760000000000001
16,1,1.0,1,1.0
16,1,0.3333333333333333,1,0.8540000000000001
16,0,-0.6666666666666666,1,0.48
16,0,-0.6666666666666666,0,0.6839999999999999
16,0,-0.6666666666666666,1,0.074
16,1,0.6666666666666666,0,0.0
16,0,-0.3333333333333333,0,0.012
16,1,1.0,1,0.986
16,1,0.3333333333333333,1,0.538
16,0,-0.3333333333333333,1,0.2039999999999999
16,1,0.3333333333333333,1,0.8440000000000001
16,1,1.0,1,0.006
16,0,-1.0,0,0.4359999999999999
16,1,1.0,1,0.6719999999999999
16,1,1.0,1,0.81
16,1,1.0,1,0.73
16,0,-0.6666666666666666,1,0.028
16,0,-0.6666666666666666,1,0.012
16,0,-1.0,1,0.002
16,0,-0.6666666666666666,0,0.8660000000000001
16,0,-0.6666666666666666,0,0.042
16,0,-1.0,0,0.1640000000000001
16,1,1.0,0,0.4519999999999999
16,1,0.6666666666666666,1,0.1439999999999999
16,0,-0.3333333333333333,0,0.812
16,1,1.0,1,1.0
16,0,-0.6666666666666666,0,0.4100000000000001
16,1,0.6666666666666666,1,0.948
16,0,-1.0,0,0.4199999999999999
16,1,1.0,1,0.8819999999999999
16,1,1.0,1,0.748
16,0,-0.6666666666666666,0,0.8559999999999999
16,0,-1.0,1,0.004
16,1,0.6666666666666666,0,0.5820000000000001
16,0,-0.6666666666666666,0,0.6040000000000001
16,0,-0.3333333333333333,1,0.8919999999999999
16,0,-0.3333333333333333,0,0.4539999999999999
16,1,0.3333333333333333,0,0.1739999999999999
16,0,-0.6666666666666666,0,0.8220000000000001
16,1,0.3333333333333333,1,0.808
16,1,1.0,1,0.1619999999999999
16,0,-0.6666666666666666,1,0.1539999999999999
16,1,0.3333333333333333,1,1.0
16,1,1.0,1,0.758
16,0,-0.3333333333333333,1,0.1939999999999999
16,1,0.3333333333333333,1,0.4239999999999999
16,0,-0.3333333333333333,1,0.238
16,1,0.3333333333333333,1,0.1959999999999999
16,0,-0.3333333333333333,1,0.1839999999999999
16,1,0.6666666666666666,1,0.1299999999999999
16,1,1.0,1,0.482
16,0,-1.0,1,0.002
16,1,1.0,1,0.76
16,1,0.6666666666666666,1,0.794
16,0,-0.6666666666666666,0,0.6499999999999999
16,1,1.0,1,1.0
16,0,-1.0,0,0.706
16,1,1.0,1,0.8939999999999999
16,0,-0.6666666666666666,0,0.4619999999999999
16,1,0.6666666666666666,1,0.794
16,1,0.6666666666666666,1,0.75
16,0,-1.0,0,0.8460000000000001
16,1,0.3333333333333333,1,0.788
16,0,-0.3333333333333333,0,0.556
16,1,1.0,1,0.722
16,1,0.6666666666666666,1,0.6519999999999999
16,1,0.3333333333333333,0,0.3940000000000001
16,0,-0.3333333333333333,0,0.4559999999999999
16,0,-1.0,0,0.97
16,0,-0.6666666666666666,0,0.482
16,0,-0.3333333333333333,0,0.4639999999999999
16,0,-0.3333333333333333,0,0.5860000000000001
16,0,-1.0,0,0.5780000000000001
16,0,-1.0,0,0.528
16,1,1.0,1,1.0
16,1,1.0,1,0.97
16,0,-1.0,0,1.0
16,1,1.0,1,1.0
16,0,-0.3333333333333333,1,0.018
16,1,0.3333333333333333,1,0.2199999999999999
16,1,1.0,1,0.938
16,1,0.3333333333333333,1,0.1839999999999999
16,0,-0.6666666666666666,0,0.3900000000000001
16,1,1.0,0,0.3239999999999998
16,1,0.6666666666666666,1,0.472
16,1,0.3333333333333333,1,0.1279999999999999
16,1,0.3333333333333333,1,0.2079999999999999
16,1,0.6666666666666666,1,0.1759999999999999
16,1,0.3333333333333333,1,0.2179999999999999
16,1,1.0,1,0.1499999999999999
16,0,-0.3333333333333333,0,0.3879999999999999
16,1,0.3333333333333333,1,0.24
16,1,0.3333333333333333,1,0.32
16,1,1.0,1,0.4599999999999999
16,0,-0.6666666666666666,1,0.536
16,1,0.6666666666666666,1,0.1919999999999999
16,0,-0.3333333333333333,0,0.3
16,0,-1.0,0,0.3319999999999998
16,1,0.6666666666666666,1,0.542
16,0,-0.3333333333333333,0,0.3740000000000001
16,0,-1.0,0,0.05
16,0,-0.3333333333333333,0,0.0779999999999998
16,0,-1.0,0,0.072
16,0,-0.6666666666666666,0,0.2079999999999999
16,1,0.3333333333333333,0,0.0
16,1,0.6666666666666666,1,0.3500000000000001
16,1,0.3333333333333333,0,0.104
16,1,0.3333333333333333,1,0.4399999999999999
16,1,0.6666666666666666,0,0.1440000000000001
16,1,1.0,1,0.6220000000000001
16,0,-1.0,0,0.1320000000000001
16,1,0.6666666666666666,0,0.288
16,0,-0.3333333333333333,1,0.8740000000000001
16,1,0.6666666666666666,1,0.1080000000000001
16,0,-0.3333333333333333,1,0.242
16,1,0.3333333333333333,1,0.3460000000000001
16,0,-0.3333333333333333,0,0.266
16,1,0.3333333333333333,1,0.484
16,1,1.0,1,0.6220000000000001
16,1,0.6666666666666666,1,0.536
16,0,-1.0,0,0.506
16,1,0.3333333333333333,1,0.304
16,0,-0.6666666666666666,0,0.6019999999999999
16,0,-0.6666666666666666,0,0.536
16,1,0.3333333333333333,1,0.6359999999999999
16,1,0.6666666666666666,0,0.1800000000000001
16,0,-0.6666666666666666,1,0.266
16,1,1.0,1,0.022
16,0,-0.6666666666666666,0,0.4239999999999999
16,0,-0.6666666666666666,0,0.4100000000000001
16,0,-0.6666666666666666,1,0.1919999999999999
16,1,1.0,1,0.8460000000000001
16,1,1.0,1,0.73
16,1,0.6666666666666666,1,0.102
16,0,-0.6666666666666666,0,0.2119999999999999
16,0,-0.6666666666666666,0,0.718
16,1,0.6666666666666666,1,0.084
16,0,-0.3333333333333333,1,0.042
16,0,-1.0,0,0.044
16,1,0.6666666666666666,0,0.0939999999999998
16,0,-0.3333333333333333,1,0.1279999999999999
16,0,-1.0,0,0.1400000000000001
16,0,-0.6666666666666666,0,0.1259999999999999
16,1,0.3333333333333333,0,0.012
16,1,0.6666666666666666,1,0.022
16,0,-0.6666666666666666,1,0.002
16,1,0.6666666666666666,1,0.3979999999999999
16,1,0.3333333333333333,1,0.098
16,0,-0.6666666666666666,0,0.3340000000000001
16,1,0.6666666666666666,1,0.6759999999999999
16,0,-0.3333333333333333,1,0.4419999999999999
16,0,-0.3333333333333333,0,0.5920000000000001
16,1,0.3333333333333333,1,0.1259999999999999
16,1,1.0,0,0.016
16,0,-0.3333333333333333,0,0.058
16,0,-0.6666666666666666,0,0.1120000000000001
16,1,0.6666666666666666,1,0.6379999999999999
16,0,-0.6666666666666666,1,0.3500000000000001
16,1,0.6666666666666666,1,0.314
16,0,-0.6666666666666666,1,0.1
16,1,1.0,1,0.47
16,1,1.0,1,0.4239999999999999
16,1,0.3333333333333333,1,0.488
16,0,-1.0,1,0.3580000000000001
16,1,0.3333333333333333,1,0.492
16,1,0.3333333333333333,1,0.51
16,1,0.3333333333333333,0,0.068
16,0,-0.6666666666666666,0,0.044
16,1,0.6666666666666666,1,0.014
16,1,0.6666666666666666,0,0.002
16,0,-0.6666666666666666,1,0.3
16,1,1.0,1,0.47
16,1,0.6666666666666666,1,0.5860000000000001
16,0,-1.0,0,0.2239999999999999
16,1,1.0,1,0.488
16,1,1.0,1,0.498
16,0,-0.3333333333333333,1,0.3480000000000001
16,0,-0.3333333333333333,1,0.3360000000000001
16,0,-0.6666666666666666,0,0.4659999999999999
16,1,0.6666666666666666,1,0.6839999999999999
16,0,-0.6666666666666666,1,0.4279999999999999
16,1,0.6666666666666666,1,0.4239999999999999
16,1,1.0,1,0.6339999999999999
16,0,-0.3333333333333333,0,0.5900000000000001
16,1,1.0,1,0.8660000000000001
16,1,0.3333333333333333,1,0.6739999999999999
16,1,0.6666666666666666,1,0.502
16,0,-0.6666666666666666,1,0.4099999999999999
16,1,1.0,1,0.51
16,1,0.3333333333333333,1,0.8899999999999999
16,0,-0.6666666666666666,0,1.0
16,0,-0.3333333333333333,0,0.2159999999999999
16,0,-1.0,0,0.4159999999999999
16,0,-0.3333333333333333,0,0.272
16,1,0.6666666666666666,0,0.022
16,1,0.6666666666666666,0,0.1979999999999999
16,0,-0.3333333333333333,0,0.0899999999999998
16,0,-0.3333333333333333,1,0.028
16,1,0.6666666666666666,1,0.242
16,1,1.0,1,0.1359999999999999
16,0,-1.0,0,0.1720000000000001
16,1,0.3333333333333333,1,0.4039999999999999
16,1,0.3333333333333333,1,0.04
16,1,0.6666666666666666,1,0.278
16,0,-0.3333333333333333,1,0.026
16,1,0.6666666666666666,1,0.1140000000000001
16,0,-1.0,0,0.022
16,0,-0.6666666666666666,0,0.1979999999999999
16,0,-0.3333333333333333,0,0.558
16,0,-1.0,0,0.8780000000000001
16,0,-0.3333333333333333,0,0.0659999999999998
16,0,-0.6666666666666666,0,0.002
16,1,1.0,1,0.514
16,1,1.0,1,0.8879999999999999
16,0,-0.3333333333333333,0,0.2019999999999999
16,1,0.6666666666666666,0,0.068
16,1,0.3333333333333333,1,0.5880000000000001
16,1,0.3333333333333333,1,0.066
16,0,-1.0,0,0.276
16,1,0.6666666666666666,1,0.8740000000000001
16,1,0.3333333333333333,1,1.0
16,0,-0.6666666666666666,0,0.056
16,1,0.6666666666666666,1,0.918
16,0,-1.0,0,0.068
16,0,-0.3333333333333333,1,1.0
16,0,-0.3333333333333333,0,0.4559999999999999
16,0,-0.3333333333333333,1,0.07
16,0,-0.3333333333333333,1,0.738
16,1,0.6666666666666666,0,0.1739999999999999
16,1,1.0,1,0.77
16,0,-1.0,0,0.744
16,1,0.3333333333333333,1,0.728
16,1,1.0,1,0.8899999999999999
16,1,0.3333333333333333,1,0.6759999999999999
16,0,-1.0,0,0.8879999999999999
16,0,-1.0,0,0.8340000000000001
16,1,0.6666666666666666,1,0.778
16,0,-0.3333333333333333,0,0.1999999999999999
16,1,0.6666666666666666,0,0.076
16,0,-0.6666666666666666,1,0.002
16,0,-1.0,0,0.4159999999999999
16,1,1.0,1,0.72
16,0,-0.3333333333333333,1,0.8420000000000001
16,1,0.3333333333333333,0,0.3980000000000001
16,0,-1.0,0,0.058
16,1,0.6666666666666666,1,0.728
16,1,0.3333333333333333,1,1.0
16,1,0.6666666666666666,1,0.802
16,0,-0.6666666666666666,0,0.908
16,0,-1.0,0,0.6400000000000001
16,0,-0.6666666666666666,0,0.49
16,0,-1.0,0,0.768
16,0,-0.3333333333333333,0,0.968
16,0,-0.6666666666666666,0,0.52
16,1,0.6666666666666666,1,0.074
16,1,1.0,1,0.976
16,0,-0.3333333333333333,0,1.0
16,1,0.6666666666666666,1,0.6060000000000001
16,1,1.0,1,0.714
16,1,0.6666666666666666,1,0.8640000000000001
16,1,1.0,1,1.0
16,1,0.3333333333333333,1,0.8879999999999999
16,0,-1.0,0,1.0
16,0,-0.6666666666666666,0,0.4159999999999999
16,0,-1.0,0,0.6280000000000001
16,1,0.6666666666666666,1,1.0
17,1,0.6666666666666666,1,0.264
17,0,-0.6666666666666666,1,0.272
17,0,-0.6666666666666666,1,0.2319999999999999
17,0,-0.6666666666666666,1,0.1479999999999999
17,0,-0.6666666666666666,1,0.1679999999999999
17,0,-1.0,0,0.264
17,1,0.6666666666666666,1,0.316
17,1,1.0,1,0.4619999999999999
17,0,-1.0,0,0.292
17,0,-1.0,0,0.504
17,1,0.3333333333333333,1,0.2279999999999999
17,0,-0.6666666666666666,0,0.27
17,0,-0.3333333333333333,1,0.322
17,1,1.0,1,0.3500000000000001
17,0,-0.3333333333333333,0,0.1099999999999998
17,1,0.6666666666666666,1,0.49
17,0,-0.6666666666666666,0,0.6679999999999999
17,0,-0.6666666666666666,0,0.312
17,1,1.0,1,0.544
17,1,1.0,1,0.3580000000000001
17,0,-0.3333333333333333,1,0.252
17,1,0.6666666666666666,1,0.4139999999999999
17,0,-1.0,0,0.4199999999999999
17,0,-0.3333333333333333,0,0.4619999999999999
17,0,-0.6666666666666666,0,0.28
17,1,0.3333333333333333,1,0.4259999999999999
17,1,1.0,1,0.6040000000000001
17,1,0.3333333333333333,0,0.1640000000000001
17,1,0.6666666666666666,1,0.2099999999999999
17,0,-0.6666666666666666,0,0.242
17,1,0.6666666666666666,1,0.1599999999999999
17,0,-0.3333333333333333,1,0.2299999999999999
17,0,-0.3333333333333333,1,0.01
17,0,-0.6666666666666666,0,0.1299999999999999
17,1,0.3333333333333333,1,0.4199999999999999
17,0,-1.0,0,0.242
17,0,-1.0,0,0.2179999999999999
17,0,-0.3333333333333333,1,0.104
17,1,0.3333333333333333,1,0.012
17,0,-1.0,0,0.304
17,1,0.6666666666666666,1,0.03
17,1,0.6666666666666666,1,0.284
17,1,0.3333333333333333,1,0.042
17,1,0.6666666666666666,1,0.4199999999999999
17,1,1.0,1,0.288
17,1,0.6666666666666666,1,0.284
17,1,0.6666666666666666,1,0.054
17,0,-0.3333333333333333,1,0.1060000000000001
17,0,-0.6666666666666666,0,0.262
17,0,-1.0,0,0.266
17,1,1.0,1,0.5980000000000001
17,0,-0.6666666666666666,1,0.26
17,1,0.6666666666666666,1,0.1459999999999999
17,0,-0.6666666666666666,1,0.1359999999999999
17,1,0.3333333333333333,1,0.304
17,1,0.3333333333333333,1,0.28
17,0,-0.3333333333333333,1,0.284
17,1,0.3333333333333333,1,0.31
17,0,-0.3333333333333333,1,0.292
17,0,-0.3333333333333333,1,0.1120000000000001
17,1,1.0,1,0.26
17,0,-1.0,0,0.1600000000000001
17,1,1.0,1,0.244
17,0,-0.6666666666666666,1,0.276
17,0,-1.0,1,0.306
17,0,-0.6666666666666666,0,0.3380000000000001
17,1,0.6666666666666666,0,0.24
17,0,-0.3333333333333333,0,0.2199999999999999
17,1,0.3333333333333333,0,0.054
17,1,0.6666666666666666,0,0.1560000000000001
17,0,-1.0,0,0.1779999999999999
17,1,0.3333333333333333,1,0.2039999999999999
17,0,-0.6666666666666666,0,0.1979999999999999
17,0,-0.3333333333333333,0,0.1999999999999999
17,0,-1.0,0,0.1819999999999999
17,0,-1.0,0,0.1999999999999999
17,1,0.3333333333333333,1,0.2179999999999999
17,0,-1.0,0,0.2099999999999999
17,1,0.6666666666666666,0,0.1240000000000001
17,1,0.6666666666666666,0,0.27
17,1,1.0,1,0.49
17,1,0.3333333333333333,1,0.272
17,1,1.0,1,0.4139999999999999
17,0,-1.0,0,0.1899999999999999
17,0,-1.0,0,0.5640000000000001
17,1,0.3333333333333333,1,0.102
17,1,0.6666666666666666,0,0.1
17,1,1.0,1,0.486
17,0,-1.0,0,0.4439999999999999
17,1,0.3333333333333333,1,0.276
17,1,0.3333333333333333,1,0.4039999999999999
17,1,0.3333333333333333,1,0.076
17,1,1.0,1,0.276
17,0,-1.0,1,0.4199999999999999
17,0,-0.3333333333333333,1,0.078
17,1,1.0,1,0.716
17,0,-0.3333333333333333,1,0.088
17,0,-0.6666666666666666,0,0.3900000000000001
17,0,-0.6666666666666666,1,0.296
17,1,0.3333333333333333,1,0.4239999999999999
17,0,-0.3333333333333333,1,0.2199999999999999
17,0,-1.0,0,0.3460000000000001
17,1,0.3333333333333333,1,0.252
17,1,1.0,1,0.544
17,0,-0.6666666666666666,0,0.302
17,0,-0.3333333333333333,0,0.054
17,0,-0.6666666666666666,0,0.1520000000000001
17,0,-1.0,0,0.1919999999999999
17,0,-0.3333333333333333,0,0.2219999999999999
17,0,-0.6666666666666666,0,0.1320000000000001
17,0,-0.6666666666666666,0,0.054
17,0,-1.0,0,0.1200000000000001
17,1,1.0,1,0.06
17,1,1.0,1,0.1439999999999999
17,1,0.6666666666666666,1,0.246
17,1,0.6666666666666666,1,0.252
17,1,0.6666666666666666,1,0.042
17,0,-0.3333333333333333,1,0.1180000000000001
17,1,0.6666666666666666,1,0.1919999999999999
17,1,1.0,1,0.49
17,1,1.0,1,0.3819999999999999
17,0,-1.0,0,0.5939999999999999
17,1,0.3333333333333333,1,0.012
17,0,-1.0,0,0.304
17,1,1.0,1,0.5720000000000001
17,1,1.0,1,0.928
17,0,-0.6666666666666666,0,0.982
17,0,-0.3333333333333333,0,0.062
17,1,1.0,0,0.0
17,0,-0.6666666666666666,1,0.002
17,1,1.0,1,0.966
17,0,-1.0,0,1.0
17,0,-0.3333333333333333,0,0.996
17,0,-0.6666666666666666,0,0.0
17,1,0.6666666666666666,0,0.002
17,0,-0.3333333333333333,0,0.006
17,1,1.0,1,1.0
17,0,-0.6666666666666666,0,1.0
17,1,0.6666666666666666,1,0.994
17,0,-1.0,0,1.0
17,1,1.0,1,0.952
17,0,-1.0,0,0.964
17,1,0.3333333333333333,1,0.978
17,0,-1.0,0,0.976
17,1,0.3333333333333333,1,0.296
17,1,1.0,1,0.996
17,0,-0.6666666666666666,0,1.0
17,1,0.6666666666666666,1,0.988
17,0,-1.0,0,0.06
17,1,0.3333333333333333,1,0.1519999999999999
17,1,1.0,1,0.978
17,1,0.3333333333333333,1,0.968
17,0,-0.6666666666666666,1,0.3380000000000001
17,0,-0.6666666666666666,0,0.068
17,1,0.6666666666666666,1,0.994
17,1,1.0,1,0.96
17,0,-0.6666666666666666,1,0.978
17,1,0.3333333333333333,1,0.978
17,1,1.0,1,0.972
17,0,-1.0,0,1.0
17,1,0.6666666666666666,1,0.97
17,1,1.0,1,1.0
17,1,1.0,1,0.968
17,1,0.6666666666666666,1,0.988
17,1,0.6666666666666666,0,0.924
17,1,1.0,1,0.96
17,1,0.6666666666666666,1,0.926
17,1,1.0,1,0.988
17,0,-1.0,0,0.928
17,1,0.3333333333333333,0,0.3319999999999998
17,1,0.6666666666666666,1,0.908
17,1,0.3333333333333333,1,0.4599999999999999
17,0,-1.0,0,0.4039999999999999
17,0,-1.0,0,0.8660000000000001
17,1,1.0,1,0.934
17,1,0.3333333333333333,1,0.512
17,1,1.0,1,0.8480000000000001
17,1,0.6666666666666666,1,0.4239999999999999
17,1,1.0,1,0.3460000000000001
17,1,0.3333333333333333,0,0.006
17,1,0.3333333333333333,1,0.266
17,0,-0.3333333333333333,0,0.3380000000000001
17,1,0.3333333333333333,1,0.042
17,0,-1.0,0,0.472
17,1,0.3333333333333333,1,0.6859999999999999
17,1,1.0,1,0.3999999999999999
17,0,-1.0,0,1.0
17,1,1.0,1,0.006
17,0,-0.3333333333333333,0,0.504
17,1,0.6666666666666666,1,0.026
17,1,1.0,1,0.8839999999999999
17,0,-0.3333333333333333,0,0.514
17,0,-0.6666666666666666,0,0.956
17,1,0.6666666666666666,1,0.788
17,1,0.6666666666666666,1,0.6200000000000001
17,1,0.3333333333333333,1,0.8720000000000001
17,1,0.6666666666666666,1,1.0
17,1,1.0,1,1.0
17,0,-1.0,0,1.0
17,1,0.6666666666666666,1,0.1659999999999999
17,1,0.6666666666666666,1,0.6180000000000001
17,1,0.3333333333333333,1,0.24
17,0,-0.3333333333333333,0,0.956
17,1,1.0,0,0.5760000000000001
17,1,0.3333333333333333,0,0.076
17,0,-1.0,0,1.0
17,0,-1.0,0,0.914
17,1,0.3333333333333333,0,0.5860000000000001
17,0,-0.6666666666666666,0,0.968
17,0,-1.0,0,0.952
17,0,-0.3333333333333333,0,0.298
17,0,-1.0,0,0.724
17,1,0.6666666666666666,1,0.714
17,1,1.0,1,0.54
17,0,-0.6666666666666666,0,0.8940000000000001
17,1,0.3333333333333333,1,0.6259999999999999
17,0,-0.3333333333333333,0,0.3399999999999998
17,0,-0.3333333333333333,0,0.8580000000000001
17,1,1.0,1,0.754
17,1,0.6666666666666666,1,0.972
17,0,-0.3333333333333333,0,0.0739999999999998
17,1,1.0,1,0.054
17,0,-0.3333333333333333,1,0.1399999999999999
17,1,1.0,1,0.946
17,1,1.0,1,0.71
17,1,0.6666666666666666,1,0.254
17,0,-0.3333333333333333,1,0.066
17,1,1.0,0,0.014
17,1,0.3333333333333333,1,0.6479999999999999
17,1,0.3333333333333333,1,0.304
17,0,-0.3333333333333333,1,0.1799999999999999
17,1,1.0,1,0.972
17,0,-0.3333333333333333,1,0.296
17,1,0.3333333333333333,0,0.002
17,1,0.3333333333333333,0,0.1680000000000001
17,0,-0.3333333333333333,1,0.014
17,0,-0.3333333333333333,0,0.002
17,1,0.6666666666666666,1,0.086
17,0,-0.3333333333333333,0,0.002
17,0,-0.6666666666666666,0,0.4020000000000001
17,1,0.6666666666666666,1,0.004
17,1,0.3333333333333333,1,0.4219999999999999
17,1,0.6666666666666666,1,0.4419999999999999
17,0,-1.0,0,1.0
17,1,0.6666666666666666,1,1.0
17,0,-0.6666666666666666,0,0.984
17,1,0.3333333333333333,0,0.914
17,0,-0.3333333333333333,0,0.988
17,1,1.0,1,1.0
17,1,0.6666666666666666,1,1.0
17,0,-0.6666666666666666,0,0.1699999999999999
17,0,-0.3333333333333333,1,0.006
17,1,0.6666666666666666,1,0.3420000000000001
17,0,-1.0,0,0.242
17,0,-0.6666666666666666,1,0.8819999999999999
17,0,-1.0,0,0.4639999999999999
17,1,0.6666666666666666,1,0.4679999999999999
17,1,1.0,1,0.986
17,0,-0.3333333333333333,1,0.2219999999999999
17,0,-1.0,0,0.784
17,1,0.6666666666666666,1,1.0
17,1,1.0,1,1.0
17,0,-0.3333333333333333,1,0.8560000000000001
17,0,-0.6666666666666666,0,0.996
17,1,1.0,1,1.0
17,1,0.3333333333333333,0,0.786
17,0,-0.6666666666666666,0,1.0
17,0,-0.6666666666666666,1,0.044
17,1,0.6666666666666666,1,0.99
17,1,1.0,1,1.0
17,1,1.0,1,0.98
17,1,0.3333333333333333,1,0.8839999999999999
17,1,0.3333333333333333,1,0.1339999999999999
17,0,-1.0,0,0.8580000000000001
17,0,-0.6666666666666666,0,0.506
17,1,0.3333333333333333,1,0.726
17,1,1.0,1,1.0
17,1,0.6666666666666666,1,0.968
17,1,0.3333333333333333,1,0.99
17,0,-0.3333333333333333,1,1.0
17,1,0.3333333333333333,1,0.962
17,1,1.0,1,1.0
17,0,-0.3333333333333333,1,0.6040000000000001
17,1,1.0,1,1.0
17,1,1.0,1,0.936
17,1,1.0,1,0.548
17,0,-0.3333333333333333,1,0.908
17,0,-0.6666666666666666,1,0.254
17,0,-0.3333333333333333,1,0.022
17,1,0.3333333333333333,1,0.1319999999999999
17,1,1.0,1,0.952
17,0,-0.6666666666666666,1,0.102
17,1,0.3333333333333333,0,0.016
17,0,-0.6666666666666666,1,0.02
17,1,1.0,0,0.004
17,0,-0.6666666666666666,0,0.012
17,1,0.6666666666666666,1,0.746
17,1,0.6666666666666666,1,0.972
17,1,0.6666666666666666,1,1.0
17,1,0.3333333333333333,1,0.968
17,0,-0.3333333333333333,1,0.1240000000000001
17,0,-0.3333333333333333,1,0.006
17,1,0.6666666666666666,1,1.0
17,0,-0.6666666666666666,0,1.0
17,0,-1.0,1,0.946
17,0,-1.0,1,0.004
17,0,-1.0,0,0.984
17,1,1.0,1,0.992
17,1,0.3333333333333333,1,0.998
17,1,0.6666666666666666,1,1.0
17,1,1.0,1,1.0
17,1,1.0,1,1.0
17,0,-0.3333333333333333,1,0.3420000000000001
17,0,-0.6666666666666666,1,0.052
17,1,0.3333333333333333,0,0.0
17,0,-0.3333333333333333,0,0.972
17,1,0.6666666666666666,1,0.978
17,1,1.0,1,1.0
17,1,0.3333333333333333,1,0.994
17,1,0.6666666666666666,1,1.0
17,1,0.6666666666666666,1,0.974
17,0,-1.0,1,1.0
17,1,0.6666666666666666,1,1.0
17,0,-0.3333333333333333,0,1.0
17,1,0.6666666666666666,1,1.0
17,1,1.0,1,0.982
17,0,-0.6666666666666666,0,0.956
17,0,-1.0,0,0.952
17,0,-0.6666666666666666,0,1.0
17,0,-0.6666666666666666,0,0.996
17,0,-1.0,0,0.974
17,1,1.0,0,0.986
17,0,-1.0,0,0.96
17,0,-0.6666666666666666,0,0.976
17,1,0.3333333333333333,0,0.4220000000000001
17,0,-0.6666666666666666,0,0.96
17,0,-0.3333333333333333,0,0.8540000000000001
17,0,-1.0,0,0.984
17,0,-0.6666666666666666,0,0.4260000000000001
17,1,1.0,0,0.026
17,0,-0.3333333333333333,0,0.558
17,1,0.3333333333333333,1,0.732
17,0,-0.3333333333333333,0,0.918
17,1,0.6666666666666666,1,0.69
17,1,0.6666666666666666,1,0.8819999999999999
17,1,1.0,1,0.8779999999999999
17,0,-0.3333333333333333,1,0.292
17,1,0.6666666666666666,0,0.004
17,1,1.0,1,0.304
17,0,-0.6666666666666666,0,0.072
17,1,1.0,1,0.93
17,1,1.0,1,1.0
17,1,0.3333333333333333,1,0.726
17,1,0.6666666666666666,1,0.4519999999999999
17,1,1.0,1,0.97
17,1,0.6666666666666666,1,1.0
17,1,0.3333333333333333,1,1.0
17,0,-0.3333333333333333,0,0.5640000000000001
17,1,0.6666666666666666,0,0.4559999999999999
17,1,1.0,1,1.0
17,1,0.6666666666666666,1,1.0
17,1,0.3333333333333333,0,0.6379999999999999
17,1,1.0,1,1.0
17,1,1.0,1,0.992
17,1,0.3333333333333333,1,0.966
17,0,-0.6666666666666666,1,0.09
17,1,0.3333333333333333,1,0.3859999999999999
17,1,0.6666666666666666,1,0.4199999999999999
17,0,-1.0,1,0.542
17,1,1.0,1,0.6319999999999999
17,0,-0.3333333333333333,1,0.1060000000000001
17,1,1.0,1,1.0
17,0,-0.6666666666666666,1,0.96
17,1,1.0,1,0.944
17,0,-0.6666666666666666,0,0.994
17,0,-1.0,0,0.992
17,1,0.6666666666666666,1,0.8959999999999999
17,1,0.3333333333333333,1,0.1100000000000001
17,1,0.3333333333333333,1,1.0
17,0,-1.0,0,0.998
17,1,0.3333333333333333,1,0.1879999999999999
17,1,0.6666666666666666,1,0.978
17,0,-1.0,0,1.0
17,0,-0.3333333333333333,1,0.01
17,1,0.6666666666666666,1,0.1259999999999999
17,0,-1.0,0,0.3340000000000001
17,0,-0.3333333333333333,1,0.05
17,1,1.0,1,1.0
17,0,-1.0,0,1.0
17,0,-1.0,0,0.966
17,0,-0.6666666666666666,1,0.484
17,0,-0.6666666666666666,1,0.056
17,0,-0.3333333333333333,0,0.024
17,0,-0.3333333333333333,0,0.1019999999999998
17,1,0.6666666666666666,1,0.258
17,1,0.6666666666666666,1,1.0
17,0,-0.6666666666666666,0,0.978
17,0,-1.0,0,1.0
17,0,-0.6666666666666666,0,0.986
17,0,-1.0,0,0.3199999999999998
17,1,0.3333333333333333,1,0.6359999999999999
17,1,1.0,1,0.784
17,0,-0.3333333333333333,0,0.546
17,1,0.3333333333333333,1,1.0
17,1,0.3333333333333333,1,1.0
17,1,1.0,1,1.0
17,1,0.3333333333333333,1,0.27
17,1,0.3333333333333333,1,0.8899999999999999
17,1,1.0,1,0.8740000000000001
17,0,-0.6666666666666666,0,0.5979999999999999
17,0,-0.3333333333333333,1,0.286
17,0,-0.3333333333333333,0,0.8999999999999999
17,0,-1.0,0,0.8679999999999999
17,0,-1.0,0,1.0
17,1,0.3333333333333333,1,0.2219999999999999
17,1,1.0,1,0.524
17,1,1.0,1,0.996
17,0,-0.6666666666666666,0,0.936
17,1,1.0,1,0.976
17,0,-0.6666666666666666,0,1.0
17,1,0.6666666666666666,1,1.0
17,1,0.3333333333333333,1,0.996
17,0,-1.0,0,1.0
17,1,1.0,1,1.0
17,0,-0.6666666666666666,0,0.96
17,0,-0.3333333333333333,0,0.242
17,1,0.3333333333333333,0,0.3580000000000001
17,0,-0.6666666666666666,0,0.1859999999999999
17,0,-0.3333333333333333,0,1.0
17,1,0.3333333333333333,1,1.0
17,1,1.0,1,0.4179999999999999
17,0,-0.3333333333333333,1,0.4339999999999999
17,0,-0.3333333333333333,1,0.064
17,1,0.3333333333333333,0,0.002
17,0,-0.3333333333333333,0,0.3559999999999998
17,0,-0.6666666666666666,1,0.002
17,1,1.0,1,0.996
17,1,0.6666666666666666,1,0.988
17,1,0.3333333333333333,1,0.756
17,0,-1.0,1,0.76
17,0,-1.0,0,0.968
17,1,0.6666666666666666,1,1.0
17,1,0.3333333333333333,1,0.1739999999999999
17,0,-0.3333333333333333,1,0.3500000000000001
17,0,-1.0,0,0.976
17,0,-0.3333333333333333,0,0.962
17,1,0.6666666666666666,1,0.812
17,1,0.6666666666666666,1,0.968
17,0,-0.6666666666666666,1,0.79
17,1,1.0,0,0.6459999999999999
17,0,-0.3333333333333333,0,0.6459999999999999
17,1,0.6666666666666666,0,0.6560000000000001
17,1,1.0,1,0.906
17,1,1.0,1,0.78
17,0,-0.3333333333333333,1,0.8500000000000001
17,1,0.6666666666666666,1,1.0
17,1,0.3333333333333333,1,0.96
17,0,-1.0,1,0.8400000000000001
17,1,0.3333333333333333,0,0.554
17,0,-1.0,1,0.3540000000000001
17,0,-0.6666666666666666,0,0.79
17,0,-1.0,0,1.0
17,1,1.0,1,1.0
17,1,0.6666666666666666,1,0.96
17,0,-1.0,0,0.954
17,0,-0.3333333333333333,0,0.8679999999999999
17,1,0.6666666666666666,1,1.0
17,0,-0.3333333333333333,0,0.6099999999999999
17,0,-0.6666666666666666,0,0.5760000000000001
17,1,0.6666666666666666,1,1.0
17,1,0.3333333333333333,1,0.962
17,0,-0.6666666666666666,1,0.912
17,0,-0.3333333333333333,0,0.956
17,1,0.6666666666666666,1,0.986
17,1,0.6666666666666666,0,0.4479999999999999
17,1,0.3333333333333333,1,1.0
17,1,1.0,1,1.0
17,0,-1.0,0,0.942
17,0,-0.3333333333333333,1,1.0
17,0,-0.3333333333333333,1,0.8600000000000001
17,0,-1.0,1,0.494
17,1,1.0,1,0.3580000000000001
17,0,-0.6666666666666666,0,0.946
17,0,-0.6666666666666666,0,1.0
17,1,1.0,1,1.0
17,1,0.6666666666666666,1,0.8580000000000001
17,0,-1.0,0,0.934
17,1,0.3333333333333333,1,0.098
17,0,-0.3333333333333333,0,0.934
17,1,0.3333333333333333,1,0.3380000000000001
17,0,-0.6666666666666666,0,0.958
17,1,0.3333333333333333,1,1.0
17,1,1.0,1,0.97
17,1,1.0,1,1.0
17,1,1.0,0,0.044
17,1,1.0,1,1.0
17,1,1.0,1,0.996
17,0,-0.6666666666666666,0,1.0
17,0,-0.3333333333333333,0,0.708
17,1,1.0,1,1.0
17,1,0.3333333333333333,1,1.0
17,0,-0.6666666666666666,0,0.932
17,1,1.0,1,1.0
17,0,-1.0,0,0.28
17,1,0.3333333333333333,1,1.0
17,0,-1.0,0,1.0
17,0,-0.6666666666666666,0,0.93
17,1,1.0,1,1.0
17,1,0.3333333333333333,0,0.976
17,0,-1.0,0,0.944
17,1,1.0,0,0.6339999999999999
17,1,0.6666666666666666,1,1.0
17,0,-1.0,0,0.754
17,1,0.3333333333333333,1,0.994
17,1,0.3333333333333333,1,0.982
17,1,1.0,1,0.994
17,1,0.3333333333333333,1,0.976
17,0,-0.3333333333333333,1,0.766
17,0,-1.0,0,0.8620000000000001
17,1,1.0,1,0.988
17,0,-0.6666666666666666,1,0.308
17,0,-0.6666666666666666,0,0.958
17,0,-0.6666666666666666,0,1.0
17,1,1.0,1,1.0
17,0,-1.0,0,1.0
17,0,-0.6666666666666666,0,1.0
17,1,0.6666666666666666,0,0.29
17,0,-0.6666666666666666,0,1.0
17,1,0.6666666666666666,1,1.0
17,1,0.6666666666666666,0,0.69
17,1,0.6666666666666666,1,0.916
17,0,-0.6666666666666666,0,0.306
17,1,0.3333333333333333,0,0.326
17,1,0.6666666666666666,1,0.3899999999999999
17,1,0.6666666666666666,1,0.8320000000000001
17,1,0.6666666666666666,1,0.998
17,1,1.0,1,0.984
17,0,-1.0,0,1.0
17,0,-1.0,0,0.976
17,0,-1.0,0,1.0
17,0,-1.0,0,1.0
17,1,1.0,1,1.0
17,1,1.0,1,1.0
17,1,0.3333333333333333,1,1.0
17,1,0.3333333333333333,1,0.942
17,0,-1.0,1,0.6559999999999999
17,1,0.6666666666666666,1,0.916
17,0,-0.3333333333333333,1,0.8979999999999999
17,1,0.6666666666666666,1,0.958
17,1,0.6666666666666666,1,1.0
17,1,0.3333333333333333,1,0.99
17,0,-0.6666666666666666,1,0.6799999999999999
17,1,0.6666666666666666,1,0.752
17,0,-0.3333333333333333,0,0.716
17,0,-1.0,0,0.6739999999999999
17,1,1.0,1,0.8420000000000001
17,1,0.3333333333333333,1,0.28
17,1,0.3333333333333333,1,0.082
17,0,-0.6666666666666666,1,0.036
17,1,0.3333333333333333,1,0.966
17,1,0.3333333333333333,1,0.968
17,0,-0.6666666666666666,1,0.798
17,0,-0.3333333333333333,1,0.528
17,0,-0.3333333333333333,0,1.0
17,0,-0.6666666666666666,1,0.982
17,1,0.3333333333333333,1,0.718
17,1,1.0,1,0.958
17,0,-0.6666666666666666,0,0.8380000000000001
17,1,0.3333333333333333,1,0.966
17,0,-0.3333333333333333,1,0.8939999999999999
17,1,0.3333333333333333,1,0.472
17,1,0.3333333333333333,1,0.6679999999999999
17,0,-0.3333333333333333,1,1.0
17,0,-1.0,0,1.0
17,1,0.6666666666666666,1,1.0
17,1,0.6666666666666666,1,0.962
17,1,1.0,1,0.976
17,1,1.0,1,0.924
17,0,-1.0,0,1.0
17,0,-0.3333333333333333,0,1.0
17,0,-0.3333333333333333,0,0.978
17,1,1.0,1,0.8999999999999999
17,0,-0.6666666666666666,0,0.8820000000000001
17,0,-0.6666666666666666,1,0.002
17,0,-0.6666666666666666,0,0.8660000000000001
17,0,-0.3333333333333333,0,0.972
17,0,-0.3333333333333333,0,0.976
17,0,-0.3333333333333333,0,0.91
17,1,1.0,1,0.962
17,0,-0.6666666666666666,0,1.0
17,1,1.0,1,0.8
17,1,0.6666666666666666,1,0.92
17,1,0.6666666666666666,1,1.0
17,1,1.0,1,0.98
17,1,0.6666666666666666,0,0.978
17,1,1.0,1,1.0
17,0,-0.6666666666666666,0,0.974
17,1,0.6666666666666666,0,0.962
17,1,0.6666666666666666,1,1.0
17,0,-0.3333333333333333,0,0.942
17,1,0.6666666666666666,0,0.8940000000000001
17,0,-1.0,0,0.956
17,0,-0.6666666666666666,1,0.798
17,0,-1.0,0,0.8879999999999999
17,0,-0.6666666666666666,0,0.934
17,0,-1.0,0,0.8519999999999999
17,1,0.3333333333333333,0,0.6599999999999999
17,0,-0.3333333333333333,1,0.982
17,1,0.3333333333333333,1,0.6519999999999999
17,1,1.0,1,0.4639999999999999
17,1,1.0,1,1.0
17,0,-0.6666666666666666,0,1.0
17,0,-0.6666666666666666,1,0.5940000000000001
17,0,-0.6666666666666666,1,0.964
17,0,-0.6666666666666666,0,0.94
17,1,0.6666666666666666,1,1.0
17,0,-1.0,0,0.992
17,1,1.0,1,0.97
17,1,0.6666666666666666,1,0.8799999999999999
17,0,-0.3333333333333333,0,0.8940000000000001
17,1,0.3333333333333333,1,0.8939999999999999
17,0,-0.3333333333333333,1,0.962
17,0,-1.0,0,0.99
17,1,1.0,1,1.0
17,0,-0.3333333333333333,0,0.968
17,0,-0.6666666666666666,0,0.8940000000000001
17,0,-0.6666666666666666,1,0.8680000000000001
17,0,-0.6666666666666666,0,0.6599999999999999
17,1,0.3333333333333333,1,1.0
17,0,-0.6666666666666666,0,0.8900000000000001
17,1,0.3333333333333333,1,0.976
17,1,1.0,1,0.974
17,1,0.6666666666666666,1,0.978
17,0,-1.0,1,1.0
17,0,-0.6666666666666666,1,0.8680000000000001
17,0,-0.3333333333333333,1,0.6000000000000001
17,1,0.3333333333333333,1,1.0
17,0,-0.3333333333333333,1,0.8620000000000001
17,1,0.3333333333333333,1,0.776
17,0,-1.0,1,0.542
17,0,-0.6666666666666666,1,0.086
17,1,0.3333333333333333,1,1.0
17,0,-0.6666666666666666,0,0.936
17,0,-1.0,0,1.0
17,0,-0.3333333333333333,0,0.982
17,1,0.3333333333333333,1,1.0
17,1,0.3333333333333333,1,1.0
17,0,-0.3333333333333333,0,0.984
17,0,-0.6666666666666666,0,0.984
17,0,-0.3333333333333333,0,0.99
17,1,0.6666666666666666,1,1.0
17,0,-0.6666666666666666,0,0.948
17,0,-0.3333333333333333,1,0.1879999999999999
17,1,0.6666666666666666,1,0.4119999999999999
17,1,0.3333333333333333,1,0.902
17,1,0.6666666666666666,1,0.988
17,0,-0.3333333333333333,1,0.96
17,0,-0.3333333333333333,0,0.958
17,1,0.3333333333333333,1,0.726
17,1,0.6666666666666666,1,1.0
17,1,0.3333333333333333,0,0.0
17,0,-0.3333333333333333,1,0.708
17,1,0.6666666666666666,1,1.0
17,0,-1.0,0,1.0
17,0,-0.3333333333333333,1,1.0
17,1,0.3333333333333333,1,0.6759999999999999
17,0,-1.0,1,0.994
17,0,-0.6666666666666666,1,0.8220000000000001
17,1,0.3333333333333333,1,0.994
17,1,1.0,1,0.8420000000000001
17,1,0.3333333333333333,1,0.912
17,1,0.6666666666666666,1,0.932
17,0,-0.3333333333333333,1,0.908
17,0,-0.3333333333333333,1,0.968
17,1,1.0,1,0.96
17,1,1.0,1,0.982
17,1,0.6666666666666666,1,0.548
17,0,-1.0,1,1.0
17,1,0.3333333333333333,1,0.1639999999999999
17,0,-1.0,0,0.98
17,0,-1.0,0,1.0
17,0,-0.3333333333333333,0,0.268
17,1,1.0,1,0.938
17,1,0.6666666666666666,1,0.964
17,0,-0.3333333333333333,1,0.6839999999999999
17,0,-1.0,0,1.0
17,0,-0.6666666666666666,1,0.8879999999999999
17,0,-1.0,0,0.9260000000000002
17,1,1.0,1,1.0
17,1,0.3333333333333333,1,1.0
17,0,-0.6666666666666666,1,1.0
17,1,0.6666666666666666,1,0.6120000000000001
17,1,1.0,1,1.0
17,0,-0.3333333333333333,1,0.4019999999999999
17,1,1.0,1,1.0
17,0,-1.0,1,0.1579999999999999
17,1,0.3333333333333333,1,0.916
17,0,-0.6666666666666666,1,0.494
17,1,0.6666666666666666,1,0.1899999999999999
17,0,-0.3333333333333333,0,1.0
17,1,1.0,1,0.1979999999999999
17,1,0.6666666666666666,1,1.0
17,0,-0.6666666666666666,0,0.928
17,0,-0.6666666666666666,0,0.906
17,1,1.0,1,1.0
17,0,-0.6666666666666666,0,0.96
17,1,1.0,1,0.992
17,1,0.6666666666666666,1,1.0
17,0,-1.0,0,0.984
17,0,-1.0,1,0.938
17,1,0.6666666666666666,0,0.932
17,1,0.6666666666666666,1,0.3440000000000001
17,1,0.3333333333333333,1,0.2319999999999999
17,1,0.6666666666666666,1,0.3879999999999999
17,1,1.0,0,1.0
17,0,-0.3333333333333333,1,0.3740000000000001
17,0,-0.6666666666666666,0,0.8900000000000001
17,1,0.6666666666666666,1,0.326
17,1,0.3333333333333333,1,0.3720000000000001
17,0,-1.0,0,0.934
17,0,-0.3333333333333333,1,0.8720000000000001
17,1,0.6666666666666666,0,0.97
17,1,1.0,1,0.988
17,0,-1.0,0,0.97
17,1,0.6666666666666666,1,1.0
17,1,1.0,1,0.956
17,0,-1.0,0,0.964
17,1,1.0,1,0.976
17,0,-0.6666666666666666,0,0.95
17,1,0.3333333333333333,1,0.8959999999999999
17,1,0.3333333333333333,0,0.9260000000000002
17,0,-1.0,0,0.98
17,0,-0.6666666666666666,0,0.924
17,0,-0.3333333333333333,0,0.738
17,1,0.6666666666666666,0,0.6799999999999999
17,0,-0.3333333333333333,1,0.514
17,0,-0.6666666666666666,0,0.798
17,0,-0.6666666666666666,0,0.5700000000000001
17,1,0.6666666666666666,1,1.0
17,0,-0.3333333333333333,1,0.766
17,1,0.6666666666666666,1,1.0
17,0,-0.6666666666666666,0,0.98
17,0,-1.0,1,0.914
17,0,-0.3333333333333333,1,0.08
17,1,1.0,1,0.958
17,0,-0.3333333333333333,0,0.962
17,0,-1.0,1,0.3680000000000001
17,0,-1.0,0,0.936
17,0,-0.3333333333333333,1,0.774
17,0,-0.3333333333333333,0,1.0
17,0,-1.0,0,1.0
17,0,-1.0,0,1.0
17,0,-1.0,0,0.962
17,1,0.6666666666666666,0,0.8460000000000001
17,0,-1.0,0,0.928
17,0,-0.6666666666666666,0,1.0
17,0,-1.0,0,0.996
17,0,-0.3333333333333333,1,0.8260000000000001
17,0,-0.6666666666666666,1,0.1899999999999999
17,0,-0.6666666666666666,0,0.698
17,1,0.3333333333333333,0,0.938
17,0,-0.3333333333333333,0,0.8639999999999999
17,1,1.0,1,0.908
17,1,0.3333333333333333,0,0.916
17,1,0.6666666666666666,1,0.3320000000000001
17,0,-0.3333333333333333,0,0.9220000000000002
17,1,1.0,1,0.8879999999999999
17,0,-0.3333333333333333,1,0.936
17,1,0.6666666666666666,1,0.988
17,1,0.3333333333333333,1,0.936
17,1,0.3333333333333333,1,0.924
17,1,0.3333333333333333,1,0.962
17,1,1.0,1,0.8979999999999999
17,0,-0.3333333333333333,1,0.956
17,1,1.0,1,0.964
17,0,-1.0,0,0.972
17,1,0.6666666666666666,1,0.958
17,1,0.6666666666666666,1,0.95
17,1,0.3333333333333333,1,1.0
17,0,-0.3333333333333333,1,0.966
17,1,0.3333333333333333,1,0.904
17,0,-1.0,0,0.944
17,1,0.6666666666666666,1,0.982
17,0,-1.0,0,0.97
17,1,1.0,1,1.0
17,1,1.0,1,0.992
17,0,-0.3333333333333333,0,0.994
17,0,-1.0,0,0.972
17,0,-0.6666666666666666,0,0.982
17,1,1.0,1,1.0
17,1,0.6666666666666666,1,1.0
17,1,1.0,1,0.974
17,1,1.0,1,0.992
17,1,0.6666666666666666,1,0.952
17,0,-0.6666666666666666,1,0.964
17,0,-0.3333333333333333,1,0.2119999999999999
17,1,0.6666666666666666,1,0.992
17,1,0.6666666666666666,1,0.8480000000000001
17,1,0.6666666666666666,1,0.914
17,1,0.3333333333333333,1,0.976
18,0,-0.6666666666666666,0,0.998
18,1,0.6666666666666666,1,0.998
18,1,0.6666666666666666,1,1.0
18,1,0.3333333333333333,1,1.0
18,1,0.3333333333333333,1,0.2339999999999999
18,0,-0.3333333333333333,0,1.0
18,1,0.3333333333333333,0,0.0
18,0,-0.3333333333333333,1,0.002
18,1,1.0,1,1.0
18,1,0.3333333333333333,1,1.0
18,0,-0.6666666666666666,1,0.002
18,1,1.0,1,1.0
18,1,1.0,1,1.0
18,0,-0.3333333333333333,1,0.238
18,0,-1.0,0,0.996
18,1,1.0,1,1.0
18,1,0.3333333333333333,1,0.986
18,0,-1.0,0,0.992
18,1,1.0,1,1.0
18,0,-0.6666666666666666,1,0.002
18,0,-0.6666666666666666,1,0.002
18,1,0.3333333333333333,1,0.002
18,0,-0.6666666666666666,1,1.0
18,0,-0.3333333333333333,0,0.4340000000000001
18,0,-0.3333333333333333,1,0.54
18,0,-0.6666666666666666,0,0.998
18,1,0.3333333333333333,1,1.0
18,1,0.3333333333333333,1,0.754
18,0,-1.0,0,0.992
18,0,-0.3333333333333333,0,0.744
18,1,0.6666666666666666,1,0.508
18,1,1.0,1,0.8180000000000001
18,0,-0.6666666666666666,1,0.92
18,1,0.6666666666666666,0,0.004
18,0,-0.3333333333333333,1,0.002
18,1,0.3333333333333333,1,0.6259999999999999
18,1,0.6666666666666666,1,0.692
18,0,-1.0,0,0.702
18,1,0.6666666666666666,1,0.1899999999999999
18,1,1.0,1,0.758
18,0,-0.6666666666666666,0,0.928
18,0,-0.6666666666666666,0,0.986
18,0,-0.3333333333333333,0,0.99
18,1,0.3333333333333333,0,0.2239999999999999
18,1,1.0,1,0.262
18,1,1.0,1,1.0
18,0,-0.3333333333333333,0,0.5780000000000001
18,1,0.3333333333333333,1,0.984
18,1,1.0,1,1.0
18,1,0.3333333333333333,0,0.996
18,1,0.3333333333333333,0,0.4619999999999999
18,1,0.6666666666666666,1,0.5640000000000001
18,1,0.6666666666666666,1,0.996
18,1,1.0,1,0.992
18,1,0.3333333333333333,1,0.8480000000000001
18,0,-1.0,0,0.966
18,1,0.3333333333333333,1,0.992
18,0,-1.0,0,0.994
18,0,-0.6666666666666666,0,0.982
18,1,1.0,1,0.004
18,0,-1.0,0,0.998
18,0,-0.6666666666666666,0,0.984
18,0,-1.0,0,0.998
18,1,0.6666666666666666,1,0.002
18,0,-0.3333333333333333,0,0.8140000000000001
18,0,-0.3333333333333333,0,0.5960000000000001
18,1,0.6666666666666666,1,0.002
18,1,1.0,1,0.742
18,1,0.6666666666666666,1,0.724
18,0,-0.6666666666666666,1,0.1120000000000001
18,0,-0.6666666666666666,1,0.08
18,0,-0.3333333333333333,0,0.1760000000000001
18,0,-0.3333333333333333,0,0.0
18,0,-0.3333333333333333,1,0.002
18,1,0.3333333333333333,1,0.6459999999999999
18,0,-1.0,0,0.928
18,1,0.3333333333333333,1,1.0
18,0,-1.0,0,1.0
18,0,-0.6666666666666666,0,0.994
18,1,0.3333333333333333,0,0.0
18,0,-0.6666666666666666,0,0.4119999999999999
18,1,1.0,1,0.746
18,0,-1.0,0,0.99
18,0,-0.6666666666666666,0,0.966
18,1,1.0,1,1.0
18,1,1.0,0,0.966
18,0,-0.3333333333333333,1,0.004
18,0,-1.0,0,0.272
18,0,-0.3333333333333333,0,0.002
18,1,0.3333333333333333,1,0.4219999999999999
18,0,-0.6666666666666666,1,0.002
18,1,0.6666666666666666,0,0.002
18,0,-0.6666666666666666,0,0.8900000000000001
18,0,-0.3333333333333333,1,0.5940000000000001
18,1,0.6666666666666666,1,0.6120000000000001
18,0,-0.6666666666666666,1,0.1659999999999999
18,1,0.3333333333333333,0,0.002
18,0,-0.6666666666666666,0,0.998
18,1,0.6666666666666666,1,0.4059999999999999
18,0,-0.3333333333333333,1,0.992
18,1,0.3333333333333333,1,0.8420000000000001
18,1,1.0,1,0.998
18,1,0.6666666666666666,1,0.998
18,1,0.3333333333333333,1,0.996
18,0,-0.3333333333333333,0,0.786
18,0,-0.6666666666666666,0,0.998
18,0,-0.6666666666666666,1,0.272
18,0,-0.6666666666666666,0,0.744
18,0,-0.3333333333333333,0,0.778
18,1,0.6666666666666666,1,0.8260000000000001
18,1,0.3333333333333333,0,0.0
18,0,-0.6666666666666666,0,0.5700000000000001
18,1,0.3333333333333333,1,0.6759999999999999
18,0,-0.3333333333333333,0,1.0
18,0,-0.3333333333333333,1,1.0
18,1,0.6666666666666666,0,0.48
18,0,-0.6666666666666666,0,0.6599999999999999
18,1,0.3333333333333333,1,0.004
18,0,-0.3333333333333333,0,0.3660000000000001
18,1,0.3333333333333333,1,0.998
18,1,0.3333333333333333,0,0.804
18,0,-0.6666666666666666,0,1.0
18,0,-1.0,0,0.004
18,1,0.6666666666666666,1,0.1979999999999999
18,1,1.0,1,1.0
18,1,1.0,1,1.0
18,0,-1.0,1,1.0
18,1,1.0,1,1.0
18,0,-0.3333333333333333,1,0.254
18,1,0.3333333333333333,1,0.002
18,0,-0.3333333333333333,1,0.012
18,1,0.6666666666666666,1,0.004
18,0,-0.6666666666666666,0,0.4199999999999999
18,1,0.6666666666666666,1,0.006
18,0,-0.3333333333333333,0,0.714
18,1,1.0,0,0.004
18,0,-0.3333333333333333,0,0.998
18,0,-1.0,0,0.99
18,0,-0.6666666666666666,0,0.5939999999999999
18,1,0.6666666666666666,0,0.752
18,0,-0.3333333333333333,0,0.982
18,0,-0.6666666666666666,0,0.99
18,0,-1.0,0,1.0
18,1,1.0,1,1.0
18,1,1.0,1,1.0
18,0,-0.6666666666666666,0,0.992
18,1,0.6666666666666666,1,0.994
18,1,1.0,1,1.0
18,1,0.3333333333333333,0,0.996
18,1,1.0,1,0.006
18,0,-1.0,0,0.98
18,1,0.3333333333333333,1,0.002
18,1,0.3333333333333333,1,0.6040000000000001
18,0,-0.3333333333333333,1,0.1839999999999999
18,0,-1.0,0,0.004
18,1,0.3333333333333333,1,0.002
18,1,0.3333333333333333,1,0.6599999999999999
18,1,0.3333333333333333,1,1.0
18,1,0.3333333333333333,1,0.5900000000000001
18,1,0.6666666666666666,0,0.004
18,1,0.3333333333333333,1,0.004
18,0,-0.3333333333333333,1,0.002
18,1,0.6666666666666666,1,0.502
18,0,-1.0,1,0.6819999999999999
18,0,-0.6666666666666666,1,0.238
18,1,0.6666666666666666,1,0.2119999999999999
18,1,0.3333333333333333,1,0.3620000000000001
18,0,-1.0,0,1.0
18,0,-1.0,0,0.5700000000000001
18,0,-0.6666666666666666,0,0.99
18,0,-0.3333333333333333,0,1.0
18,1,1.0,1,1.0
18,1,0.3333333333333333,0,0.998
18,1,1.0,1,1.0
18,1,0.3333333333333333,0,0.0
18,1,0.6666666666666666,1,0.244
18,0,-0.6666666666666666,1,0.47
18,1,1.0,1,0.996
18,0,-1.0,1,0.002
18,1,0.3333333333333333,1,0.708
18,1,0.3333333333333333,1,0.2119999999999999
18,0,-0.3333333333333333,1,1.0
18,0,-0.3333333333333333,1,0.004
18,0,-0.6666666666666666,1,0.1819999999999999
18,0,-0.6666666666666666,0,0.004
18,0,-0.3333333333333333,1,0.98
18,0,-1.0,0,0.4659999999999999
18,0,-0.3333333333333333,1,0.1699999999999999
18,0,-1.0,0,1.0
18,0,-0.6666666666666666,1,0.002
18,1,1.0,1,1.0
18,1,0.6666666666666666,1,0.1999999999999999
18,0,-0.6666666666666666,0,0.004
18,0,-0.3333333333333333,1,0.324
18,1,1.0,1,0.6699999999999999
18,0,-0.6666666666666666,0,0.774
18,0,-0.3333333333333333,0,0.8599999999999999
18,1,0.6666666666666666,1,0.6599999999999999
18,1,0.3333333333333333,1,0.8340000000000001
18,1,0.6666666666666666,1,0.912
18,0,-0.3333333333333333,1,0.8879999999999999
18,0,-0.3333333333333333,0,0.002
18,0,-1.0,1,0.6799999999999999
18,1,0.6666666666666666,1,1.0
18,0,-0.6666666666666666,1,0.4039999999999999
18,1,0.6666666666666666,1,0.738
18,1,0.6666666666666666,1,1.0
18,1,1.0,1,1.0
18,0,-0.3333333333333333,1,1.0
18,1,1.0,1,1.0
18,1,0.6666666666666666,1,0.986
18,1,1.0,0,0.3639999999999999
18,1,1.0,1,0.544
18,0,-1.0,0,0.994
18,0,-1.0,0,0.4039999999999999
18,1,0.6666666666666666,1,0.6319999999999999
18,1,1.0,1,1.0
18,0,-1.0,0,0.93
18,0,-0.6666666666666666,0,0.4260000000000001
18,1,0.3333333333333333,1,0.702
18,1,0.3333333333333333,1,0.1279999999999999
18,0,-1.0,0,0.8300000000000001
18,1,0.3333333333333333,1,0.522
18,0,-1.0,1,1.0
18,1,1.0,1,0.8919999999999999
18,0,-0.6666666666666666,0,0.248
18,0,-1.0,0,1.0
18,0,-0.6666666666666666,0,0.0
18,1,1.0,1,0.002
18,1,1.0,1,0.736
18,1,1.0,1,1.0
18,1,1.0,1,0.476
18,1,1.0,1,1.0
18,0,-0.3333333333333333,1,0.006
18,0,-1.0,0,0.482
18,1,1.0,1,0.002
18,0,-0.6666666666666666,0,0.996
18,0,-1.0,0,0.5820000000000001
18,0,-0.3333333333333333,1,0.002
18,1,0.3333333333333333,0,0.6819999999999999
18,0,-0.3333333333333333,0,0.758
18,0,-0.6666666666666666,0,0.2299999999999999
18,0,-1.0,0,0.6659999999999999
18,1,1.0,1,0.704
18,0,-0.6666666666666666,0,0.756
18,1,1.0,1,0.518
18,0,-0.6666666666666666,0,0.4439999999999999
18,1,0.6666666666666666,1,0.758
18,0,-1.0,0,0.4220000000000001
18,1,0.6666666666666666,1,0.806
18,1,1.0,0,0.01
18,0,-1.0,1,0.002
18,1,0.6666666666666666,1,1.0
18,1,0.6666666666666666,1,1.0
18,1,0.3333333333333333,1,0.994
18,0,-0.3333333333333333,1,0.986
18,0,-0.3333333333333333,1,0.562
18,0,-0.6666666666666666,0,0.0
18,1,0.6666666666666666,1,0.4479999999999999
18,1,0.3333333333333333,1,0.3380000000000001
18,0,-0.6666666666666666,1,0.4619999999999999
18,0,-0.6666666666666666,1,0.2039999999999999
18,1,0.3333333333333333,1,0.1299999999999999
18,1,1.0,1,0.086
18,0,-1.0,0,0.308
18,0,-0.3333333333333333,0,0.506
18,0,-0.6666666666666666,1,0.556
18,0,-0.3333333333333333,1,0.006
18,0,-0.3333333333333333,0,0.544
18,0,-0.3333333333333333,0,0.5640000000000001
18,1,0.6666666666666666,1,0.552
18,0,-0.3333333333333333,0,0.0
18,0,-0.6666666666666666,0,0.776
18,1,1.0,1,0.798
18,0,-0.3333333333333333,1,0.002
18,0,-0.6666666666666666,1,0.002
18,1,1.0,1,0.002
18,0,-1.0,1,0.002
18,0,-0.3333333333333333,1,0.002
18,1,0.3333333333333333,1,0.3640000000000001
18,0,-0.3333333333333333,1,0.4359999999999999
18,1,0.6666666666666666,1,0.002
18,0,-0.6666666666666666,0,0.4079999999999999
18,0,-0.3333333333333333,1,0.484
18,0,-1.0,0,0.4379999999999999
18,1,0.6666666666666666,1,1.0
18,0,-0.6666666666666666,1,0.33
18,1,0.6666666666666666,1,0.8220000000000001
18,0,-1.0,0,0.732
18,0,-0.6666666666666666,0,0.992
18,1,1.0,0,0.964
18,0,-0.3333333333333333,1,0.02
18,1,1.0,1,0.968
18,1,1.0,1,0.99
18,1,1.0,1,1.0
18,0,-0.3333333333333333,1,0.3819999999999999
18,1,0.6666666666666666,1,0.258
18,1,0.3333333333333333,0,0.092
18,1,1.0,1,0.3320000000000001
18,0,-0.6666666666666666,0,0.004
18,0,-1.0,0,1.0
18,1,0.6666666666666666,1,0.996
18,0,-1.0,0,0.994
18,0,-0.3333333333333333,0,0.244
18,0,-0.6666666666666666,0,0.8599999999999999
18,1,0.6666666666666666,0,0.002
18,1,0.6666666666666666,1,0.522
18,1,0.3333333333333333,0,0.0
18,1,0.6666666666666666,0,0.73
18,1,0.3333333333333333,1,0.6160000000000001
18,1,0.3333333333333333,1,0.936
18,0,-0.6666666666666666,0,0.94
18,0,-0.3333333333333333,0,1.0
18,0,-1.0,0,0.6120000000000001
18,0,-0.6666666666666666,0,0.476
18,1,0.3333333333333333,0,0.308
18,0,-0.3333333333333333,0,0.71
18,0,-1.0,0,1.0
18,0,-0.3333333333333333,0,0.1059999999999998
18,1,0.6666666666666666,0,0.3740000000000001
18,1,0.3333333333333333,1,0.004
18,0,-1.0,0,0.988
18,1,0.3333333333333333,0,0.1680000000000001
18,1,0.3333333333333333,0,0.0859999999999998
18,0,-0.6666666666666666,0,0.966
18,1,1.0,1,1.0
18,0,-0.6666666666666666,1,0.3
18,0,-0.6666666666666666,0,0.6179999999999999
18,1,1.0,1,0.1999999999999999
18,0,-1.0,0,0.2079999999999999
18,1,0.3333333333333333,0,0.0
18,0,-0.3333333333333333,1,1.0
18,0,-1.0,0,0.988
18,1,0.6666666666666666,1,0.6200000000000001
18,0,-1.0,1,0.1939999999999999
18,0,-0.3333333333333333,1,0.474
18,1,1.0,1,0.55
18,0,-0.3333333333333333,0,0.538
18,0,-0.6666666666666666,1,0.6439999999999999
18,1,1.0,1,0.5860000000000001
18,1,1.0,1,0.998
18,0,-0.6666666666666666,0,0.012
18,1,0.3333333333333333,1,0.01
18,1,0.3333333333333333,1,0.014
18,1,0.6666666666666666,1,0.002
18,0,-0.6666666666666666,1,0.53
18,1,1.0,1,1.0
18,1,1.0,1,1.0
18,0,-0.6666666666666666,1,0.3680000000000001
18,1,0.3333333333333333,0,0.002
18,1,1.0,1,0.002
18,1,1.0,1,1.0
18,1,1.0,1,0.3360000000000001
18,1,1.0,1,1.0
18,1,1.0,1,0.704
18,1,1.0,1,0.004
18,0,-0.3333333333333333,1,0.3420000000000001
18,0,-0.3333333333333333,1,0.012
18,0,-0.6666666666666666,1,0.104
18,0,-0.6666666666666666,1,0.004
18,0,-0.6666666666666666,0,0.484
18,0,-0.6666666666666666,0,0.006
18,1,0.6666666666666666,1,0.006
18,1,0.3333333333333333,0,0.002
18,0,-1.0,0,0.992
18,0,-0.3333333333333333,1,0.012
18,1,0.6666666666666666,0,0.4020000000000001
18,1,1.0,1,0.6459999999999999
18,1,1.0,1,1.0
18,1,1.0,1,1.0
18,0,-1.0,0,0.99
18,1,0.6666666666666666,1,0.4359999999999999
18,1,0.3333333333333333,1,0.2299999999999999
18,1,0.6666666666666666,1,0.502
18,0,-0.3333333333333333,0,0.0
18,0,-1.0,1,0.1979999999999999
18,0,-1.0,0,1.0
18,0,-1.0,0,1.0
18,1,0.3333333333333333,0,0.006
18,0,-1.0,0,0.4399999999999999
18,1,0.3333333333333333,1,0.4539999999999999
18,0,-1.0,1,0.006
18,1,0.3333333333333333,1,0.002
18,1,0.6666666666666666,1,0.002
18,1,1.0,1,1.0
18,1,0.6666666666666666,1,0.002
18,1,0.3333333333333333,1,0.002
18,0,-1.0,0,1.0
18,1,0.3333333333333333,1,0.988
18,1,0.3333333333333333,0,0.006
18,0,-0.6666666666666666,0,0.6259999999999999
18,1,0.6666666666666666,1,0.2019999999999999
18,0,-1.0,0,0.992
18,0,-1.0,0,0.95
18,0,-1.0,0,0.986
18,0,-0.6666666666666666,0,0.998
18,0,-0.3333333333333333,0,0.994
18,1,0.6666666666666666,0,0.934
18,0,-1.0,0,1.0
18,1,1.0,0,0.006
18,0,-0.6666666666666666,0,0.976
18,0,-0.6666666666666666,1,0.5860000000000001
18,1,0.6666666666666666,1,0.002
18,1,0.6666666666666666,1,0.002
18,0,-1.0,0,0.6799999999999999
18,1,0.3333333333333333,1,0.522
18,1,0.6666666666666666,1,0.1859999999999999
18,1,1.0,1,0.992
18,1,0.3333333333333333,1,0.008
18,0,-0.6666666666666666,0,0.544
18,0,-1.0,0,0.778
18,1,0.3333333333333333,1,0.998
18,1,0.3333333333333333,0,0.006
18,0,-0.3333333333333333,0,0.308
18,0,-0.3333333333333333,1,0.002
18,0,-0.3333333333333333,1,0.002
18,0,-0.6666666666666666,1,0.4579999999999999
18,0,-1.0,0,1.0
18,1,1.0,1,0.994
18,0,-1.0,0,0.752
18,0,-0.3333333333333333,1,0.014
18,1,1.0,1,0.522
18,0,-0.6666666666666666,0,0.808
18,1,1.0,1,0.776
18,0,-0.6666666666666666,0,0.8479999999999999
18,0,-0.3333333333333333,1,0.544
18,1,0.6666666666666666,0,0.002
18,1,0.6666666666666666,1,0.762
18,0,-0.3333333333333333,0,0.764
18,0,-0.6666666666666666,0,0.4379999999999999
18,0,-0.6666666666666666,0,0.978
18,0,-0.6666666666666666,0,0.478
18,1,0.6666666666666666,1,0.534
18,1,1.0,1,0.002
18,1,0.3333333333333333,1,0.002
18,1,0.3333333333333333,1,0.002
18,0,-0.3333333333333333,1,0.002
18,0,-0.3333333333333333,0,0.982
18,1,0.6666666666666666,1,0.958
18,1,0.3333333333333333,0,0.01
18,0,-1.0,0,0.934
18,1,1.0,1,1.0
18,0,-1.0,0,0.93
18,1,1.0,1,1.0
18,0,-0.6666666666666666,0,0.5960000000000001
18,1,1.0,1,0.712
18,0,-0.3333333333333333,0,1.0
18,0,-0.6666666666666666,0,0.0
18,0,-1.0,0,0.998
18,1,1.0,1,1.0
18,1,1.0,1,0.002
18,0,-1.0,0,1.0
18,0,-0.3333333333333333,1,0.01
18,0,-1.0,0,1.0
18,0,-1.0,0,1.0
18,0,-0.6666666666666666,1,0.004
18,0,-0.3333333333333333,0,0.022
18,0,-1.0,0,0.92
18,0,-1.0,0,0.6259999999999999
18,0,-0.6666666666666666,0,0.002
18,0,-0.6666666666666666,0,1.0
18,0,-0.6666666666666666,0,1.0
18,0,-0.6666666666666666,0,0.4340000000000001
18,1,0.3333333333333333,0,0.2299999999999999
18,1,0.3333333333333333,1,0.006
18,1,0.3333333333333333,1,0.086
18,1,0.6666666666666666,0,0.0
18,0,-1.0,0,0.6419999999999999
18,1,0.3333333333333333,1,0.5700000000000001
18,0,-0.6666666666666666,1,0.002
18,1,0.6666666666666666,1,0.8740000000000001
18,1,1.0,1,1.0
18,1,1.0,1,1.0
18,0,-0.3333333333333333,1,1.0
18,0,-0.6666666666666666,1,0.006
18,1,1.0,1,1.0
18,1,0.3333333333333333,1,1.0
18,0,-0.3333333333333333,1,0.1379999999999999
18,0,-1.0,0,0.016
18,1,0.3333333333333333,1,0.004
18,1,1.0,1,0.002
18,0,-0.6666666666666666,0,1.0
18,1,1.0,1,1.0
18,0,-0.6666666666666666,1,0.272
18,0,-0.3333333333333333,0,0.018
18,0,-0.3333333333333333,1,0.002
18,0,-1.0,0,0.7
18,1,1.0,1,0.916
18,1,0.6666666666666666,1,1.0
18,0,-0.6666666666666666,0,0.972
18,1,0.3333333333333333,1,0.4139999999999999
18,0,-1.0,0,0.692
18,0,-0.6666666666666666,1,0.004
18,0,-0.3333333333333333,1,0.526
18,0,-0.3333333333333333,1,0.006
18,1,1.0,1,0.812
18,0,-0.6666666666666666,1,0.48
18,0,-0.6666666666666666,0,0.304
18,1,0.3333333333333333,1,0.4039999999999999
18,0,-0.3333333333333333,0,0.4499999999999999
18,1,0.6666666666666666,1,0.528
18,0,-0.3333333333333333,1,0.244
18,0,-0.3333333333333333,0,1.0
18,1,1.0,1,1.0
18,1,1.0,1,1.0
18,0,-0.3333333333333333,1,0.4479999999999999
18,0,-0.6666666666666666,0,0.01
18,0,-1.0,0,0.6699999999999999
18,1,0.3333333333333333,1,0.74
18,0,-0.3333333333333333,1,0.068
18,0,-0.3333333333333333,0,0.526
18,1,0.3333333333333333,0,0.81
18,0,-0.3333333333333333,1,0.3839999999999999
18,1,0.3333333333333333,1,0.5920000000000001
18,0,-0.3333333333333333,0,0.296
18,1,0.3333333333333333,1,0.4659999999999999
18,0,-0.3333333333333333,0,1.0
18,0,-0.3333333333333333,0,0.3380000000000001
18,1,0.3333333333333333,1,0.1559999999999999
18,1,0.3333333333333333,0,0.6779999999999999
18,0,-0.6666666666666666,0,0.492
18,0,-0.3333333333333333,0,0.69
18,0,-1.0,0,0.996
18,0,-0.6666666666666666,0,1.0
18,0,-1.0,0,0.96
18,0,-1.0,0,1.0
18,0,-0.6666666666666666,0,0.766
18,0,-0.6666666666666666,0,0.6339999999999999
18,0,-0.3333333333333333,0,0.484
18,1,1.0,1,0.8220000000000001
18,0,-0.3333333333333333,0,0.5900000000000001
18,0,-1.0,0,1.0
18,1,0.6666666666666666,1,1.0
18,0,-1.0,0,0.904
18,1,1.0,1,0.8320000000000001
18,1,0.3333333333333333,1,1.0
18,0,-1.0,0,1.0
18,1,1.0,1,0.978
18,0,-1.0,0,1.0
18,1,0.6666666666666666,1,0.924
18,0,-0.3333333333333333,0,0.006
18,0,-0.3333333333333333,0,0.72
18,1,0.6666666666666666,1,0.8899999999999999
18,1,0.3333333333333333,1,0.2279999999999999
18,0,-0.6666666666666666,0,0.4599999999999999
18,0,-0.6666666666666666,1,0.004
18,0,-0.6666666666666666,1,0.002
18,1,0.6666666666666666,1,0.01
18,1,0.3333333333333333,1,1.0
18,0,-0.3333333333333333,0,1.0
18,0,-1.0,1,0.008
18,1,1.0,1,0.542
18,1,0.6666666666666666,1,0.026
18,1,1.0,1,0.942
18,1,0.3333333333333333,0,0.008
18,1,1.0,1,0.6859999999999999
18,1,0.6666666666666666,1,0.966
18,1,1.0,1,1.0
18,0,-0.3333333333333333,1,0.1899999999999999
18,0,-1.0,1,0.002
18,0,-0.6666666666666666,1,0.004
18,0,-1.0,1,0.002
18,1,1.0,1,0.002
18,1,1.0,1,1.0
18,1,0.3333333333333333,1,0.698
18,0,-0.6666666666666666,0,1.0
18,0,-1.0,0,0.512
18,1,0.3333333333333333,1,0.002
18,1,0.3333333333333333,1,0.558
18,0,-1.0,0,1.0
18,0,-0.6666666666666666,0,0.004
18,0,-0.3333333333333333,0,0.03
18,0,-0.3333333333333333,0,0.0
18,1,0.3333333333333333,1,0.002
18,1,0.3333333333333333,1,0.002
18,0,-0.3333333333333333,1,0.002
18,1,0.6666666666666666,1,0.002
18,0,-0.3333333333333333,1,0.004
18,1,0.3333333333333333,1,0.002
18,1,1.0,1,1.0
18,1,1.0,1,0.3740000000000001
18,1,0.3333333333333333,0,0.2299999999999999
18,1,0.6666666666666666,1,0.002
18,0,-1.0,0,1.0
18,0,-0.6666666666666666,0,0.6379999999999999
18,0,-0.3333333333333333,0,1.0
18,1,1.0,1,1.0
18,0,-0.6666666666666666,0,0.71
18,1,0.3333333333333333,1,0.806
18,1,0.3333333333333333,0,0.8240000000000001
18,0,-0.3333333333333333,0,0.8200000000000001
18,1,1.0,1,0.492
18,0,-0.6666666666666666,1,0.02
18,1,0.6666666666666666,0,0.0
18,1,0.3333333333333333,1,0.002
18,1,1.0,1,0.002
18,0,-1.0,1,0.002
18,1,1.0,1,1.0
18,0,-0.3333333333333333,0,0.004
18,1,0.3333333333333333,1,0.6599999999999999
18,1,0.6666666666666666,1,0.8420000000000001
18,0,-0.3333333333333333,1,0.5
18,0,-0.6666666666666666,0,0.002
18,0,-0.6666666666666666,0,0.8820000000000001
18,1,1.0,1,0.812
18,0,-1.0,1,0.002
18,0,-1.0,0,0.252
18,0,-1.0,0,1.0
18,0,-0.3333333333333333,1,0.006
18,1,0.6666666666666666,0,0.008
18,1,1.0,1,1.0
18,1,0.6666666666666666,1,0.4159999999999999
18,1,0.3333333333333333,1,0.516
18,1,1.0,1,0.79
18,0,-1.0,1,0.002
18,0,-1.0,0,0.526
18,1,1.0,1,0.6060000000000001
18,0,-0.6666666666666666,1,0.002
18,0,-0.6666666666666666,1,0.002
18,1,0.3333333333333333,1,1.0
18,0,-0.3333333333333333,1,0.1739999999999999
18,1,1.0,1,0.8919999999999999
18,0,-0.3333333333333333,1,0.5980000000000001
18,1,0.3333333333333333,0,0.4499999999999999
18,1,0.6666666666666666,1,0.5640000000000001
18,0,-1.0,1,0.046
18,1,0.3333333333333333,0,0.52
18,0,-0.6666666666666666,0,0.51
18,0,-0.6666666666666666,0,1.0
18,1,0.3333333333333333,1,0.2299999999999999
18,1,0.3333333333333333,0,0.3359999999999998
18,1,0.3333333333333333,1,0.496
18,1,0.3333333333333333,1,0.6859999999999999
18,1,0.6666666666666666,1,0.014
18,1,0.3333333333333333,1,0.8420000000000001
18,0,-1.0,0,0.004
18,0,-0.6666666666666666,0,0.008
18,1,0.6666666666666666,1,0.924
18,1,1.0,1,1.0
18,1,1.0,0,0.032
18,1,0.3333333333333333,1,0.98
18,1,0.3333333333333333,1,0.4519999999999999
18,1,1.0,1,0.5800000000000001
18,0,-0.6666666666666666,1,0.258
18,1,0.3333333333333333,1,0.5880000000000001
18,1,0.6666666666666666,1,1.0
18,0,-0.6666666666666666,0,0.4199999999999999
18,0,-0.3333333333333333,0,0.5820000000000001
18,0,-0.3333333333333333,1,1.0
18,0,-0.6666666666666666,0,0.8620000000000001
18,1,0.3333333333333333,1,0.296
18,1,0.6666666666666666,0,0.02
18,1,0.6666666666666666,1,0.766
18,0,-1.0,0,0.8420000000000001
18,0,-1.0,0,0.802
18,0,-0.3333333333333333,0,0.1459999999999999
18,1,1.0,0,0.008
18,0,-0.3333333333333333,1,0.002
18,1,0.6666666666666666,1,1.0
18,1,1.0,1,0.718
18,1,0.6666666666666666,1,0.304
18,0,-1.0,0,0.474
18,0,-1.0,0,0.5660000000000001
18,1,0.6666666666666666,1,0.546
18,1,0.6666666666666666,1,0.804
18,0,-0.6666666666666666,0,0.6659999999999999
18,1,0.6666666666666666,1,0.6000000000000001
18,1,0.3333333333333333,1,0.766
18,0,-0.6666666666666666,1,0.2339999999999999
18,0,-0.6666666666666666,0,0.946
18,0,-0.6666666666666666,0,1.0
18,0,-0.6666666666666666,0,0.4379999999999999
18,1,0.3333333333333333,1,0.782
18,1,1.0,0,0.002
18,0,-1.0,0,0.002
18,1,1.0,1,0.906
18,0,-0.3333333333333333,0,0.974
18,0,-0.6666666666666666,0,1.0
18,0,-0.3333333333333333,0,0.0
18,0,-0.3333333333333333,0,0.01
18,1,0.3333333333333333,1,0.002
18,1,1.0,1,0.002
18,0,-0.3333333333333333,1,0.002
18,0,-0.6666666666666666,1,0.002
18,1,0.3333333333333333,1,0.002
18,1,1.0,1,0.962
18,1,1.0,1,0.6859999999999999
18,1,1.0,1,0.918
18,1,1.0,1,0.3
18,1,0.3333333333333333,1,0.002
18,0,-0.3333333333333333,1,0.002
18,1,1.0,1,1.0
18,1,0.6666666666666666,1,0.002
18,0,-0.6666666666666666,1,0.002
18,0,-0.3333333333333333,0,0.6059999999999999
18,0,-1.0,0,0.984
18,0,-0.3333333333333333,0,0.74
18,0,-0.6666666666666666,0,0.768
18,0,-0.3333333333333333,0,0.036
18,0,-0.6666666666666666,0,1.0
18,1,0.3333333333333333,0,0.1360000000000001
18,1,1.0,1,0.4039999999999999
18,0,-1.0,1,0.056
18,1,1.0,1,0.754
18,0,-0.3333333333333333,0,0.3799999999999999
18,1,0.3333333333333333,0,0.6699999999999999
18,1,0.3333333333333333,0,0.01
18,0,-0.3333333333333333,1,0.002
18,1,0.3333333333333333,1,0.756
18,0,-1.0,0,0.5740000000000001
18,1,0.6666666666666666,1,0.55
18,1,1.0,1,0.3400000000000001
18,1,0.6666666666666666,1,0.3899999999999999
18,0,-1.0,0,0.718
18,0,-0.6666666666666666,0,0.7
18,1,0.3333333333333333,1,0.2119999999999999
18,0,-0.3333333333333333,0,0.728
18,0,-0.6666666666666666,0,0.4619999999999999
18,1,0.6666666666666666,0,0.288
18,0,-0.6666666666666666,1,0.3740000000000001
18,0,-0.3333333333333333,1,0.002
18,0,-0.3333333333333333,0,0.2339999999999999
18,0,-0.3333333333333333,0,0.51
18,0,-0.3333333333333333,0,0.2059999999999999
18,0,-0.6666666666666666,0,0.8300000000000001
18,1,0.3333333333333333,1,0.024
18,0,-0.3333333333333333,1,0.002
18,0,-1.0,0,0.5680000000000001
18,1,0.3333333333333333,1,0.032
18,0,-0.6666666666666666,0,0.5920000000000001
18,0,-1.0,0,0.8519999999999999
18,1,0.3333333333333333,0,0.0
18,1,1.0,1,0.47
18,0,-1.0,0,0.47
18,1,0.6666666666666666,1,0.264
18,0,-0.3333333333333333,1,0.002
18,0,-0.6666666666666666,0,0.48
18,0,-0.6666666666666666,0,0.736
18,1,0.6666666666666666,1,0.028
18,1,0.3333333333333333,0,0.024
18,1,0.3333333333333333,1,0.724
18,1,0.6666666666666666,0,0.6539999999999999
18,0,-0.3333333333333333,1,0.6240000000000001
18,0,-0.6666666666666666,0,0.1299999999999999
18,0,-1.0,0,1.0
18,1,0.6666666666666666,1,1.0
18,1,1.0,1,0.1499999999999999
18,0,-0.6666666666666666,0,0.284
18,0,-1.0,0,0.742
18,1,0.6666666666666666,0,0.01
18,1,1.0,1,0.6619999999999999
18,0,-1.0,0,0.3460000000000001
18,0,-0.3333333333333333,0,0.4319999999999999
18,0,-0.3333333333333333,0,0.8380000000000001
18,0,-0.3333333333333333,0,0.732
18,0,-0.3333333333333333,1,0.002
18,0,-1.0,0,1.0
18,0,-0.3333333333333333,0,1.0
18,1,1.0,0,0.902
18,0,-0.3333333333333333,0,0.5840000000000001
18,1,0.3333333333333333,1,0.6459999999999999
18,0,-0.6666666666666666,1,0.4039999999999999
18,1,0.6666666666666666,0,0.024
18,0,-1.0,0,0.4399999999999999
18,1,0.6666666666666666,1,0.804
18,1,0.3333333333333333,1,1.0
18,0,-0.3333333333333333,1,1.0
18,0,-0.3333333333333333,1,0.02
18,1,0.3333333333333333,1,0.548
18,1,1.0,1,0.8380000000000001
18,0,-1.0,0,1.0
18,1,0.6666666666666666,1,0.014
18,0,-0.6666666666666666,0,0.6099999999999999
18,1,0.6666666666666666,1,0.4219999999999999
18,0,-1.0,0,0.02
18,1,0.3333333333333333,0,0.72
18,0,-1.0,0,0.4359999999999999
18,1,0.6666666666666666,1,0.6459999999999999
18,1,0.3333333333333333,1,0.718
18,1,1.0,1,0.724
18,1,1.0,1,0.802
18,1,1.0,0,0.4679999999999999
18,0,-1.0,1,0.53
18,0,-0.6666666666666666,0,0.3839999999999999
18,0,-0.3333333333333333,1,0.028
18,1,1.0,1,0.8500000000000001
18,1,1.0,1,0.972
18,0,-0.3333333333333333,0,0.3679999999999999
18,1,1.0,1,1.0
18,1,0.6666666666666666,1,0.992
18,1,0.3333333333333333,1,1.0
18,1,0.6666666666666666,1,0.6200000000000001
18,1,0.6666666666666666,1,1.0
18,1,0.6666666666666666,1,0.474
18,0,-0.6666666666666666,1,0.8300000000000001
18,0,-1.0,0,1.0
18,0,-0.6666666666666666,0,1.0
18,1,0.6666666666666666,0,0.322
18,1,0.3333333333333333,1,0.504
18,1,0.3333333333333333,1,0.034
19,1,0.3333333333333333,1,0.8220000000000001
19,1,1.0,1,0.1259999999999999
19,0,-0.6666666666666666,0,0.728
19,0,-1.0,0,0.1919999999999999
19,1,0.6666666666666666,1,0.6839999999999999
19,0,-0.6666666666666666,0,0.934
19,0,-0.3333333333333333,1,0.1799999999999999
19,1,0.6666666666666666,1,0.6020000000000001
19,0,-0.6666666666666666,0,0.1560000000000001
19,0,-0.3333333333333333,1,0.81
19,0,-0.3333333333333333,0,0.3900000000000001
19,1,0.3333333333333333,1,0.5940000000000001
19,0,-0.3333333333333333,1,0.1359999999999999
19,1,0.3333333333333333,1,0.3440000000000001
19,1,0.6666666666666666,1,0.2059999999999999
19,1,0.3333333333333333,1,0.028
19,1,0.3333333333333333,1,0.2139999999999999
19,0,-0.6666666666666666,0,0.1979999999999999
19,1,1.0,1,0.6619999999999999
19,0,-0.3333333333333333,1,0.8360000000000001
19,1,0.3333333333333333,1,0.8160000000000001
19,1,1.0,0,0.298
19,1,0.3333333333333333,1,0.4099999999999999
19,1,1.0,1,0.3
19,1,0.6666666666666666,1,0.5800000000000001
19,1,0.3333333333333333,1,0.1899999999999999
19,0,-1.0,0,0.1939999999999999
19,0,-0.6666666666666666,0,0.304
19,1,0.6666666666666666,1,0.5660000000000001
19,1,0.3333333333333333,1,0.1579999999999999
19,1,1.0,1,0.3340000000000001
19,1,0.6666666666666666,1,0.5660000000000001
19,0,-0.6666666666666666,1,0.7
19,0,-0.3333333333333333,1,0.3959999999999999
19,0,-0.3333333333333333,1,0.1579999999999999
19,0,-0.6666666666666666,0,0.556
19,1,1.0,1,0.3999999999999999
19,0,-1.0,0,0.0939999999999998
19,1,1.0,1,0.4159999999999999
19,1,0.6666666666666666,0,0.002
19,1,0.3333333333333333,1,0.2179999999999999
19,1,1.0,1,0.3680000000000001
19,1,0.6666666666666666,1,0.4159999999999999
19,1,0.6666666666666666,1,0.1839999999999999
19,1,1.0,1,0.1879999999999999
19,1,1.0,1,0.328
19,1,0.3333333333333333,1,0.1779999999999999
19,0,-0.3333333333333333,0,0.1280000000000001
19,0,-0.6666666666666666,0,0.1840000000000001
19,1,0.3333333333333333,1,0.1359999999999999
19,1,0.6666666666666666,1,0.4059999999999999
19,0,-1.0,0,0.1200000000000001
19,0,-0.6666666666666666,1,0.1180000000000001
19,0,-0.3333333333333333,1,0.3
19,1,0.6666666666666666,1,0.322
19,0,-1.0,0,0.286
19,1,0.6666666666666666,1,0.1699999999999999
19,1,1.0,1,0.2259999999999999
19,1,1.0,1,0.304
19,0,-0.6666666666666666,0,0.058
19,1,0.6666666666666666,1,0.1299999999999999
19,0,-0.3333333333333333,0,0.2179999999999999
19,1,0.3333333333333333,1,0.4559999999999999
19,0,-0.3333333333333333,1,0.3360000000000001
19,0,-0.3333333333333333,1,0.3
19,0,-0.3333333333333333,1,0.3380000000000001
19,0,-0.3333333333333333,0,0.1840000000000001
19,1,0.6666666666666666,0,0.046
19,1,0.3333333333333333,1,0.03
19,0,-0.3333333333333333,0,0.084
19,1,1.0,0,0.1440000000000001
19,1,0.6666666666666666,1,0.1120000000000001
19,0,-0.3333333333333333,1,0.1519999999999999
19,0,-1.0,0,0.2039999999999999
19,0,-0.6666666666666666,1,0.1939999999999999
19,0,-0.3333333333333333,0,0.304
19,1,1.0,1,0.488
19,0,-1.0,0,0.3
19,1,0.6666666666666666,0,0.0819999999999998
19,0,-1.0,1,0.322
19,1,1.0,1,0.712
19,0,-0.6666666666666666,0,0.002
19,1,0.6666666666666666,1,0.3839999999999999
19,0,-0.6666666666666666,1,0.1999999999999999
19,1,0.6666666666666666,1,0.512
19,1,0.3333333333333333,1,0.3560000000000001
19,1,0.3333333333333333,0,0.1139999999999998
19,0,-0.6666666666666666,1,0.1819999999999999
19,1,0.3333333333333333,1,0.2139999999999999
19,1,0.3333333333333333,1,0.238
19,1,0.3333333333333333,1,0.3440000000000001
19,0,-0.6666666666666666,1,0.002
19,0,-0.3333333333333333,1,0.1419999999999999
19,1,1.0,1,0.4299999999999999
19,1,1.0,1,0.6299999999999999
19,1,1.0,1,0.8660000000000001
19,1,1.0,1,0.906
19,0,-0.3333333333333333,1,0.2099999999999999
19,1,0.6666666666666666,1,0.76
19,0,-0.6666666666666666,1,0.73
19,0,-1.0,1,0.058
19,1,0.3333333333333333,1,0.076
19,1,1.0,1,0.274
19,1,0.3333333333333333,1,0.306
19,1,1.0,1,0.1459999999999999
19,0,-0.3333333333333333,1,0.1319999999999999
19,1,1.0,1,0.3700000000000001
19,1,1.0,1,0.4659999999999999
19,0,-1.0,0,0.0859999999999998
19,1,0.3333333333333333,1,0.3720000000000001
19,1,0.3333333333333333,1,0.4439999999999999
19,0,-0.6666666666666666,1,0.09
19,1,0.6666666666666666,0,0.1240000000000001
19,1,0.3333333333333333,1,0.4259999999999999
19,0,-1.0,0,0.1
19,1,1.0,1,0.5720000000000001
19,0,-0.3333333333333333,1,0.1899999999999999
19,0,-0.3333333333333333,0,0.6059999999999999
19,0,-0.3333333333333333,0,0.2059999999999999
19,1,0.6666666666666666,1,0.4479999999999999
19,1,1.0,1,0.4019999999999999
19,0,-0.6666666666666666,0,0.546
19,0,-0.6666666666666666,1,0.1439999999999999
19,0,-0.6666666666666666,1,0.3779999999999999
19,1,0.3333333333333333,0,0.258
19,0,-1.0,0,0.6080000000000001
19,0,-0.3333333333333333,0,0.0939999999999998
19,0,-1.0,0,0.2199999999999999
19,0,-0.6666666666666666,0,0.2139999999999999
19,0,-1.0,0,0.3940000000000001
19,0,-1.0,0,0.6619999999999999
19,0,-1.0,0,0.69
19,0,-0.3333333333333333,1,0.1999999999999999
19,1,0.3333333333333333,1,0.1259999999999999
19,0,-0.3333333333333333,1,0.088
19,0,-1.0,0,0.5820000000000001
19,0,-0.3333333333333333,0,0.0859999999999998
19,1,1.0,1,0.3979999999999999
19,0,-0.6666666666666666,0,0.4039999999999999
19,0,-0.3333333333333333,1,0.1919999999999999
19,1,0.6666666666666666,1,0.3859999999999999
19,0,-0.6666666666666666,1,0.1599999999999999
19,1,0.6666666666666666,1,0.5740000000000001
19,1,0.6666666666666666,1,0.6160000000000001
19,1,0.6666666666666666,0,0.24
19,0,-1.0,0,0.1999999999999999
19,1,0.3333333333333333,1,0.1100000000000001
19,1,0.6666666666666666,1,0.494
19,1,0.3333333333333333,1,0.3600000000000001
19,1,1.0,1,0.4019999999999999
19,1,0.3333333333333333,1,0.2139999999999999
19,0,-0.3333333333333333,0,0.5920000000000001
19,1,0.3333333333333333,0,0.2019999999999999
19,1,0.6666666666666666,1,0.6060000000000001
19,0,-1.0,0,0.8540000000000001
19,0,-0.3333333333333333,0,0.902
19,0,-0.6666666666666666,1,0.1100000000000001
19,0,-1.0,0,0.1840000000000001
19,0,-1.0,0,0.762
19,0,-0.3333333333333333,1,0.4599999999999999
19,0,-0.6666666666666666,0,0.8620000000000001
19,0,-0.3333333333333333,0,0.0659999999999998
19,0,-0.3333333333333333,0,0.2019999999999999
19,1,0.6666666666666666,0,0.1600000000000001
19,1,0.6666666666666666,1,0.1459999999999999
19,1,0.3333333333333333,1,0.1339999999999999
19,1,0.6666666666666666,0,0.088
19,0,-0.6666666666666666,0,0.092
19,0,-0.6666666666666666,0,0.1019999999999998
19,0,-1.0,1,0.1919999999999999
19,0,-1.0,0,0.3860000000000001
19,1,0.3333333333333333,1,0.1539999999999999
19,1,1.0,1,0.3360000000000001
19,0,-0.3333333333333333,1,0.4419999999999999
19,1,1.0,1,0.6559999999999999
19,1,0.6666666666666666,0,0.1459999999999999
19,0,-0.6666666666666666,0,0.288
19,0,-0.3333333333333333,0,0.298
19,1,0.3333333333333333,1,0.4079999999999999
19,0,-0.3333333333333333,1,0.27
19,1,1.0,1,0.688
19,0,-0.3333333333333333,0,0.4300000000000001
19,1,1.0,1,0.5700000000000001
19,1,0.3333333333333333,1,0.2259999999999999
19,0,-1.0,1,0.1259999999999999
19,1,1.0,1,0.54
19,1,0.6666666666666666,1,0.2319999999999999
19,1,0.6666666666666666,1,0.5920000000000001
19,0,-0.3333333333333333,0,0.2019999999999999
19,0,-0.6666666666666666,0,0.802
19,0,-0.6666666666666666,1,0.1299999999999999
19,1,0.6666666666666666,1,0.79
19,0,-0.3333333333333333,0,0.0979999999999998
19,0,-0.6666666666666666,0,0.6560000000000001
19,0,-0.6666666666666666,1,0.1579999999999999
19,0,-0.6666666666666666,0,0.808
19,0,-0.6666666666666666,0,0.6219999999999999
19,1,0.3333333333333333,0,0.3839999999999999
19,1,0.6666666666666666,0,0.1739999999999999
19,0,-0.6666666666666666,0,0.3340000000000001
19,0,-1.0,0,0.766
19,0,-0.3333333333333333,1,0.1619999999999999
19,0,-1.0,0,0.4399999999999999
19,1,0.3333333333333333,1,0.774
19,0,-0.6666666666666666,0,0.808
19,1,1.0,1,0.792
19,0,-1.0,0,0.264
19,1,1.0,1,0.808
19,0,-0.6666666666666666,1,0.1419999999999999
19,1,0.3333333333333333,1,0.6659999999999999
19,0,-0.3333333333333333,1,0.2059999999999999
19,0,-1.0,1,0.068
19,0,-1.0,1,0.1120000000000001
19,0,-0.6666666666666666,0,0.0939999999999998
19,1,1.0,1,0.524
19,1,0.6666666666666666,1,0.494
19,0,-0.6666666666666666,1,0.3
19,0,-0.6666666666666666,1,0.1060000000000001
19,1,0.3333333333333333,1,0.808
19,1,1.0,1,0.6120000000000001
19,1,0.6666666666666666,1,0.708
19,1,0.6666666666666666,1,0.6040000000000001
19,1,1.0,1,0.964
19,1,0.3333333333333333,1,0.906
19,1,0.6666666666666666,1,0.92
19,0,-1.0,0,0.472
19,0,-0.3333333333333333,1,0.1439999999999999
19,0,-0.3333333333333333,0,0.3719999999999999
19,1,0.6666666666666666,1,0.56
19,0,-1.0,1,0.002
19,1,0.6666666666666666,1,0.3979999999999999
19,0,-0.6666666666666666,0,0.3879999999999999
19,0,-0.3333333333333333,1,0.4079999999999999
19,1,0.3333333333333333,1,0.6479999999999999
19,1,0.3333333333333333,1,0.6559999999999999
19,1,0.3333333333333333,0,0.2239999999999999
19,1,0.6666666666666666,1,0.3360000000000001
19,0,-0.6666666666666666,0,0.55
19,0,-0.3333333333333333,1,0.4599999999999999
19,0,-0.3333333333333333,1,0.086
19,0,-0.3333333333333333,1,0.1
19,0,-1.0,0,0.946
19,1,0.3333333333333333,1,0.5700000000000001
19,1,0.3333333333333333,1,0.3819999999999999
19,0,-0.6666666666666666,0,0.068
19,1,0.6666666666666666,1,0.4039999999999999
19,1,0.6666666666666666,0,0.1899999999999999
19,1,0.3333333333333333,0,0.1939999999999999
19,1,0.6666666666666666,1,0.542
19,0,-1.0,0,0.5780000000000001
19,0,-1.0,0,0.794
19,1,0.3333333333333333,1,0.716
19,1,0.3333333333333333,1,0.3979999999999999
19,0,-0.3333333333333333,0,0.1999999999999999
19,1,0.3333333333333333,1,0.54
19,1,1.0,1,0.6100000000000001
19,0,-1.0,0,0.4039999999999999
19,0,-0.3333333333333333,1,0.1619999999999999
19,1,1.0,1,0.6200000000000001
19,0,-0.6666666666666666,0,0.476
19,1,1.0,1,0.5940000000000001
19,0,-0.6666666666666666,0,0.1419999999999999
19,1,0.3333333333333333,1,0.1559999999999999
19,1,0.6666666666666666,1,0.2139999999999999
19,1,0.6666666666666666,0,0.4559999999999999
19,0,-0.6666666666666666,1,0.2079999999999999
19,1,0.3333333333333333,0,0.6679999999999999
19,1,1.0,1,0.5800000000000001
19,1,0.3333333333333333,1,0.904
19,1,1.0,1,0.8740000000000001
19,1,0.3333333333333333,1,0.8740000000000001
19,1,0.6666666666666666,0,0.1259999999999999
19,0,-1.0,0,0.736
19,0,-0.6666666666666666,1,0.328
19,1,0.6666666666666666,1,0.5900000000000001
19,1,1.0,1,0.8680000000000001
19,1,0.6666666666666666,1,0.724
19,1,1.0,1,0.926
19,1,0.3333333333333333,1,0.94
19,1,0.3333333333333333,1,0.1200000000000001
19,1,1.0,1,0.91
19,0,-1.0,0,0.1219999999999998
19,0,-0.6666666666666666,1,0.322
19,0,-1.0,0,0.8540000000000001
19,0,-1.0,1,0.1339999999999999
19,0,-0.3333333333333333,0,0.1400000000000001
19,0,-1.0,0,0.1919999999999999
19,0,-1.0,0,0.6599999999999999
19,0,-1.0,0,0.78
19,1,1.0,1,0.8779999999999999
19,1,1.0,1,0.922
19,1,0.6666666666666666,1,0.4419999999999999
19,1,0.3333333333333333,1,0.1979999999999999
19,0,-0.6666666666666666,0,0.4399999999999999
19,0,-1.0,1,0.08
19,0,-0.3333333333333333,0,0.6240000000000001
19,1,0.6666666666666666,1,0.282
19,0,-0.3333333333333333,1,0.2319999999999999
19,1,0.3333333333333333,1,0.6120000000000001
19,1,0.3333333333333333,1,0.074
19,1,0.6666666666666666,1,0.738
19,0,-0.3333333333333333,0,0.26
19,0,-1.0,0,0.744
19,1,1.0,1,0.704
19,1,0.3333333333333333,1,0.6519999999999999
19,0,-1.0,0,0.286
19,0,-0.3333333333333333,0,0.6160000000000001
19,0,-1.0,0,0.794
19,0,-0.3333333333333333,1,0.066
19,1,0.6666666666666666,1,0.076
19,1,0.3333333333333333,1,0.1319999999999999
19,0,-0.3333333333333333,1,0.236
19,0,-1.0,0,0.3719999999999999
19,0,-1.0,0,0.732
19,1,1.0,1,0.4499999999999999
19,1,0.3333333333333333,1,0.07
19,1,0.6666666666666666,0,0.1099999999999998
19,1,0.3333333333333333,1,0.002
19,1,1.0,1,0.742
19,1,0.6666666666666666,1,0.796
19,0,-1.0,0,0.4319999999999999
19,1,1.0,1,0.1120000000000001
19,1,1.0,1,0.6639999999999999
19,0,-0.6666666666666666,0,0.0899999999999998
19,0,-0.6666666666666666,1,0.8700000000000001
19,0,-0.6666666666666666,1,0.8280000000000001
19,0,-0.6666666666666666,0,0.004
19,1,0.3333333333333333,0,0.044
19,1,0.6666666666666666,1,0.012
19,1,0.3333333333333333,1,0.002
19,1,0.6666666666666666,1,0.53
19,0,-1.0,0,0.1299999999999999
19,1,1.0,1,0.79
19,0,-0.3333333333333333,0,0.1779999999999999
19,0,-1.0,0,0.2059999999999999
19,0,-0.3333333333333333,1,0.1899999999999999
19,1,1.0,1,0.8540000000000001
19,1,0.6666666666666666,1,0.982
19,1,0.6666666666666666,1,0.6479999999999999
19,0,-0.3333333333333333,1,0.012
19,1,0.6666666666666666,1,0.3859999999999999
19,1,0.6666666666666666,0,0.0899999999999998
19,1,0.6666666666666666,1,0.6080000000000001
19,1,1.0,1,0.6799999999999999
19,1,1.0,0,0.1280000000000001
19,0,-0.6666666666666666,0,0.796
19,1,1.0,1,0.4139999999999999
19,0,-0.6666666666666666,0,0.4060000000000001
19,0,-0.3333333333333333,1,0.4019999999999999
19,0,-0.6666666666666666,0,0.8240000000000001
19,0,-1.0,0,0.2159999999999999
19,0,-0.3333333333333333,0,0.1959999999999999
19,0,-0.3333333333333333,0,0.1859999999999999
19,1,1.0,1,0.6859999999999999
19,1,0.6666666666666666,1,0.762
19,0,-0.3333333333333333,1,0.002
19,0,-1.0,0,0.3540000000000001
19,0,-1.0,0,0.8700000000000001
19,1,1.0,1,0.1799999999999999
19,0,-0.3333333333333333,0,0.1760000000000001
19,0,-0.6666666666666666,1,0.2079999999999999
19,1,0.3333333333333333,0,0.5
19,1,1.0,1,0.69
19,0,-1.0,0,0.8660000000000001
19,1,0.3333333333333333,1,0.1100000000000001
19,1,0.3333333333333333,1,0.1
19,0,-1.0,0,0.4359999999999999
19,0,-1.0,0,0.8639999999999999
19,1,0.6666666666666666,1,0.1519999999999999
19,1,1.0,1,0.6140000000000001
19,0,-1.0,0,0.1840000000000001
19,1,0.3333333333333333,0,0.1219999999999998
19,0,-0.6666666666666666,0,0.0739999999999998
19,1,1.0,1,0.6299999999999999
19,1,0.6666666666666666,1,0.07
19,1,0.3333333333333333,1,0.06
19,1,1.0,1,0.104
19,1,0.3333333333333333,0,0.0739999999999998
19,1,0.3333333333333333,0,0.1800000000000001
19,0,-0.6666666666666666,0,0.0819999999999998
19,0,-0.6666666666666666,1,0.1939999999999999
19,0,-0.6666666666666666,1,0.2119999999999999
19,0,-0.3333333333333333,1,0.002
19,1,1.0,1,0.498
19,1,0.6666666666666666,1,0.6200000000000001
19,1,0.6666666666666666,1,0.8380000000000001
19,1,0.6666666666666666,0,0.1320000000000001
19,0,-0.3333333333333333,0,0.3919999999999999
19,1,0.6666666666666666,1,0.2039999999999999
19,1,1.0,1,0.8580000000000001
19,1,0.3333333333333333,1,0.2319999999999999
19,1,1.0,1,0.954
19,1,1.0,1,0.968
19,0,-1.0,0,0.058
19,0,-1.0,0,0.962
19,1,0.6666666666666666,1,0.1979999999999999
19,1,0.6666666666666666,1,0.1899999999999999
19,0,-0.6666666666666666,0,0.956
19,0,-0.3333333333333333,1,0.2039999999999999
19,1,0.6666666666666666,1,0.97
19,0,-0.3333333333333333,1,0.1579999999999999
19,0,-0.6666666666666666,1,0.06
19,1,1.0,1,0.964
19,0,-0.3333333333333333,1,0.2039999999999999
19,0,-0.6666666666666666,1,0.6279999999999999
19,1,0.3333333333333333,1,0.3879999999999999
19,1,1.0,1,0.916
19,1,1.0,1,0.4419999999999999
19,0,-0.6666666666666666,0,0.6099999999999999
19,0,-1.0,1,0.074
19,1,0.3333333333333333,1,0.3340000000000001
19,0,-1.0,0,0.1360000000000001
19,0,-0.6666666666666666,1,0.1299999999999999
19,1,0.3333333333333333,1,0.5800000000000001
19,0,-0.6666666666666666,0,0.8900000000000001
19,0,-1.0,0,0.5740000000000001
19,0,-0.6666666666666666,1,0.06
19,0,-0.6666666666666666,0,0.3159999999999998
19,1,0.3333333333333333,1,0.4559999999999999
19,1,0.6666666666666666,1,0.3979999999999999
19,0,-0.6666666666666666,0,0.1840000000000001
19,1,1.0,1,0.8380000000000001
19,1,0.6666666666666666,0,0.016
19,1,0.6666666666666666,1,0.6279999999999999
19,0,-0.3333333333333333,0,0.1739999999999999
19,1,1.0,1,0.8560000000000001
19,0,-0.6666666666666666,0,0.8580000000000001
19,1,0.3333333333333333,1,0.036
19,0,-1.0,0,0.8620000000000001
19,0,-0.6666666666666666,0,0.1299999999999999
19,1,0.3333333333333333,0,0.3740000000000001
19,0,-0.6666666666666666,1,0.1060000000000001
19,0,-0.6666666666666666,0,0.264
19,1,0.6666666666666666,0,0.022
19,1,0.3333333333333333,1,0.812
19,1,1.0,1,0.2079999999999999
19,0,-0.3333333333333333,0,0.1619999999999999
19,1,0.6666666666666666,1,0.8959999999999999
19,1,0.6666666666666666,0,0.2159999999999999
19,0,-1.0,0,0.73
19,0,-0.6666666666666666,0,0.732
19,0,-1.0,0,0.8200000000000001
19,1,0.3333333333333333,1,0.27
19,1,0.6666666666666666,1,0.1939999999999999
19,1,0.3333333333333333,1,0.5880000000000001
19,0,-1.0,0,0.1659999999999999
19,0,-1.0,0,0.778
19,1,0.6666666666666666,1,0.1240000000000001
19,1,1.0,1,0.1200000000000001
19,0,-1.0,0,0.8140000000000001
19,0,-1.0,0,0.988
19,0,-0.6666666666666666,0,0.6099999999999999
19,0,-0.3333333333333333,0,0.1800000000000001
19,1,1.0,1,0.8340000000000001
19,0,-1.0,0,0.5820000000000001
19,1,0.6666666666666666,1,0.262
19,0,-1.0,0,0.308
19,0,-0.3333333333333333,0,0.3759999999999999
19,1,0.6666666666666666,1,0.258
19,0,-1.0,0,0.1800000000000001
19,1,1.0,1,0.2339999999999999
19,1,0.6666666666666666,0,0.264
19,1,0.6666666666666666,1,0.28
19,0,-1.0,0,0.5780000000000001
19,0,-1.0,0,0.288
19,0,-0.6666666666666666,0,0.1259999999999999
19,1,0.3333333333333333,1,0.094
19,1,0.3333333333333333,1,0.2339999999999999
19,1,1.0,1,0.55
19,0,-0.6666666666666666,0,0.8
19,1,0.6666666666666666,1,0.276
19,1,0.3333333333333333,1,0.498
19,0,-0.3333333333333333,0,0.1699999999999999
19,0,-0.6666666666666666,0,0.4619999999999999
19,0,-0.3333333333333333,1,0.1819999999999999
19,0,-0.6666666666666666,1,0.004
19,0,-0.6666666666666666,0,0.1179999999999998
19,1,0.3333333333333333,1,0.2159999999999999
19,1,1.0,1,0.3440000000000001
19,0,-1.0,0,0.3679999999999999
19,0,-0.3333333333333333,1,0.1919999999999999
19,0,-1.0,0,0.1939999999999999
19,0,-0.6666666666666666,1,0.1319999999999999
19,0,-0.3333333333333333,0,0.1160000000000001
19,1,0.3333333333333333,1,0.6539999999999999
19,0,-0.6666666666666666,0,0.1080000000000001
19,1,1.0,1,0.3560000000000001
19,0,-0.6666666666666666,0,0.2059999999999999
19,1,1.0,1,0.6080000000000001
19,0,-0.3333333333333333,0,0.28
19,1,1.0,1,0.796
19,1,0.6666666666666666,1,0.09
19,0,-0.6666666666666666,1,0.1379999999999999
19,1,0.3333333333333333,1,0.092
19,0,-1.0,0,0.4279999999999999
19,0,-0.6666666666666666,0,0.3959999999999999
19,1,1.0,1,0.5680000000000001
19,0,-1.0,0,0.762
19,0,-0.6666666666666666,1,0.916
19,0,-1.0,0,0.778
19,0,-1.0,0,0.2319999999999999
19,0,-0.3333333333333333,0,0.3279999999999998
19,0,-0.6666666666666666,0,0.3799999999999999
19,0,-1.0,0,0.306
19,0,-1.0,1,0.1120000000000001
19,1,0.6666666666666666,1,0.4059999999999999
19,1,0.3333333333333333,1,0.47
19,1,0.3333333333333333,1,0.3979999999999999
19,1,0.6666666666666666,0,0.1800000000000001
19,1,1.0,1,0.812
19,1,0.6666666666666666,1,0.4599999999999999
19,0,-0.3333333333333333,0,0.1720000000000001
19,0,-1.0,0,0.1339999999999999
19,1,0.3333333333333333,0,0.2299999999999999
19,1,1.0,1,0.936
19,0,-1.0,0,0.6320000000000001
19,0,-1.0,0,0.732
19,1,0.6666666666666666,1,0.6399999999999999
19,0,-1.0,0,0.724
19,1,0.3333333333333333,0,0.1219999999999998
19,0,-0.6666666666666666,0,0.4220000000000001
19,0,-1.0,0,0.1
19,0,-0.6666666666666666,0,0.5960000000000001
19,1,0.6666666666666666,1,0.3480000000000001
19,0,-1.0,0,0.796
19,0,-0.6666666666666666,0,0.258
19,0,-1.0,0,0.96
19,0,-0.3333333333333333,0,0.024
19,1,1.0,1,0.77
19,0,-1.0,0,0.1280000000000001
19,1,0.6666666666666666,1,0.6439999999999999
19,1,1.0,1,0.2019999999999999
19,1,0.6666666666666666,1,0.2119999999999999
19,1,0.6666666666666666,1,0.5800000000000001
19,0,-0.3333333333333333,1,0.072
19,0,-1.0,0,0.3500000000000001
19,0,-1.0,0,0.2019999999999999
19,1,0.3333333333333333,1,0.1539999999999999
19,1,0.3333333333333333,1,0.286
19,0,-1.0,0,0.288
19,1,0.6666666666666666,1,0.6499999999999999
19,1,0.6666666666666666,1,0.3500000000000001
19,1,0.3333333333333333,0,0.1019999999999998
19,0,-0.6666666666666666,0,0.282
19,0,-1.0,0,0.51
19,1,1.0,1,0.772
19,0,-1.0,1,0.296
19,0,-0.6666666666666666,0,0.96
19,1,0.6666666666666666,1,0.924
19,0,-0.6666666666666666,1,0.096
19,1,0.3333333333333333,1,0.6100000000000001
19,1,0.6666666666666666,1,0.2139999999999999
19,1,0.3333333333333333,0,0.1459999999999999
19,0,-0.3333333333333333,0,0.6759999999999999
19,1,0.6666666666666666,1,0.1060000000000001
19,0,-1.0,0,0.6320000000000001
19,1,0.3333333333333333,1,0.328
19,0,-0.6666666666666666,0,0.028
19,0,-1.0,0,0.0779999999999998
19,0,-1.0,1,0.09
19,1,0.3333333333333333,0,0.1640000000000001
19,0,-0.6666666666666666,0,0.4419999999999999
19,0,-0.3333333333333333,1,0.476
19,1,0.6666666666666666,0,0.032
19,1,0.3333333333333333,1,0.088
19,0,-0.3333333333333333,1,0.044
19,1,0.6666666666666666,1,0.3580000000000001
19,1,1.0,1,0.6519999999999999
19,1,0.6666666666666666,1,0.536
19,1,0.6666666666666666,1,0.104
19,1,0.3333333333333333,0,0.1520000000000001
19,0,-1.0,1,0.1319999999999999
19,1,0.3333333333333333,1,0.1979999999999999
19,0,-0.3333333333333333,1,0.1959999999999999
19,0,-1.0,0,0.8719999999999999
19,1,0.6666666666666666,0,0.0
19,1,1.0,1,0.2019999999999999
19,0,-0.3333333333333333,0,0.0819999999999998
19,0,-0.6666666666666666,1,0.2039999999999999
19,0,-0.3333333333333333,1,0.002
19,1,1.0,1,0.8420000000000001
19,0,-0.3333333333333333,0,0.1939999999999999
19,0,-0.3333333333333333,0,0.1259999999999999
19,0,-0.3333333333333333,0,0.4020000000000001
19,1,0.3333333333333333,0,0.1080000000000001
19,0,-1.0,0,0.4559999999999999
19,1,0.6666666666666666,1,0.2099999999999999
19,0,-0.3333333333333333,1,0.1659999999999999
19,1,1.0,1,0.786
19,0,-1.0,0,0.804
19,1,1.0,1,0.286
19,0,-1.0,0,0.8719999999999999
19,1,0.3333333333333333,1,0.8540000000000001
19,0,-0.6666666666666666,0,0.8180000000000001
19,1,1.0,1,0.064
19,0,-0.6666666666666666,0,0.1320000000000001
19,1,0.3333333333333333,1,0.1419999999999999
19,0,-0.6666666666666666,0,0.5880000000000001
19,1,0.3333333333333333,1,0.056
19,0,-0.6666666666666666,0,0.076
19,1,0.6666666666666666,1,0.1939999999999999
19,1,1.0,1,0.1160000000000001
19,0,-0.6666666666666666,0,0.5960000000000001
19,0,-0.3333333333333333,1,0.1100000000000001
19,1,0.3333333333333333,1,0.1619999999999999
19,0,-0.3333333333333333,0,0.1999999999999999
19,0,-0.6666666666666666,1,0.06
19,1,0.6666666666666666,1,0.806
19,0,-1.0,0,0.3999999999999999
19,0,-0.3333333333333333,1,0.2119999999999999
19,1,0.6666666666666666,1,0.694
19,1,0.3333333333333333,1,0.002
19,1,1.0,1,0.3660000000000001
19,0,-1.0,0,0.514
19,0,-0.3333333333333333,0,0.076
19,1,0.6666666666666666,1,0.286
19,0,-0.3333333333333333,0,0.1819999999999999
19,0,-0.3333333333333333,0,0.292
19,1,1.0,1,0.3740000000000001
19,0,-0.6666666666666666,1,0.324
19,1,1.0,1,0.732
19,0,-0.3333333333333333,0,0.004
19,0,-1.0,0,0.484
19,0,-1.0,0,0.296
19,1,0.6666666666666666,0,0.1899999999999999
19,0,-0.3333333333333333,1,0.1979999999999999
19,1,0.6666666666666666,1,0.8320000000000001
19,0,-0.6666666666666666,0,0.1179999999999998
19,0,-0.3333333333333333,0,0.0699999999999998
19,1,0.3333333333333333,1,0.312
19,0,-1.0,0,0.8
19,1,0.3333333333333333,1,0.038
19,1,0.6666666666666666,0,0.1400000000000001
19,1,0.6666666666666666,1,0.236
19,0,-1.0,1,0.098
19,0,-0.3333333333333333,1,0.1919999999999999
19,1,1.0,1,0.3779999999999999
19,1,1.0,1,0.976
19,1,0.3333333333333333,1,0.484
19,0,-1.0,0,0.1339999999999999
19,0,-0.3333333333333333,0,0.1
19,0,-0.6666666666666666,0,0.1480000000000001
19,1,0.6666666666666666,1,0.3320000000000001
19,1,0.3333333333333333,1,0.1060000000000001
19,1,1.0,1,0.6639999999999999
19,0,-0.6666666666666666,0,0.088
19,0,-0.3333333333333333,1,0.1519999999999999
19,0,-0.6666666666666666,1,0.298
19,0,-0.3333333333333333,0,0.1080000000000001
19,1,1.0,1,0.93
19,0,-0.6666666666666666,1,0.1359999999999999
19,0,-0.3333333333333333,1,0.2059999999999999
19,0,-1.0,0,0.0819999999999998
19,0,-1.0,0,0.8820000000000001
19,1,0.3333333333333333,1,0.072
19,1,0.3333333333333333,0,0.1019999999999998
19,1,1.0,1,0.1959999999999999
19,1,1.0,1,0.1
19,1,1.0,1,0.064
19,0,-1.0,0,0.0979999999999998
19,0,-1.0,0,0.734
19,1,0.6666666666666666,0,0.1219999999999998
19,1,0.3333333333333333,1,0.1339999999999999
19,0,-0.6666666666666666,0,0.1819999999999999
19,1,0.3333333333333333,1,0.08
19,1,0.6666666666666666,1,0.094
19,0,-0.6666666666666666,0,0.95
19,1,0.3333333333333333,1,0.1080000000000001
19,1,0.6666666666666666,0,0.1280000000000001
19,0,-0.6666666666666666,0,0.746
19,0,-0.3333333333333333,1,0.1060000000000001
19,1,0.6666666666666666,1,0.8400000000000001
19,1,1.0,1,0.946
19,1,0.6666666666666666,0,0.1139999999999998
19,1,0.6666666666666666,1,0.4219999999999999
19,1,1.0,1,0.906
19,1,1.0,1,0.946
19,0,-0.3333333333333333,0,0.04
19,1,0.6666666666666666,1,0.082
19,0,-0.6666666666666666,0,0.084
19,0,-0.3333333333333333,1,0.068
19,1,1.0,1,0.4659999999999999
19,1,1.0,1,0.786
19,1,0.6666666666666666,0,0.076
19,0,-0.3333333333333333,1,0.078
19,1,0.6666666666666666,1,0.1100000000000001
19,1,1.0,1,0.4159999999999999
19,1,1.0,1,0.808
19,1,0.6666666666666666,1,0.064
19,1,1.0,0,0.1219999999999998
19,1,0.6666666666666666,1,0.26
19,0,-0.6666666666666666,1,0.1060000000000001
19,0,-0.3333333333333333,0,0.6120000000000001
19,1,0.3333333333333333,0,0.0699999999999998
19,0,-0.6666666666666666,0,0.272
19,0,-1.0,0,0.514
19,1,0.6666666666666666,1,0.906
19,1,0.6666666666666666,0,0.8919999999999999
19,1,0.6666666666666666,1,0.952
19,0,-0.6666666666666666,1,0.1
19,1,0.3333333333333333,1,0.1259999999999999
19,1,0.3333333333333333,1,0.94
19,1,0.6666666666666666,1,0.542
19,0,-1.0,0,0.906
19,0,-0.6666666666666666,0,0.1019999999999998
19,0,-0.3333333333333333,0,0.1160000000000001
19,0,-0.3333333333333333,1,0.1100000000000001
19,1,0.6666666666666666,1,0.8440000000000001
19,0,-0.3333333333333333,0,0.3879999999999999
19,1,1.0,1,0.4399999999999999
19,1,0.6666666666666666,1,0.8700000000000001
19,0,-0.6666666666666666,0,0.1520000000000001
19,0,-0.6666666666666666,0,0.2219999999999999
19,1,0.3333333333333333,1,0.3420000000000001
19,0,-0.3333333333333333,0,0.478
19,0,-0.6666666666666666,1,0.068
19,1,0.6666666666666666,1,0.3380000000000001
19,0,-1.0,0,0.8700000000000001
19,0,-1.0,0,0.792
19,1,1.0,1,0.908
19,1,0.6666666666666666,0,0.0819999999999998
19,1,0.3333333333333333,0,0.096
19,1,0.6666666666666666,1,0.1100000000000001
19,0,-0.6666666666666666,0,0.6120000000000001
19,0,-1.0,0,0.1560000000000001
19,0,-1.0,1,0.074
19,1,0.6666666666666666,1,0.26
19,0,-0.3333333333333333,0,0.31
19,1,0.6666666666666666,1,0.1299999999999999
19,0,-1.0,0,0.0859999999999998
19,1,0.3333333333333333,1,0.3799999999999999
19,0,-0.6666666666666666,1,0.1839999999999999
19,1,0.3333333333333333,1,0.09
19,1,0.3333333333333333,1,0.268
19,0,-0.6666666666666666,1,0.1799999999999999
19,0,-0.6666666666666666,0,0.8439999999999999
19,1,0.3333333333333333,1,0.1060000000000001
19,1,0.6666666666666666,1,0.8340000000000001
19,0,-0.6666666666666666,0,0.048
19,1,0.6666666666666666,1,0.1799999999999999
19,1,0.3333333333333333,0,0.096
19,1,0.6666666666666666,1,0.284
19,1,0.3333333333333333,0,0.06
19,0,-0.3333333333333333,0,0.8839999999999999
19,0,-0.3333333333333333,1,0.002
19,1,1.0,0,0.1080000000000001
19,1,0.6666666666666666,1,0.1060000000000001
19,1,0.6666666666666666,0,0.0939999999999998
19,0,-0.6666666666666666,0,0.1699999999999999
19,0,-0.3333333333333333,0,0.262
19,0,-0.3333333333333333,1,0.074
19,0,-0.3333333333333333,0,0.072
19,0,-1.0,0,0.0779999999999998
19,1,1.0,1,0.938
19,0,-1.0,0,0.092
19,1,0.6666666666666666,0,0.1019999999999998
19,1,0.3333333333333333,0,0.1579999999999999
19,1,0.6666666666666666,1,0.318
19,0,-0.3333333333333333,0,0.1459999999999999
19,1,0.3333333333333333,0,0.1600000000000001
19,1,0.3333333333333333,0,0.1579999999999999
19,0,-0.3333333333333333,0,0.4020000000000001
19,0,-0.6666666666666666,0,0.8860000000000001
19,1,0.3333333333333333,1,0.092
19,1,0.3333333333333333,1,0.104
19,1,1.0,1,0.4099999999999999
19,1,0.3333333333333333,1,0.2259999999999999
19,0,-1.0,0,0.5700000000000001
19,0,-0.6666666666666666,0,0.1139999999999998
19,1,0.6666666666666666,0,0.1379999999999999
19,0,-0.6666666666666666,0,0.498
19,0,-0.3333333333333333,0,0.1019999999999998
19,0,-0.3333333333333333,0,0.056
19,0,-0.6666666666666666,0,0.06
19,0,-1.0,0,0.8740000000000001
19,0,-1.0,0,0.8940000000000001
19,0,-0.3333333333333333,0,0.9260000000000002
19,1,0.6666666666666666,1,0.072
19,0,-1.0,0,0.8759999999999999
19,0,-1.0,0,0.8799999999999999
19,1,0.6666666666666666,1,0.6619999999999999
19,1,0.6666666666666666,0,0.8999999999999999
19,1,0.6666666666666666,0,0.1339999999999999
19,0,-0.6666666666666666,0,0.8639999999999999
19,0,-1.0,0,0.8879999999999999
19,1,1.0,1,0.904
19,1,0.3333333333333333,0,0.0899999999999998
19,0,-1.0,0,0.1120000000000001
19,1,0.3333333333333333,0,0.238
19,0,-1.0,0,0.072
19,1,0.6666666666666666,1,0.734
19,0,-0.3333333333333333,0,0.0899999999999998
19,1,0.3333333333333333,1,0.078
19,1,1.0,1,0.8
19,1,0.6666666666666666,0,0.0899999999999998
19,0,-0.6666666666666666,0,0.3580000000000001
19,0,-0.3333333333333333,0,0.0859999999999998
19,1,0.3333333333333333,1,0.3320000000000001
19,0,-0.3333333333333333,0,0.1200000000000001
19,1,0.3333333333333333,0,0.092
